amount,transactions_last_24h,country_risk,hour,account_age_days,is_fraud
166.77933623598994,2,0.34139682870202276,20,387,0
3396.4221332641696,2,0.16604242633000285,21,2917,0
3578.5925538703204,3,0.45934898852441297,18,1686,0
682.4117301583173,4,0.37740616730732324,20,115,0
1846.9223357535968,2,0.19113225554179586,7,2894,0
2392.299559024271,11,0.5016917322704386,15,412,1
1396.756993091661,2,0.03891022705388085,12,31,0
348.1873081403198,2,0.20767530167167644,22,2901,0
2043.6498353943173,2,0.4226487529081125,0,3473,0
212.47296776939885,1,0.4410669197793072,23,2629,0
175.92712339554708,5,0.1632545767724904,8,2231,0
970.7526353192126,3,0.19859751717753119,17,56,0
887.8090804548812,1,0.25267911388877556,9,2764,0
1439.86081342079,3,0.1647551303023899,2,2392,0
572.7747367074865,6,0.07578045337696447,20,398,0
7227.812176163445,2,0.2423268191825038,1,141,0
1287.6897359125953,0,0.10225260637291798,2,1987,0
1384.20573628682,2,0.16051152457404422,18,3005,0
1335.7308542569742,5,0.14188067450103667,20,345,0
2989.644816762253,6,0.11957500384350651,13,22,0
1950.8440703350118,3,0.11810091417397056,4,1111,0
1706.189669388988,2,0.07000526565001411,13,262,0
6927.4895253502045,9,0.7856809781079379,12,575,1
176.86475827099864,2,0.1275175589680244,13,1619,0
183.67214532841402,6,0.2929534605811558,2,608,0
1016.3176782398318,2,0.13838811914079507,1,289,0
899.9382207148835,3,0.1666549469219694,12,2798,0
1958.2565558420085,1,0.12593010786394138,2,2732,0
1118.8055278430145,3,0.36709464539886216,23,2181,0
1962.2850881836523,0,0.3331673370971707,5,2723,0
315.5776378392679,3,0.1346113888708574,20,2030,0
2483.7761617283904,4,0.7393980721234298,14,267,1
286.8453619582217,3,0.21965424340065468,10,352,0
1614.6248769966146,3,0.14434234282910605,13,1749,0
167.62258890518007,6,0.03312259032070069,1,77,0
1553.5689298702207,4,0.10408640290992385,0,891,0
252.39633730777916,4,0.4648948649000156,9,3125,0
747.3041070539824,3,0.23197380598016634,9,2239,0
2683.6355197219855,3,0.25592410809084604,8,516,0
1376.6110384960325,1,0.0638406833955774,3,385,0
211.5242768956486,3,0.4143717302591747,4,2761,0
559.8148786878672,3,0.11798765479884624,8,3249,0
244.35485059284264,1,0.31213565164973023,19,2137,0
201.38963221709196,5,0.32038381019434975,11,2250,0
1233.56443992615,5,0.2654096683241179,9,1480,0
1920.4183723690153,4,0.03179199970307626,10,3612,0
1703.7822654203187,5,0.247596000829041,6,3235,0
2003.451685786472,3,0.4440740183810261,19,474,0
1083.6488052546122,4,0.2152495046993403,18,3342,0
834.3139590754104,2,0.08092646488564008,1,223,0
375.001742616777,4,0.033050927660708725,6,599,0
706.2154269346312,2,0.4195121991722696,5,754,0
292.5546874022521,8,0.2751788757704755,22,68,0
470.9888745728863,4,0.191169437296079,11,3532,0
1198.620834742447,8,0.2648481143412824,8,2130,0
974.7625593412239,3,0.07017928596740948,17,2422,0
23499.34994641036,5,0.15971208744663162,8,2251,0
285.4892578074911,3,0.5081630180192603,21,80,0
967.6798307113264,5,0.3119194797756977,6,2019,0
264.0841728274211,2,0.1890193961279992,11,3213,0
744.128789508251,4,0.10975042844727795,0,864,0
775.0339368549053,3,0.12988663316147386,22,2167,0
2552.631396367859,0,0.26110621330387734,16,1602,0
699.4773832058816,3,0.25340474245041017,14,688,0
905.674889419756,5,0.19228843700891685,14,1205,0
713.14305435101,2,0.2489158371074846,20,1428,0
270.1421375749971,2,0.10527544687038799,13,3584,0
571.2903808037925,4,0.2387310792364528,8,2648,0
748.4940726942589,3,0.18094101753611824,17,548,0
1180.6564583500442,2,0.02047061663816915,7,2171,0
1917.8255308924972,1,0.21299568611882938,19,3218,0
867.3160908179949,3,0.33212579842676476,18,625,0
852.2021262014642,4,0.4916809188406201,5,1279,0
196.21026042596554,3,0.2323481824804427,13,172,0
1881.330498075373,1,0.0688987624014627,8,1701,0
546.8103936732712,8,0.09816079854752939,13,912,0
2314.9034010228256,5,0.17730105654372744,1,1393,0
4090.5714080745424,3,0.1957055167202642,18,2432,0
908.7635808788367,2,0.10495840091191988,22,1032,0
394.1331195981482,2,0.20293075138017402,15,847,0
1078.472952728783,1,0.25936205005961804,13,1311,0
1554.1778920406832,2,0.2253413008544232,5,1020,0
799.8946238089792,1,0.14537621550256052,19,2806,0
623.8822138028352,0,0.09055780392117334,3,2891,0
1926.6388028350877,4,0.1582552457819774,12,764,0
1803.6691299712127,7,0.1503382052341598,0,3577,0
775.6569592890644,4,0.04008779349110449,19,2236,0
209.7536684320501,2,0.17962116664366434,17,306,0
1730.8678089295804,3,0.1810348688344338,14,651,0
509.1144309751113,4,0.04856086736287803,13,2930,0
1358.7780407246182,4,0.4781059831092964,0,2615,0
1275.581244408309,0,0.1748456269944441,8,1967,0
165.8448268152173,4,0.21750645881009084,9,1750,0
1189.2542207736933,3,0.5837571994774353,2,1759,0
1834.509689082481,2,0.327860411974525,8,568,0
2073.829993972671,4,0.3197356605185428,4,873,0
1233.1976015323125,2,0.3469551051097427,12,2746,0
151.83796857489523,3,0.0590956971070939,15,3648,0
3932.698310177235,3,0.17182090963323596,11,1394,0
5672.726971535217,6,0.678634542450239,3,274,1
329.2050044793579,3,0.20637575036126515,4,2603,0
498.8158351740304,6,0.06921310904853033,13,3602,0
1381.9132199889684,1,0.5635764196124179,5,1086,0
3016.7143386032685,5,0.48757114306074795,10,529,1
673.1964194846796,5,0.24183586735889026,17,1875,0
2503.7012284241414,4,0.1411138242711876,16,3079,0
182.58816840346478,4,0.20335616309154897,7,1905,0
386.6581575702075,2,0.16215242054751894,19,1246,0
139.16161981431762,5,0.16586285337733148,17,10,0
447.0162096388813,8,0.12977450920649497,21,1656,0
4954.62708973314,7,0.17918284506453458,11,2493,0
8585.2615138471,3,0.09856810312995942,22,3054,0
1386.5729362199183,2,0.24494185102293142,15,1458,0
579.1553753205873,0,0.18520115598536283,11,3333,0
878.6266813849643,5,0.16660033422494966,8,2981,0
1760.4766774693362,4,0.15146726337139174,16,1192,0
229.7562922781599,4,0.17365170590446352,16,2777,0
618.6259593314487,3,0.3871656009813204,15,1495,0
4604.977554183381,2,0.4604334944392014,9,2186,0
385.403150538932,5,0.16338573305497492,12,230,0
518.5181857051241,5,0.20595534592708878,15,3276,0
1111.197627080833,1,0.33174447413868563,14,2649,0
1455.5545769155601,3,0.08179470015806942,17,2518,0
586.9830558863729,3,0.1879763641860129,18,2736,0
1184.3677693903883,2,0.42282017773631125,23,196,0
2014.1237851722244,8,0.027026022109937865,20,2691,0
7796.668638081626,5,0.1962172131337775,3,669,0
966.5718348020364,4,0.09638709032960535,5,401,0
1052.267548528793,3,0.14420569016109355,0,41,0
5051.559800575332,3,0.2287763847067093,1,90,0
633.2302763555107,3,0.09561289187238997,0,3614,0
291.6769829673654,4,0.1614915735793648,5,2623,0
1408.4554756842083,3,0.08142088249721088,4,1707,0
3216.9050929798623,7,0.11262905181544729,19,674,0
1573.483350405022,3,0.09055034720507607,15,2254,0
995.2404263106558,5,0.1903280861999267,13,1980,0
826.2665357517287,2,0.8435617750098003,4,117,1
1034.4557838763262,1,0.17158195868514745,15,1519,0
3763.6892028321727,6,0.028299631375235453,23,219,0
319.2207655563543,3,0.20183582541144543,18,1725,0
858.5567880982497,3,0.20533915932545713,1,492,0
744.3529130332496,5,0.2539234671644679,4,2538,0
545.8233722502487,0,0.49447101983384534,0,2839,0
1405.1832559154898,1,0.1053362698328339,16,3267,0
1708.3875326355003,1,0.06355203995448643,23,892,0
1690.5799332019233,2,0.2243003570517187,3,2134,0
412.8937254098657,1,0.16374815771040524,22,1124,0
211.45586607394358,1,0.02072402601603006,13,2690,0
1425.6575666253573,3,0.12654922854344955,12,3334,0
661.2162608075477,3,0.16737396240030863,3,3590,0
6893.349461908439,5,0.1627774525827323,0,3481,0
7219.274167491412,1,0.21401048772184444,5,1465,0
8027.99265020729,3,0.42847866421776937,12,2414,0
428.32793221429927,3,0.11111517922756711,14,2545,0
1937.9172381039136,0,0.3404454555645454,2,3084,0
2620.060052388628,5,0.18548797813285467,22,2131,0
2341.0486138359806,0,0.22296120119431015,4,254,0
769.3931258171349,2,0.01839801958085631,9,211,0
3940.9019718800296,2,0.0415383842062892,9,1078,0
1097.1541679542047,4,0.2383826284745731,15,688,0
1246.5139882663702,4,0.20879546645075386,20,1048,0
235.6073264364545,1,0.16436525186028475,20,1689,0
2089.677380346443,2,0.25296946234146445,21,1752,0
845.2126786746369,0,0.1283528671175985,7,1458,0
1745.469516078204,5,0.377224142643844,12,3154,0
1387.298624795077,2,0.08355833058924071,20,219,0
1314.1384734875237,5,0.11466843202199402,15,1350,0
1047.6307107391267,7,0.08843585762850921,16,2994,0
2408.1154139478067,3,0.4531211294682495,11,3223,0
2544.518053597952,2,0.2946211142348935,5,392,1
255.90405281796077,2,0.3218281311954755,2,2319,0
1937.1161130070036,2,0.2876794994431421,11,1090,0
488.3314983292042,3,0.13626136175122988,17,3389,0
291.7035822275642,2,0.16528264857493014,19,1917,0
394.554257568762,3,0.0632616779247939,21,1243,0
1455.831333044193,2,0.04110989539678211,11,98,0
995.7350388127095,4,0.19452482166979576,22,2679,0
412.53962000359866,7,0.8426518413563879,16,799,1
747.2083462950455,4,0.4486255032262532,19,3017,0
3530.628660890146,2,0.04054735576707362,6,2613,0
698.3387701438111,6,0.19078699765092758,4,2230,0
929.3853434046376,5,0.07165738164153972,6,1401,0
3111.908359263169,7,0.13367302247462165,4,146,0
2429.617844197121,4,0.18561899773116497,18,2182,0
3046.5073663336807,3,0.21493800985120254,15,802,0
68.5419790182491,6,0.09431462683010094,10,1748,0
6207.559102260004,3,0.23964748329929175,5,1184,0
2072.2711017386187,2,0.20929942685352015,16,2242,0
12854.849524417781,3,0.16238460274558467,11,3356,0
501.5352876960373,3,0.09875837033923078,23,2657,0
188.02019821091724,3,0.11142528338926683,7,1369,0
1104.5777969436353,2,0.15533782855195902,23,77,0
832.6618940227156,2,0.14897351823465257,12,1494,0
2108.3564380254666,4,0.16308267208897723,11,2787,0
3212.8971389632406,4,0.18553290782966325,18,3589,0
1004.9628504870907,1,0.10186751684178766,13,3178,0
862.0316217773225,1,0.20842780649356504,0,893,0
1849.5910128858466,2,0.16122059966204957,7,2697,0
848.6707774976664,3,0.16792190723241474,2,159,0
780.5649084136264,1,0.10494472119055306,14,1384,0
3093.736735136886,4,0.10496198300869149,15,2969,0
14116.827027362862,4,0.7874313394101112,20,987,1
3242.06659644574,7,0.3829279854040324,19,564,0
926.8301165923357,4,0.07736091360622067,3,3363,0
129.05143066683732,2,0.08821007917546793,11,812,0
945.575667146029,1,0.42873235238792873,1,1378,0
513.8955256590764,4,0.13211621158462214,12,420,0
963.213394771189,4,0.266406079320635,10,2286,0
560.544765991273,2,0.1421955873727968,13,1511,0
1074.1233768920245,1,0.29189295691133643,12,3252,0
387.8909993979271,5,0.14831720298187714,23,1949,0
304.686251420439,2,0.1916411474883825,0,629,0
3724.5133670852524,5,0.1777390298248919,16,2648,0
415.85738902053987,2,0.46425508598675613,8,580,0
1096.9968899887006,6,0.3576404336236394,19,1023,0
2848.4060799016643,1,0.16306537831616905,3,70,0
2736.141858402262,1,0.0790205869495553,23,2226,0
2428.0608288048775,5,0.5062261544273883,23,3549,0
1484.5493163511142,4,0.034317831709402044,21,635,0
2261.9969505111494,2,0.24707020911152167,14,2428,0
4328.98391850558,2,0.14834885680337215,16,2526,0
1677.437472603704,5,0.16680843880183716,15,3130,0
174.65238956594098,1,0.0931397426441058,14,28,0
1952.01002766006,4,0.44877469695005756,0,672,1
2200.346378491376,2,0.2137349985600846,5,2559,0
585.7564367851179,2,0.2817938486621754,1,2737,0
5541.9745846442365,6,0.36399395385597516,5,2934,0
1029.4913989399429,2,0.12267346123659688,8,2725,0
1194.2202863421267,4,0.5373515872028961,20,3301,0
3377.0039798514445,1,0.2860073152939541,3,391,0
913.3782631104702,4,0.1397443941337031,7,2783,0
1308.0294351852426,2,0.24185518422763125,2,451,0
5508.546823598104,9,0.5106242371721772,7,928,1
251.57203856380613,0,0.20573885890199883,7,708,0
824.4379138704592,5,0.43089134706447546,15,3612,0
2512.8008723304397,1,0.057480329871157435,22,416,0
1170.9845250385038,3,0.1365372891915159,22,1814,0
4756.8159820835435,2,0.34517553499789794,22,596,0
226.80183027419633,1,0.08361675083719322,3,3269,0
202.34987064416,2,0.10161404349899458,13,2968,0
2367.7289283417235,3,0.15118386287279068,9,1744,0
2606.613673832388,2,0.056681957411936996,11,1814,0
903.9282548766381,2,0.35805975160457254,11,466,0
1636.6297895864811,5,0.10156438959424119,8,629,0
2310.471690358803,3,0.2036890833226031,14,195,0
485.9650919941428,2,0.03938793561167193,23,3346,0
540.8552186188973,3,0.2187315603104054,9,509,0
1325.7401406743984,1,0.08493709679574152,5,1679,0
2708.3339870272844,2,0.4913270383773535,5,2639,0
341.7375598558958,4,0.11641495432926349,7,3395,0
899.6918970161137,5,0.31531238770849934,16,1624,0
858.9952293946588,4,0.11525867710633961,15,522,0
1665.6306592846138,3,0.28337144024429767,5,913,0
1087.1356039572802,5,0.2006823198023745,17,83,0
635.3121266742683,0,0.05071049611603251,3,541,0
3822.140101636137,1,0.09937869690164317,0,3158,0
639.5357473609831,3,0.08238639700605495,4,1036,0
818.8522273427236,1,0.11796825607653785,5,1100,0
223.2969196500577,4,0.16005532773057798,21,1840,0
537.2019653524932,7,0.21587358250014774,3,1979,0
1837.343534812628,6,0.2956289462412404,16,3168,0
1511.1133203072072,3,0.4047700833875139,2,1341,0
1997.230979686855,6,0.2005844536548764,18,3379,0
1902.610721510955,7,0.015382820159914212,18,3461,0
8845.941420804395,5,0.1555464113764505,6,1493,0
519.123167804586,4,0.35737036938533256,15,199,0
217.14737197635097,3,0.07048821861427253,11,1628,0
383.5411836381412,0,0.1557350956304709,16,1264,0
542.5868496751417,3,0.1313833951935405,18,337,0
413.9201427798123,4,0.21998934414965546,5,2000,0
1204.3085305428442,3,0.2746893876879002,11,2289,0
3837.8013080045116,4,0.2339408323098614,23,3600,0
5113.600699734917,3,0.42611060467752343,6,2030,0
1815.8491741803045,4,0.11186388954397776,22,341,0
9332.630699453899,2,0.23023975196361504,14,37,0
767.8749876752146,4,0.04991358628734623,10,81,0
214.3223002577287,2,0.11718072749751794,17,1924,0
3143.7702270786963,2,0.033694165569914204,3,2825,0
174.40943473293663,2,0.11858083482610386,8,2487,0
515.4276669413887,4,0.045880531731183755,5,1096,0
1844.774325927337,0,0.5202661999693164,1,1617,0
989.9144447513895,7,0.2265168468332107,12,1338,0
906.0071855919713,8,0.19786910902449895,8,281,0
336.705939781457,3,0.057578062825507044,17,3000,0
1084.8506541617987,4,0.3102662316875142,18,1088,0
2991.8957295500663,1,0.24010937259473022,1,1378,0
1118.7507237721386,3,0.3625760655447655,14,2499,0
478.07810578125174,2,0.2164757056429906,20,2480,0
314.9650056257299,1,0.11128937381527103,3,2335,0
488.04392743829266,4,0.20971939210377716,5,857,0
1623.4905202024881,3,0.10241756595090648,10,1243,0
1546.2721713011729,7,0.13046442395994212,20,2629,0
492.49923110575287,2,0.3026642937561494,14,1041,0
120.21004384080891,2,0.21350544016837558,13,2361,0
1669.0548108772311,4,0.15602734473522464,16,1444,0
446.88111667759944,4,0.1576619727848173,12,2305,0
4189.392883130664,10,0.658058252121397,15,996,1
514.8576001531179,3,0.3019035517081997,4,2652,0
408.33974912502066,4,0.126716109452703,8,2553,0
1278.1537172714304,5,0.0918836749175488,14,1759,0
11587.697222692677,2,0.1322474975944736,15,3621,0
2319.3215605960486,3,0.11900296369418906,11,730,0
1256.6683096738348,3,0.27734621193783227,14,2465,0
1570.0324020549815,7,0.4065093278337073,14,1852,0
190.35374149658114,5,0.07657613708995747,22,241,0
356.9728145811387,9,0.19504198020865451,22,187,0
89.03870251728874,4,0.18325504482302366,6,2721,0
6184.94810652166,2,0.16858552524545062,4,2954,0
5051.224808282248,1,0.2924414470678678,12,508,0
1624.2777366676687,2,0.2441129397065122,18,3136,0
1255.281467214038,1,0.1806340317832218,1,255,0
232.3883739055464,0,0.27288345538540176,14,330,0
880.6850228884556,4,0.565985138206824,9,3112,0
6583.961391846557,3,0.16630557231562917,23,2056,0
1250.6466270671779,2,0.13494072229668996,15,1292,0
623.502973271595,4,0.14671419862162943,6,1150,0
189.0344625546407,5,0.01587880859460695,21,3388,0
4360.34179984739,4,0.26921719159313273,21,1249,0
1022.4082971665599,4,0.2106740329898536,8,1344,0
189.28733406201818,1,0.07538125036970111,4,795,0
435.1689375712968,3,0.5086339398430585,2,2541,0
305.65651841249087,2,0.2923270398596302,16,1447,0
961.2711030029238,4,0.06424530176710486,0,3074,0
1349.2969656652924,4,0.26660840074190933,16,3167,0
663.0052679110393,5,0.25534262747532355,0,2423,0
2385.2198908332493,5,0.22884208567198758,11,2282,0
1186.5464697038713,0,0.12182847268678472,22,799,0
3172.6179737746324,2,0.13361565664634287,9,3641,0
767.244804522403,2,0.09063723608796966,8,3433,0
23047.799834677015,4,0.04990322235635422,23,1451,0
623.6013340953605,3,0.10609290698272965,11,3178,0
444.37553666606726,3,0.26823325412382765,17,2719,0
392.956708732317,1,0.18798833508958612,23,500,0
888.0777304445706,3,0.2733726152193093,18,503,0
196.4609942644727,3,0.21797334344712652,5,1393,0
1472.2731469010657,4,0.0932199081522229,18,1255,0
163.15427579266364,2,0.26687956945411623,9,1590,0
1289.0630608636493,4,0.15907491145147393,7,2086,0
283.9358282899603,2,0.09943225487849712,0,1833,0
748.9757396108232,2,0.193223710546977,4,2011,0
2007.2891298485204,5,0.19744556489009168,10,3424,0
23153.543161220543,10,0.4932277098607784,4,127,1
373.1570882909288,3,0.3070224894574568,4,3390,0
943.581319773534,1,0.4711358943685261,14,3307,0
531.7860917056599,3,0.07545269161413044,16,2973,0
459.49574304789013,4,0.25033849258957913,10,1964,0
536.4785983472608,5,0.12043344375050656,14,2104,0
2500.05116247513,4,0.19580457415934296,7,3294,0
673.133809822718,2,0.19401620288269397,3,1339,0
10397.41709746328,2,0.09870029012094449,3,9,0
1662.3362241613097,3,0.24607876281222746,18,2513,0
399.41035172112413,3,0.5259018124689548,5,3119,0
759.9820524885748,6,0.12923732069480834,10,2932,0
491.8397784801241,2,0.11198183331714273,7,504,0
2440.7695378937065,5,0.22406830309949982,18,2731,0
212.98470240485412,0,0.15178407702842528,15,2156,0
286.87558486682457,7,0.14448847152280067,2,244,0
606.9545314491972,2,0.20633483678211667,15,2410,0
2171.0078661117827,1,0.33228158941813923,17,1734,0
3763.33298088655,3,0.10139822999593186,17,3316,0
4361.37298144707,6,0.1254625239900548,14,3397,0
1862.7357509738813,3,0.2529949695748121,17,1110,0
1009.3990811797529,6,0.02732233805506341,0,291,0
2427.520906080538,2,0.1048895991945451,17,898,0
349.1492155572824,3,0.07142558034544,18,3338,0
173.35521892813242,5,0.09952545975408895,1,3229,0
1697.0344705815796,1,0.284751566767922,22,52,0
401.1444483837586,0,0.2548494735373632,15,1288,0
1027.3040964822846,4,0.2696817147444234,20,1499,0
1235.9893430749435,5,0.26071286011727257,21,2689,0
1405.459478377114,7,0.04468869900109321,0,266,0
2801.167401907299,3,0.41832351822446234,23,214,0
2520.1537443111333,3,0.3654184237425369,16,1644,0
1332.7504151048036,2,0.10958255925725473,0,165,0
704.8497922903639,4,0.32253281600207134,0,396,0
1221.4110755677473,4,0.04386051549751927,9,2856,0
604.1301067867668,3,0.2449537583233948,6,3193,0
901.0593061190818,2,0.15183225197786152,6,76,0
15035.56123932724,1,0.4109094926170392,17,3156,0
1315.78628447708,1,0.2200184964285127,4,1209,0
1720.284592777579,2,0.4628415081417471,22,172,0
541.5954664866177,4,0.174535670871469,16,657,0
3041.4006135219443,9,0.3339830787670636,21,1370,0
2345.5434974543427,0,0.05028804109628949,9,2320,0
2362.2091830168183,1,0.19582174964748467,15,1242,0
2091.1389326484195,11,0.9266793117784862,19,21,1
3084.639567890125,4,0.1450155428384156,6,1798,0
13869.123495393917,14,0.7283139234161059,16,36,1
1455.4914943209978,4,0.26136539155840965,21,794,0
977.8806628850774,5,0.32147471893255986,8,3151,0
2682.678434057835,5,0.30469089825939993,12,1483,0
444.02225872548763,4,0.11289210397038826,3,76,0
534.8785540677425,4,0.1062760450888887,20,3370,0
1039.7126512829532,2,0.03205211781859542,2,757,0
192.22045790063157,6,0.36317751634319256,9,1298,0
2508.888921996163,3,0.3124309099233256,8,2233,0
418.6712947064873,2,0.09306390274835609,11,1210,0
684.3770295125393,1,0.08249406779137894,9,313,0
886.0030599969051,4,0.3167490458450272,8,861,0
1140.5738838075504,1,0.18036891648986342,2,2686,0
777.7045712376471,3,0.1726192941340746,22,2386,0
1025.185604529453,4,0.2073006409215241,11,2985,0
1033.1548567462223,2,0.3404501898480499,8,1609,0
701.3233444424146,4,0.15820474302536358,19,3472,0
822.3298229410674,10,0.6607095512074813,3,784,1
3233.9963915648054,1,0.1658255484920389,6,3021,0
133.69944028288745,4,0.21280562821714916,21,889,0
892.730586930197,4,0.1315185989584023,1,2852,0
686.1529267105493,2,0.16157238582493075,16,2654,0
2634.9206608169184,3,0.45301065671977814,21,792,1
256.1356542332188,3,0.2396410613683397,3,646,0
665.2844268455598,3,0.44815964305354367,7,112,0
989.9359717233968,0,0.1906299407657368,10,3426,0
3197.3371775893265,3,0.06548133458513168,8,1795,0
1528.718324313306,2,0.43834461980373884,1,2074,0
335.79867174159597,1,0.07115615006349449,2,2722,0
673.523765155658,3,0.32583005511241997,23,2044,0
2659.9200705548674,1,0.17409849222184406,14,300,0
330.0437211694321,2,0.2873492629701761,16,2029,0
1013.6933595156031,3,0.4715860498270188,16,3388,0
1086.6768398497275,0,0.13472175551143048,10,283,0
745.6206360389436,2,0.14983272106191564,6,2039,0
16248.433494927403,1,0.13414757154561693,21,3293,0
725.7956784352581,1,0.5177399792298077,8,910,0
1719.4592990491797,4,0.2318480964195403,5,1412,0
509.6370877559239,3,0.08354034925627105,22,2894,0
1858.914495919154,0,0.17592742105971404,2,527,0
2619.62798666715,6,0.1268544467975456,13,540,0
609.1325910180122,3,0.07608587675450428,8,1753,0
1038.2565433530733,1,0.3994752737472304,19,63,0
447.9672961607178,3,0.3216534928732728,10,1281,0
349.1830167164466,3,0.033554397307278425,8,1052,0
3092.686570689977,2,0.16223784408289937,6,2341,0
630.1759424438645,5,0.1330892793965123,7,2292,0
98.13927777373063,4,0.08983756514872941,22,24,0
6408.343912141108,3,0.1013238114854192,3,2568,0
491.71765358574027,0,0.024282382296382778,0,1350,0
857.162020583153,2,0.09624528611670713,5,1118,0
5658.456922503219,4,0.06776810011240735,19,2067,0
951.7076581076187,3,0.1422595064286571,11,2,0
931.3763122377429,5,0.12252454188301184,15,2837,0
321.1238760707029,3,0.2269974332112274,6,2168,0
213.82679119933962,3,0.3654645171598965,20,89,0
928.540255629044,1,0.09933387235062655,7,1842,0
1576.259279089138,9,0.13544137018122,16,3157,0
1488.501827514353,3,0.3145671452602889,13,1688,0
1018.5223615727228,6,0.4289704567809701,16,468,1
1119.0750773866657,5,0.26431746413124857,17,2124,0
174.65105373984068,5,0.3488728023183933,12,156,0
1737.438221256555,3,0.2459206939520199,23,1355,0
1288.7214022316534,3,0.07114347950578354,8,862,0
7892.4421777893,4,0.5209507670142312,1,3340,0
1104.866338971784,2,0.28001353519601374,17,58,0
427.23347679243733,7,0.2241871484733935,9,3242,0
1042.3956637298281,2,0.44190018124146924,11,1927,0
790.1321421236213,5,0.21703219120971567,8,2020,0
4187.38499499677,3,0.05729451336439742,7,756,1
1126.5239967928642,2,0.06218658952553988,6,1136,0
311.08099082889845,5,0.12275248868883576,21,6,0
213.63238522299363,3,0.11187994542383523,2,756,0
1426.3987677108712,6,0.27020178554387214,22,399,0
4372.606402481267,1,0.3176530501203818,5,1965,0
1187.1940778321207,1,0.047764238378815965,6,2593,0
2473.2722586499226,3,0.10144272391725674,7,2656,0
3019.3871345752596,3,0.07696826452836165,17,178,0
1431.9491624308953,6,0.2668536009405715,12,1843,0
485.6598647639485,0,0.07205707722662456,13,2768,0
1333.1609892882477,2,0.2714507258719039,0,3446,0
3666.7936253208954,4,0.20594695196022333,3,2926,0
1862.901597072774,2,0.3126103107815252,12,1095,0
2317.502422689453,2,0.14985277238207428,17,417,0
690.5260913522537,3,0.1132677148374498,22,721,0
895.7364600075491,1,0.19493268219170393,9,2611,0
973.8649987919944,3,0.11474254355682964,19,2324,0
1041.7549245312375,5,0.0983158349260849,2,3366,0
3526.137351145423,3,0.27220577625665343,15,1249,0
104.88098925447143,3,0.33593713769255984,11,3486,0
1130.6390745963479,4,0.12881710050649114,12,1556,0
1012.8299518914289,2,0.020673694368424235,22,2034,0
278.24412019447976,1,0.09994450097099303,10,2967,0
2146.8720827783195,0,0.21982842872459832,1,16,0
531.3919093527743,2,0.0835208918147901,6,888,0
767.3686698723669,1,0.14728974950353174,1,1714,0
6965.898693001186,6,0.17539386569847648,14,2109,0
3010.837774873895,2,0.2930346807042307,15,2617,0
1947.8606352137438,2,0.19096640996777428,11,3282,0
1604.8361363893177,1,0.02328525545458707,17,1027,0
930.1259225330625,2,0.1355057833290625,18,819,0
8098.039427460189,7,0.13100164028663788,22,2402,0
2445.8980410874597,3,0.29790565409917724,7,2587,0
518.2460274832736,3,0.03296072515873249,6,2716,0
270.39875010958923,5,0.22717882056291552,5,1710,0
1933.0184076232006,2,0.17142253741581187,18,2530,0
1037.045278370496,1,0.2031168618309958,18,1378,0
262.71290843952056,4,0.1715622980764464,2,1062,0
1683.4258049254556,6,0.4928482371020552,13,1088,0
837.962072313285,1,0.08214967942810232,5,3375,0
1864.3447419211511,0,0.24168515214018851,18,1149,0
1705.7159516685492,3,0.25820197097379516,11,569,0
596.8918722360983,3,0.06375138043384501,19,2565,0
2064.91587160878,4,0.029420448154533606,13,400,0
666.5365103679026,2,0.49823838248900965,13,2310,0
711.3169612073104,1,0.12781074945520304,8,503,0
644.019234811873,8,0.03975355148226108,11,32,0
3398.1091644552644,5,0.03823826995756791,15,1810,0
828.3432419846989,2,0.022589181357919492,23,2135,0
4326.1928316433105,7,0.47761749665060144,5,1099,0
6525.578388556905,3,0.35848755197235127,20,2397,0
523.889541347963,2,0.20215835882326444,11,1683,0
59.08663078103608,2,0.2393315570911408,16,2292,0
3116.6361535792594,7,0.14524739983777024,3,1812,0
779.0132873364565,4,0.07922531318541433,13,1970,0
461.19160553219206,4,0.239974411653668,6,492,0
608.6734359055667,4,0.056753064604651036,3,594,0
724.2858816710994,1,0.040551760397606246,22,236,0
4012.593585653927,3,0.18838593673293755,0,1657,0
1286.7967108824648,2,0.22697722673662218,21,1700,0
3958.413648230343,5,0.04494713229565374,18,943,0
1797.6222875152644,4,0.14209711442651943,0,3451,0
804.941236042867,2,0.5477780617787766,4,886,0
742.2178487621171,4,0.10058730102970978,10,625,0
1922.9365519709934,4,0.24709648217716346,13,2165,0
2490.965410389841,3,0.5780515399522964,5,1106,0
2971.412433842234,5,0.1751550952743609,14,602,0
844.2608312554597,5,0.011489175914724951,14,3240,0
1306.6290512645169,3,0.13622306130068104,16,1334,0
7362.179164128676,8,0.47821908596349777,7,326,1
1036.3664428390973,9,0.7434893764786003,12,735,1
352.5032937559689,6,0.359689782448418,16,2029,0
489.66864776021015,2,0.5313855947698232,19,2796,0
861.7494416336118,0,0.31139233177337694,22,2996,0
2126.445614451314,1,0.18747424746198452,9,3235,0
3862.143022486257,4,0.18854224231374273,20,1742,0
282.5774836158787,2,0.14600958638120018,2,2958,0
603.4450511305304,3,0.366613349437407,6,2563,0
766.7321348889553,3,0.06551798874383086,20,555,0
2427.7423546198647,1,0.24836644882955602,16,1707,0
646.7044985636409,5,0.381042079126579,2,947,0
713.5608128662237,2,0.38781290379007394,0,1122,0
267.2026669865524,2,0.26188690602047693,13,1568,0
7080.400486581254,5,0.34569851169369054,18,847,1
933.1826288827378,4,0.23988188063718605,0,3079,0
570.181633322363,6,0.05948310698947883,8,3447,0
3104.161652444839,4,0.6959748755626061,14,796,1
3384.6152035127507,1,0.1161249378372317,17,1748,0
401.4620834452564,7,0.06606016423531298,7,2834,0
472.6430105153016,2,0.07814938143141303,18,3135,0
3836.257064582391,6,0.07742365719986011,15,3090,0
1182.9597361450908,5,0.10107939109137372,21,478,0
2142.5545192628156,3,0.32958951645767115,10,2072,0
1638.8530395271623,3,0.20683751610266846,3,1979,0
1058.5607142644847,4,0.25962263297751265,22,191,0
774.0998580616374,4,0.007088742601318382,18,2939,0
2518.8507439265577,6,0.08398504603395485,6,2031,0
3506.369910681767,3,0.1480712708347773,19,3091,0
3242.7867496302433,2,0.21897576965623047,7,1119,0
335.1333010807569,6,0.14294575687067904,15,59,0
4043.6823065543704,6,0.13831934154186834,8,1139,0
766.6763516853109,2,0.12798606495019715,14,1426,0
515.4140006378565,1,0.061124916039147,1,1366,0
925.8130303881862,3,0.15248779935570553,3,130,0
2517.7689101874976,2,0.3825975345915066,20,191,0
1882.703743371229,4,0.42932444057383323,10,1305,0
849.4708176564197,1,0.1316222611184103,2,834,0
2534.2825719500615,3,0.05918059581053832,14,2028,0
1261.2525339693464,4,0.1376923738694267,4,1865,0
618.3338577341411,1,0.10149052739145885,8,2498,0
540.2136540965098,0,0.09223968168655784,3,1252,0
1652.8144555449771,2,0.21177544280955046,18,1128,0
1009.7744460817653,0,0.2948191476195522,3,2950,0
277.13225485331105,6,0.1792106766398906,13,3336,0
2558.4617886384644,2,0.1478191665842015,9,3127,0
678.3917825212955,4,0.06105904152088479,17,1871,0
5389.024412523299,5,0.2780006766406883,4,354,0
269.6190440861933,0,0.05499612352715974,19,1648,0
915.3361763174818,2,0.05648425138133177,21,3023,0
544.5840626890795,1,0.08726528384483227,5,2285,0
413.466906917529,1,0.2867438119524234,22,3429,0
673.9859622961463,3,0.08777194274337695,11,1777,0
6441.827866557265,3,0.1870233287987407,4,1230,0
1265.6867890481353,2,0.11388257173784978,12,233,0
496.85188382286617,4,0.16849356901652005,5,1337,0
176.15628600294954,5,0.0995870079827961,11,2138,0
196.1024944961131,1,0.028336355436869375,7,2115,0
641.3253252616114,6,0.13744591386370567,16,472,0
581.9077999555084,5,0.21592408303150504,12,1234,0
876.5110346822637,1,0.14669059742832571,0,1149,0
113.04841740605876,5,0.4168124287411235,11,3582,0
1000.5632845565259,2,0.2126759729652278,21,3357,0
3064.7760387537655,2,0.12173022787934284,9,2580,0
5557.153231298911,4,0.19914652879100414,3,3127,0
164.93539505125565,2,0.24604527115015817,6,84,0
492.0632380038418,4,0.06633127499763972,12,2678,0
466.73709762307925,3,0.1983466237244511,20,1884,0
1268.6662458977878,3,0.03415437837794841,6,3213,0
323.83286441463895,3,0.5329132465930457,11,647,0
5897.378733577785,4,0.030508270224792886,14,2467,0
1145.4152015358156,1,0.05707443703825962,2,2049,0
2513.5372166737875,10,0.5668988345686962,19,343,1
5392.226906554112,4,0.10075567293473003,18,2772,0
1079.175255331822,2,0.024859738651085636,0,1595,0
1636.4808736120426,4,0.3396140599792375,7,1551,0
517.5994738708716,3,0.22941664283812652,11,837,0
278.5222462370041,2,0.31521082207493384,19,142,0
1869.8949131354377,13,0.6930177400113492,17,807,1
9769.063042411815,0,0.1200037024378498,17,1471,0
2065.279708513451,4,0.10332064142788047,6,1920,0
1443.0797688452735,4,0.45951828134318456,2,1147,0
413.0739405787135,3,0.12957070940566492,16,594,0
2727.8002686639556,3,0.06760173370680483,7,892,0
282.1127251630357,7,0.22510562652138655,23,2990,0
228.82180357660388,5,0.03200722184152628,15,1018,0
980.6757269372424,10,0.18517893863016063,20,520,1
24884.799385853523,9,0.6499224181660567,17,429,1
7316.550351302894,4,0.059964391145672466,3,730,0
698.3797936416006,2,0.20188120788250966,10,3565,0
558.805227273903,1,0.019800164235386993,9,589,0
212.64794533046017,3,0.1427330875621238,13,2290,0
1185.631384407213,4,0.3157783760793531,11,54,0
1289.5037739422582,2,0.2009837273618708,2,265,0
2415.245589272771,4,0.14413435870749328,19,876,0
2726.3186909405313,3,0.514596334808415,0,2719,0
3202.321578717356,6,0.3738372848707705,13,745,1
1912.2347719679212,6,0.0834325150233551,5,1086,0
684.5645851044809,9,0.5048803107017732,12,334,1
1876.272797350916,5,0.29866958575718044,11,2030,0
660.3486293298511,1,0.31471598534949374,0,1892,0
1736.2076740369857,2,0.17942733817883774,13,2989,0
1601.1883083475998,4,0.19739074114454544,12,1814,0
1174.7417623437184,0,0.33447637735772945,1,2037,0
2427.3119197166434,5,0.14139059160786405,14,2708,0
228.05821575906748,6,0.12193128978613046,22,647,0
378.07167036192016,3,0.20209708674827506,3,463,0
837.0973118928533,3,0.16044370078439268,3,3431,0
258.97631569540306,3,0.20582007635830918,16,342,0
730.0663974705088,5,0.16606778219657062,20,2247,0
753.9829122271595,6,0.10388079585870133,22,358,0
4063.0279969251033,3,0.3404355436745435,22,3277,0
1264.6285254827433,3,0.0676450719160652,5,654,0
3069.989977948048,2,0.2574063765353844,11,1214,0
1482.7810907627108,3,0.22720806957027112,20,3261,0
641.8359418655244,3,0.13105425682839902,19,1569,0
1253.527439601051,1,0.0983614452308226,16,3538,0
2274.2971393913635,2,0.35928574749011366,13,1964,0
3617.003958774244,1,0.34171722996551224,18,1562,0
960.7266613799809,4,0.4444544217429624,2,111,0
211.1332300280622,3,0.031400394486017794,11,145,0
196.80192037588674,3,0.059053329738151625,3,2013,0
791.2289660256455,2,0.028463101871058966,23,436,0
105.85799211125497,2,0.28633383496532083,11,2459,0
6601.845206857716,4,0.2394259678491059,14,3618,0
1992.0772776632539,3,0.17514424544300827,8,1388,0
580.7573284446748,4,0.24167690888143617,1,2013,0
361.5326682038461,1,0.21664881862131674,17,1907,0
3065.969452197157,1,0.058231935441611996,2,2739,0
360.09318470176316,0,0.21314195775042746,7,2728,0
396.1421994822761,0,0.2448748316692802,12,1986,0
509.81813290482734,3,0.10707938146830491,1,3558,0
1229.1613844502508,8,0.2538110520713357,19,116,0
2040.1884074104332,3,0.24907759614765188,19,484,0
3614.367787533381,2,0.10127635219731862,6,1593,0
3118.0756103245076,2,0.16637676575187527,13,3419,0
1097.4819619514778,3,0.15103495350481078,17,3468,0
3042.7651620661027,1,0.14891336832520566,13,1540,0
560.5959341471729,2,0.580508063736985,0,1363,0
177.52900171954195,3,0.2596497899844282,8,1081,0
560.5222443195523,1,0.2003317790331729,9,729,0
1477.0738505354684,7,0.6533930682706511,11,22,1
582.8984163498893,2,0.12565514800353328,22,2078,0
420.15566382146375,3,0.2128724548831251,2,1497,0
691.5188583717958,2,0.04904071938018544,18,2368,0
2038.597222122492,4,0.04177297546864798,17,3330,0
8910.297291231673,8,0.306189722304726,10,927,1
195.32279046839412,3,0.16230141460001193,3,2944,0
302.55569405393743,3,0.2038358429066014,20,1197,0
496.9819667692446,3,0.34731754636129747,19,3584,0
2358.407488973302,3,0.03024980885356242,21,1186,0
893.4162136676429,5,0.1285327033291827,10,876,0
531.599707650534,3,0.11484600567663714,6,1951,0
2245.6111890841166,3,0.31792728933313713,0,297,0
2853.7530492276924,3,0.22830235633022625,5,3419,0
1076.2521361801741,1,0.45191797038143583,21,3054,0
484.82149584163005,2,0.06394626824382374,2,936,0
1436.9521216193307,4,0.1887165810414166,21,3141,0
868.4689133512215,6,0.2530486924803041,14,820,0
861.7685716171521,3,0.37416624141370036,2,2864,0
656.9446585651376,5,0.3333619343267646,22,1253,0
4268.902313950113,8,0.326984439917602,1,454,1
1407.9362044145114,5,0.29081001358919484,4,1785,0
3089.3033206226946,5,0.2390005139720779,6,1180,0
4172.73153820752,2,0.09928404699256684,6,1966,0
1735.3784039616605,1,0.11564061561569126,9,75,0
660.8473565464925,5,0.10174563338289108,3,353,0
3103.625527835677,1,0.06179687664911608,13,1496,0
1747.0164081531414,3,0.11862679101871075,14,3520,0
14814.589879068362,2,0.2315831023777562,16,367,0
1495.331033636013,4,0.29276980267969566,2,2824,0
2203.2482749315277,0,0.08766117062682993,23,3624,0
1466.192071554533,1,0.35802786710481643,3,3033,0
993.1695633536607,1,0.1648122625809612,13,1380,0
846.5831717281159,3,0.1095273597332345,16,1872,0
1471.8035678919439,3,0.13816981338022596,13,1393,0
1846.7373228527103,3,0.28049785366882496,21,82,0
3478.6094154362972,3,0.08958064924215191,22,2451,0
1493.4595575347712,2,0.11917431525620785,9,988,0
690.2893272612517,6,0.10017152395035177,8,3318,0
790.8798053188754,1,0.16314416778966914,17,1457,0
292.0903163746006,3,0.10428525829752719,22,47,0
5774.539798090274,2,0.30840641047694006,23,3550,0
638.3114858121389,4,0.11140593211941137,8,2490,0
5005.441852646325,7,0.718907113940723,0,830,1
1445.9919815528808,2,0.11148396497874388,17,1453,0
1485.8344770840272,2,0.02610707116925075,20,1303,0
975.111793795236,3,0.10210858619050803,17,652,0
498.7979537108392,1,0.18773701811261884,22,2922,0
416.32433149236766,5,0.14045798459899989,20,263,0
6176.242703660348,1,0.1632552718206087,13,1612,0
1229.0061072494925,4,0.06568292990456395,4,2929,0
3378.7724640217702,4,0.2812126767059675,6,232,0
6887.374384471109,6,0.4806322357447319,12,882,1
727.1647513159934,2,0.23195042567060897,13,2271,0
1674.895017085146,3,0.4958228306308319,0,2378,0
1147.1211965437894,2,0.11753613015521248,20,184,0
1202.7166816560705,12,0.4964713764799625,20,88,1
910.9791627857081,3,0.09773625837003261,21,3003,0
1973.3869120918134,5,0.2956072653958355,6,1478,0
665.7876294498669,3,0.24635436564990956,17,2893,0
792.4717073648295,2,0.1994384138650955,20,87,0
922.0810667789424,2,0.35250323863606897,11,2647,0
9059.138727334359,4,0.4003718427301778,12,3235,0
175.20400939157688,8,0.12134032924411121,18,753,0
1811.0160113822847,7,0.17616368032583507,16,3118,0
851.2117501824798,3,0.0250576286688811,5,3472,0
577.8677819177755,6,0.11787842190282403,5,1587,0
830.5800339840422,1,0.32722489920459175,0,3287,0
2137.465892232739,4,0.25872939447737636,13,753,0
2263.1741408996777,5,0.14176378117721775,7,1986,0
1320.8320031456383,4,0.4766194060026297,18,1122,0
3270.6411547365824,3,0.1323507681018294,16,782,0
3900.3945555899422,0,0.23163151175646762,16,1458,0
2480.8981775296156,1,0.1974804420300061,19,3598,0
635.1159298058257,1,0.19553761704632858,15,3217,0
1798.0203789734858,3,0.19345832492598844,23,3538,0
1806.5977497416798,3,0.12739019649443378,15,319,0
485.1065542799926,4,0.35914472715272844,6,1711,0
228.2772972440871,3,0.2746456101628339,0,3561,0
145.07115970504248,3,0.37777052462740485,22,2025,0
1175.9780815088718,3,0.07515505961306787,0,3229,0
1477.400959973879,2,0.33306765889545625,23,3326,0
336.3722462102334,2,0.4973554984574447,21,2909,0
3121.3857491026292,0,0.11795083149773206,10,1509,0
1276.9352491396319,4,0.16023258385576816,14,3151,0
4227.865838916469,2,0.3416806706327044,2,1541,0
1588.4847763242312,4,0.1178281103527614,18,1659,0
377.53618866997783,1,0.21859005376866364,2,3204,0
1734.1648348508554,3,0.019983757816139255,18,2456,0
2143.3186865046964,2,0.11409792750632478,18,115,0
634.2076434300064,3,0.08886146434523444,20,648,0
259.27959652351353,2,0.051910382774057136,12,1687,0
1212.3259478062841,1,0.18646584601723581,20,923,0
403.08818715050757,1,0.09457734583086595,10,3127,0
3364.0055235858704,4,0.1844773399607496,4,2224,0
729.8385312248901,8,0.25288437516292983,10,3584,0
6152.4220128075885,2,0.16993378413810534,13,1582,0
131.08439238750518,4,0.2319998581646588,7,484,0
1254.8804701795195,4,0.21622388302782802,11,3360,0
4579.7177112081545,0,0.2853377970520418,20,2307,0
450.20169079233494,1,0.13285604896628866,17,1080,0
935.2361501206396,4,0.3751804321159978,12,1412,0
732.8670339497057,2,0.08435169389078816,21,427,0
553.4837304935272,3,0.1095438435538405,22,1045,0
1400.5532850166178,3,0.048660104019676576,21,2636,0
300.2388723529586,0,0.3810201109100639,0,2284,0
981.4501459278036,4,0.13508041508042937,3,670,0
1837.1931752426244,7,0.2206159811703644,18,2930,0
884.3972049732465,0,0.31217437301516465,16,973,0
403.3464217492831,3,0.16674891612780746,5,1568,0
3072.3112226776966,0,0.1145906587972615,4,2661,0
2276.187018342754,4,0.02033701297595541,21,87,0
387.1502376573369,0,0.26850145315461044,14,735,0
300.63365635617885,1,0.1941951810978037,3,1220,0
423.2976449682379,3,0.0911111931275505,5,1884,0
1891.7794356936386,2,0.09766031751171808,4,2971,0
1444.5785526825523,3,0.07042316619670455,0,1425,0
3063.5089676624275,12,0.42090025981700036,5,424,1
791.4366054692154,2,0.29437317990436696,1,2279,0
434.96508456520075,3,0.19309480274727334,11,490,0
2748.5986759825146,0,0.2205783668665589,11,3270,0
630.5241682494003,3,0.026008054192689943,4,163,0
1321.5334631951046,3,0.46698456596153326,7,429,0
232.77566087477587,5,0.19905638380268387,16,1427,0
620.2915290537902,4,0.3422798120166102,22,2831,0
3009.1000337959777,3,0.33347822328022986,11,978,0
535.7809666965492,1,0.08063708251079968,5,3495,0
2476.2579820530405,2,0.3218181727334122,7,3361,0
106.58899860346001,5,0.17145245596001962,21,636,0
626.7879842807893,2,0.0815645324298017,3,2194,0
923.9383550681109,2,0.13041022040914582,15,1201,0
6263.787438974523,2,0.2265382597921518,19,2145,0
340.67778548930926,2,0.21508473182674911,11,2592,0
2145.211215860684,3,0.33471778976285566,17,345,0
3155.593215555207,5,0.0636290459394976,5,2533,0
532.9940989710731,4,0.20878794158512232,0,2036,0
754.8175400445992,1,0.22894302826419174,0,3249,0
1263.4846447571538,1,0.11074623774698311,22,358,0
249.26461245172226,4,0.0376477998490574,10,3221,0
695.6848723134095,5,0.13232541470354273,6,678,0
3928.8892877931435,7,0.04611059397221368,10,3606,0
1849.4707773761056,0,0.46600880105655995,8,1339,0
1242.8709237227386,17,0.679134278983212,5,355,1
1227.9143538297085,3,0.13617805690499413,21,3486,0
1960.403043512343,3,0.5650662413273948,17,3472,0
7685.297704964603,10,0.6742838561837223,3,308,1
628.6570343698963,3,0.2614727657334318,15,168,0
5088.4113216904525,2,0.4609821979471286,12,922,0
4090.1961290687286,0,0.12678130446303607,7,1630,0
2158.6917164631113,1,0.03134833737465061,4,1398,0
472.0288630068139,5,0.09845157888455462,22,1143,0
395.35183629133974,2,0.03927935825677199,6,3518,0
791.0777082046752,2,0.23707496797440208,19,163,0
1165.3364209313177,2,0.08447250731470715,1,2244,0
187.07472471457444,0,0.24258275791796416,13,3018,0
1798.472789637467,3,0.04903957029735367,20,565,0
3973.737091784686,3,0.19242693847274603,19,928,0
1951.7352737709402,3,0.264140740424777,13,3396,0
557.7702823245818,6,0.03781724303400799,19,2655,0
495.5144930069516,2,0.019093624393403126,12,3177,0
1480.081368812262,4,0.20526122267037394,11,397,0
940.767738185596,8,0.08047952407339377,11,876,0
1707.9364634236183,1,0.28150265198233243,23,3422,0
2001.6384969288074,3,0.16795402862108758,0,334,0
3267.8597172964505,1,0.11614216659191869,15,3118,0
353.497555815366,2,0.2178122399002068,3,2731,0
1368.7031269795157,3,0.13435748454292037,0,3309,0
762.4408990528556,4,0.1071372955540713,23,722,0
993.6300517726111,2,0.17658584405090283,10,2559,0
2602.971230954869,4,0.12688088012714854,22,3370,0
5091.275976935472,9,0.5730384401293709,18,4,1
4440.150940176374,4,0.12112862493255987,14,3340,0
1678.3899509897965,6,0.030155076502686437,10,1797,0
982.3849220944538,1,0.18434465179826914,19,355,0
851.6039152657971,4,0.06280481487984899,21,1297,0
193.49370847600272,1,0.3166962143090506,21,2271,0
4186.98023271496,5,0.1508110914252534,18,566,0
794.8088028852924,1,0.0067581614303008596,2,143,0
1818.736048573412,1,0.19941130102229712,13,1239,0
2162.448721107953,3,0.11417119871654194,10,2689,0
315.6659363511787,6,0.05318998852412937,8,3351,0
435.56916779058633,3,0.2631353012655996,20,3481,0
19712.35343886279,9,0.3830851692058535,3,413,1
1466.209115238402,2,0.5744883472070826,21,831,0
613.6436197042304,2,0.12737397981780288,22,1938,0
966.4726389888577,6,0.02165964581697051,14,3238,0
3249.4365947447664,1,0.35002952787938624,7,1217,0
2791.444491529422,5,0.22865126573806377,9,853,0
253.13380887784763,4,0.1890406138839675,6,1926,0
5621.106691357581,1,0.1408618409282564,14,2887,0
2881.735601422693,3,0.04805019849274274,11,3619,0
941.5474552072978,4,0.5210883352950701,11,1814,0
333.0449803262432,3,0.044503453082587276,11,711,0
3146.38243981228,3,0.16644722913289556,20,2988,0
1765.9207421634344,1,0.12851420759792204,23,809,0
255.23932180833495,5,0.35353818285923405,12,3022,0
869.5031222473204,2,0.21972521024743788,2,2984,0
24988.548597047517,3,0.1897481093870488,22,2630,0
1114.879668468622,2,0.1092404207979082,20,1895,0
522.1889030542311,3,0.46964436470603427,9,1571,0
400.01553133567126,2,0.21621338200963258,3,2284,0
6451.700274039293,1,0.189138526983437,12,2703,0
2559.992197398334,1,0.07401715525103807,11,1616,0
4480.272340794234,2,0.539324249310975,20,1263,0
1405.5518551159596,2,0.2683869287069575,20,104,0
8149.893669701797,8,0.44462959390606765,11,321,1
469.50531092190886,2,0.28114014054872055,19,606,0
1290.2496179392542,1,0.33434856145823827,20,2810,0
1461.2587707212829,1,0.09668140229608217,23,2323,0
4369.688184468125,4,0.4881169499792712,14,281,0
1508.4577347472175,2,0.4231148833278326,14,1489,0
586.685122844793,3,0.24419515140808262,2,1492,0
1169.198603605728,2,0.5057947654948902,18,225,0
205.11828188258062,3,0.2646208387449281,14,3027,0
107.66572266833342,2,0.08322133448110036,22,3251,0
2518.3050880402334,4,0.1861080661211381,12,358,0
753.8972712457944,2,0.13655405878500726,9,2471,0
844.3631723356007,5,0.21271646498071478,2,731,0
2517.31133246324,2,0.12285706828315789,9,3210,0
4433.791584144574,0,0.21853937171870413,4,1359,0
1871.4858280882784,5,0.2594926813229183,15,2144,0
7540.719118177526,4,0.30260142160273046,18,1174,0
1812.9110261305887,2,0.3583175391111841,20,2634,0
1483.5801465450602,2,0.1274297511815282,9,1429,0
5183.47935008775,9,0.17664065433035642,6,316,1
303.2338948329807,5,0.011054047892898213,23,2173,0
2852.6355651571175,6,0.0028378507398056823,18,374,0
95.0624439098336,5,0.056552601933104116,13,1758,0
610.17581852265,7,0.38593369883414985,19,767,0
1122.0698629271046,2,0.2833709604543562,15,2529,0
497.81955728010314,4,0.19188708229876553,14,238,0
698.0174321847111,2,0.037953872624433165,22,432,0
6900.682275658626,5,0.16866935262939484,5,2030,0
3307.7513457886553,1,0.3543089576087976,14,875,0
552.3447062339118,1,0.06139025082155215,19,1490,0
685.6953885028764,5,0.2830399316318708,12,1702,0
305.8198036233009,7,0.12449102804382349,22,898,0
5085.024949302591,9,0.5494023948608906,15,704,1
854.2787533379255,4,0.023701351799173785,8,1740,0
153.4743618203375,8,0.2186485100417797,13,2036,0
1212.9171341470792,4,0.24551471876802755,4,1266,0
1701.0124023865594,2,0.13609477050501345,23,1624,0
2873.083071685397,2,0.2634838817702505,22,3613,0
1019.0694698402385,2,0.5119221701626022,10,647,0
755.4615124112468,1,0.16446456354295055,0,2940,0
7992.546353082,1,0.14432938869506676,7,609,0
1422.03520123642,7,0.6397932746603565,21,973,1
8926.966779127099,2,0.2504447853972983,18,254,1
2419.0930853370514,13,0.8181556758690383,10,817,1
2186.177035786315,3,0.06934993750938917,15,566,0
255.79363537898791,3,0.056659133188871474,16,2874,0
690.8567225411639,2,0.13677378392299763,18,581,0
327.57785780405203,5,0.19223830299945402,8,987,0
598.8592994563668,3,0.09323306923106393,18,529,0
3829.4253824653797,6,0.05625182908009923,7,3072,0
594.4722937148063,3,0.19656436917204556,16,1311,0
2249.0341254936166,3,0.5974671439783685,2,2329,0
5000.359966160953,2,0.07528390760001025,11,1678,0
1066.8041542220433,6,0.14799690336273288,14,1924,0
2962.435772549438,4,0.10138754887479223,15,1915,0
1865.1298571239834,3,0.26514275435487195,17,2723,0
1232.052714083481,3,0.1377121255702951,23,2327,0
2322.3051936861275,4,0.18198444932954205,3,2259,0
6904.56516543731,3,0.20619113380079312,21,1588,0
579.8277562724115,0,0.08599363690000754,18,2141,0
420.2287054361964,4,0.13661905589046905,2,1332,0
396.2659014959968,3,0.2329965962591589,5,2208,0
2964.3941887718765,2,0.29423257537845227,1,2551,0
3392.6534510604506,3,0.08642028389506809,8,2803,0
640.9574452594238,2,0.2309797107812362,2,1554,0
129.53957728652358,1,0.24636811682962165,2,2330,0
558.4936563515645,2,0.4086946096559413,21,2795,0
1896.668448310306,2,0.17836899973937173,18,2687,0
1025.8500459631614,4,0.2210347674473947,15,1500,0
1313.3648972253213,3,0.2420835461837442,3,2427,0
649.7941248529736,2,0.29950311476134944,6,1076,0
3023.2543354777795,3,0.36727084276364586,5,513,0
1545.6376177286627,3,0.06545347436902726,22,3238,0
1971.3295101715928,4,0.080985080644633,2,2449,0
1285.7091117065172,1,0.14190498436330687,1,1241,0
1852.6422893955162,6,0.15844353182842957,22,3648,0
1734.6686393596472,4,0.2186450277808068,17,49,0
433.51455528586,3,0.16056166963076582,16,799,0
1592.5043123824687,2,0.06210883342911605,7,3617,0
2419.9645540253987,1,0.15426805031101562,16,1902,0
3481.231767067883,2,0.08473023131747576,7,3106,0
1662.5488379078536,2,0.09702539594171,23,1608,0
417.6941563198574,3,0.23090216990863738,11,1306,0
487.2038752189789,4,0.14061354778741159,10,1649,0
709.7067941440093,1,0.17914321329342503,11,477,0
1325.3924829918874,2,0.16440542274262762,12,2742,0
970.4538985438916,1,0.5582373607442441,18,1448,0
356.4763628781474,2,0.22023350116684504,4,803,0
354.34817171062076,6,0.25378404580864905,12,2326,0
134.4884370009818,3,0.07664182959038948,11,3444,0
48.44964814745575,3,0.0630134707222259,8,569,0
961.2342896748775,3,0.6462505208708664,16,1744,0
25060.059174672264,9,0.5864879335876516,19,116,1
6612.912947813138,1,0.17520606679860473,4,2778,0
700.1043385659779,5,0.5514310069443692,22,930,1
1273.9827517600918,4,0.2927115976822405,1,761,0
253.51436547088372,2,0.1853456567366082,7,1319,0
295.270081835432,1,0.15221199945137254,6,3122,0
331.13541562697174,5,0.15865053799681683,13,3545,0
875.2427842266433,2,0.3456297120330767,1,1580,0
913.7348124353066,4,0.015055126765170252,4,1686,0
1411.9146510677642,4,0.1956694008691578,19,1533,0
2128.592814065726,3,0.07199228703945953,7,1504,0
782.9893360934102,3,0.0037620682742174603,21,729,0
1137.0608048748622,1,0.25701332097170737,4,2931,0
367.30313693323063,4,0.15796809754461888,6,3137,0
285.8602273336426,3,0.17755457124117388,5,3172,0
244.94352014585746,1,0.25006039238658456,5,3235,0
5724.068318711509,10,0.7098132517631753,10,152,1
782.1856777286897,1,0.15496591532708642,15,2448,0
168.8278804685555,6,0.2736390005095563,7,2588,0
1029.5849587189628,2,0.17978650688598868,18,2466,0
314.56120516191754,3,0.05035154050583649,3,489,0
5769.719927944152,4,0.07407241514321418,16,2114,0
614.7270071305471,1,0.17924329076160078,0,1004,0
2167.882114431924,1,0.46574215055696194,14,1583,0
3258.307042597874,5,0.28175715144167285,6,3546,0
422.02795142338033,4,0.31689921421416584,8,2667,0
1183.2818875598143,3,0.1229020462493999,21,222,0
1907.3457624088837,0,0.09102032955704953,15,465,0
1230.9557416994105,6,0.16665602420927758,22,608,0
1573.5677293118479,4,0.04711727434798525,15,1690,0
290.1420429787049,2,0.3570696666859864,2,1873,0
1908.4300500414806,5,0.1440114537978814,5,2978,0
674.4083620316179,2,0.2095182568452196,11,256,0
1555.3427577033872,2,0.029220529568431488,0,1736,0
9485.686797058199,11,0.786996120789813,6,678,1
2140.529500431457,1,0.27432054309784726,15,3319,0
1554.205443928149,5,0.20835233564984074,1,1573,0
2084.1748409945562,2,0.23302805844579866,7,2557,0
2182.9032894329744,1,0.1962096874989016,11,793,0
4892.707750301977,1,0.09291784894499304,0,1190,0
1059.920623209148,6,0.09678484963382641,8,2459,0
1292.0133194256507,4,0.20094953749477687,0,1908,0
2785.1772893147745,2,0.12180808530488313,12,765,0
671.5660615737769,3,0.12197806632776044,3,1955,0
288.51080203857896,3,0.29096812574612696,2,3588,0
1795.84362140262,1,0.5493246533624653,2,1155,0
892.4551991687298,5,0.20025682477226447,12,2991,0
327.8225933957264,4,0.1283224935258232,16,2660,0
1809.0225113081015,4,0.14109914836987422,4,1585,0
9957.673853005264,6,0.1838014199347905,22,128,1
214.9181920683893,5,0.16035829985928476,3,874,0
3048.2562817672406,4,0.3051840436914408,3,2575,0
86.7415045918265,2,0.13477307345960152,13,568,0
734.8845189681225,2,0.17109195545853062,16,2047,0
6908.555929686641,3,0.24564670443328876,9,98,0
789.7180250952576,2,0.2708029711122277,12,2991,0
1199.8338835527225,2,0.4264385369070626,22,2769,0
2351.635213699261,2,0.12728530079554387,16,1381,0
509.4006241762336,1,0.4594364824695885,16,241,1
1178.6144125227227,3,0.12910003251057772,4,2633,0
1169.3614060162392,2,0.2902091823691241,11,92,0
7060.851789275917,1,0.21540066550128908,3,2592,0
318.70285160614844,1,0.043098038420499994,12,338,0
748.7915823271227,4,0.10135405037843007,19,1048,0
433.3926843018706,3,0.28596424338990895,15,223,0
389.7822291249623,2,0.04743028172285148,19,2448,0
3385.9937845675927,1,0.2901600510515694,2,1730,0
1126.2530330834861,3,0.21595120311258073,22,675,0
629.1897015836632,6,0.26186465072979265,22,2486,0
653.3768698471791,6,0.4767506919361144,5,1194,0
624.3885950718404,3,0.14584206368562727,17,3294,0
682.7964710747749,3,0.015623922442074759,12,2118,0
309.684691514532,1,0.20733103081490284,4,2312,0
846.6356674573146,2,0.0950259811197684,9,1668,0
765.702190080307,2,0.27759241739487167,6,3077,0
513.9897345672372,1,0.21275391273253247,20,2269,0
1280.5516700694923,9,0.22036725474749555,0,1962,0
1393.9399042793873,5,0.13878152190113327,12,2876,0
628.5105322888649,2,0.18536729234919722,17,2693,0
949.4338401779123,1,0.04573426925958208,4,2546,0
9495.979019668579,2,0.17787299481163152,18,939,0
9140.160811981697,3,0.2076160079962013,7,829,0
382.1869205998984,5,0.18049165915629797,9,22,0
439.4625194060541,5,0.16545131209952654,14,1118,0
380.16171310889916,2,0.20821332582818952,18,1823,0
3155.9787223401577,3,0.13008701789038588,13,2026,0
736.1770894292198,2,0.09010883901344041,18,977,0
1393.6399097887536,3,0.1804705343667769,18,3400,0
8078.5471992911425,2,0.23251273455983631,18,2775,0
1085.2169562791162,7,0.0639029315075827,23,127,0
2222.1905481310937,7,0.043144412314392956,20,1113,0
1845.3435577465384,5,0.026025154796649835,10,1639,0
608.9783081681671,5,0.32595907426594706,3,1186,0
3162.6378839137487,4,0.10704166440480067,11,408,0
468.857643739883,4,0.027316151813333873,23,1121,0
4187.586306566099,3,0.180675404323621,13,632,0
1348.1963525842043,8,0.5185683414262346,13,313,1
679.9588485249818,3,0.2407620090810506,16,2522,0
369.26412591480636,2,0.17474677913693523,3,584,0
435.17166663518435,3,0.025986986326210992,6,2000,0
715.6818163887883,3,0.22978029744126494,18,841,0
241.99817663001897,9,0.3017069869235066,14,196,1
868.413217860913,4,0.034527058718328826,22,2365,0
659.8587274288967,0,0.14960361856504642,5,506,0
2416.344400114755,3,0.2692957130589465,14,1235,0
1674.0158818279333,2,0.4467567622516423,10,126,0
540.4286218629825,3,0.2017903654019487,13,2875,0
693.2905951897521,4,0.3202218741498441,12,1291,0
867.2974187357739,0,0.11065783557752637,12,592,0
4846.23093242186,2,0.34756040532527865,11,2640,0
481.88009596395676,7,0.37548335377195213,18,1127,0
533.9164334510234,1,0.5653418784361448,13,206,0
354.75089834970925,2,0.07991948115057294,7,1850,0
249.12643048754393,3,0.1076193842671501,7,855,0
1490.703780940414,1,0.19145816685800676,12,1810,0
1343.3252260732581,2,0.26334130862518423,23,614,0
3955.102723099866,4,0.2597101310866685,4,725,0
3106.987877547022,2,0.6489819397680068,15,2110,0
12053.57667684572,2,0.19125470741315118,2,1975,0
1018.5417560886231,2,0.19988738182615387,4,3204,0
3059.0202776274414,10,0.30889165951644293,16,609,1
298.7997614405591,5,0.1877103703797156,18,1854,0
2200.8043088756253,3,0.21851411458930234,14,2336,0
1234.6394232427044,3,0.060276203812990065,9,2610,0
2103.307332389277,3,0.26662756949982447,0,2301,0
351.0314360184442,4,0.39384668322362365,7,1374,0
1558.694964677186,6,0.34517273448468627,7,2809,0
1346.413430511123,3,0.08527934952483486,19,3602,0
1260.2117481252587,1,0.2592070884267885,6,1060,0
553.7615017562076,3,0.14396601874716963,12,1381,0
3602.288613950752,5,0.2956017775425567,9,989,0
8521.158450746818,1,0.09103839621771183,1,83,0
361.2809728348099,4,0.0385568015135671,21,1335,0
2253.9600707284303,4,0.3042577601027602,15,3125,0
61.691727679666215,4,0.13294108254025627,16,2157,0
2140.104523290957,1,0.18805624638722293,3,3350,0
168.99098722277844,3,0.08537316373033224,17,1926,0
648.7404100022742,3,0.17811692066313173,16,1883,0
294.99999466224943,2,0.17062958614345505,10,2022,0
883.9393971704726,3,0.06799475178256105,13,128,0
2537.142428053633,7,0.17857257674745503,5,2910,0
171.17505328094026,3,0.17802112963631123,7,1103,0
765.4931835488088,2,0.18546644945435886,18,446,0
656.3086827123445,1,0.4368487595026949,21,1834,0
7153.663196147073,10,0.4234136075978452,11,479,1
1688.7789092424541,4,0.1295961891593142,5,712,0
337.91111472963746,3,0.27875071085665404,10,647,0
684.5116203356655,4,0.044451666727157606,6,1929,0
5198.38998513971,2,0.07542066274562521,11,3351,0
2240.3005652751235,1,0.2789101429498319,6,1901,0
563.8528072526826,8,0.8149430222788167,20,6,1
839.6032523399952,2,0.07235289789736171,12,137,0
866.8715849723911,2,0.097011965214113,6,2500,0
640.3520305352123,1,0.06706522824365366,8,413,0
198.30135006124829,2,0.13536235631797217,2,2662,0
556.895875621897,3,0.21343227871679643,8,1489,0
4399.293794899134,2,0.31892122201849676,17,3225,0
749.0872856223551,0,0.19241757825322586,17,2941,0
989.0514668383911,2,0.10091039923297743,1,855,0
1262.0916292618228,4,0.2792188968624799,23,1976,0
10078.31529991473,4,0.5905937764160637,12,521,0
1106.4088413512047,2,0.408233317794921,11,2440,0
3274.581499800447,7,0.14743907308086376,10,197,0
602.9412894849676,1,0.12650103141567448,15,596,0
846.0688501894996,3,0.3129594595249377,13,2375,0
3426.5091835520875,0,0.39391492239923526,17,835,1
1604.0988399031776,8,0.8707477457531217,2,792,1
894.5154896970892,2,0.049617806127894626,16,3392,0
2665.24412308408,3,0.046458928948000106,4,1652,0
492.569436705186,4,0.17090932339213233,18,2701,0
2285.9349842713054,4,0.33086969400948024,10,494,1
2227.7191796553,3,0.16699150720298755,17,3266,0
480.8397003171415,2,0.00800418072779032,1,3154,0
3279.3935553267884,2,0.17396413734989624,23,2257,0
1179.5443274615343,2,0.23620595470058278,4,1726,0
929.714394841454,4,0.5818198371525725,21,808,0
147.2088304844758,5,0.1498227111921527,14,1240,0
754.7507467497012,4,0.10836122507917373,14,2844,0
1590.1639707345928,5,0.17760746433646818,13,1318,0
6281.380240311397,2,0.1670803557506232,9,1910,0
1935.0513723152894,4,0.5705397085260518,12,1523,0
3381.9787013127084,1,0.20328660771809037,23,1346,0
327.30597160072944,2,0.24117038283352094,8,2991,0
966.0132054402139,4,0.03855063984524604,8,2847,0
3717.276079393861,3,0.10855473407011224,22,405,0
451.3605426913933,7,0.0614073947680125,7,2110,0
2879.0700709938114,0,0.15570843318245717,19,2088,0
2283.1648798086167,4,0.24085000815432012,0,1457,0
1443.3522643926963,1,0.17241457861126988,3,2170,0
789.4191128962651,4,0.42812574066770964,23,1281,0
408.99578298010823,2,0.05031853174181111,9,632,0
6472.898604859811,3,0.19296519451389468,20,738,0
2062.8886106059645,1,0.22668027111586816,2,894,0
1541.6616769118348,3,0.024006318900156972,5,976,0
725.7098300458379,2,0.36517975984289464,4,1070,0
1138.9608944079707,1,0.13575095930221567,9,1365,0
1292.9959803254885,0,0.28659958827966875,14,3012,0
1635.781064796602,1,0.27238373925729537,5,3101,0
2285.5004358451997,3,0.2956220744890825,17,1559,0
501.4623220870231,1,0.1814446240309151,23,2802,0
253.0034271069367,2,0.13918383977746224,17,1212,0
1193.064935773653,0,0.36648736346299093,0,1085,0
191.09728858331957,8,0.356196774876346,21,2507,0
793.409121713629,1,0.24417842375221488,0,3625,0
659.0570951923925,1,0.15654331910456815,14,3208,0
1793.1841839029835,1,0.15814183665834186,16,2988,0
7963.286221075271,2,0.3842736584019655,14,2226,0
156.86873551183817,5,0.07128986010233881,4,2922,0
10659.268030632215,2,0.17465873329967238,19,2176,0
868.636586880256,2,0.3786389101613396,0,1107,0
1552.7901402447517,3,0.1529401277577772,22,1840,0
266.44499974856245,4,0.047188997593818144,14,1298,0
2971.6468415474465,5,0.151037678376368,3,1441,0
1143.0695794502706,5,0.04852849087260772,11,2991,0
1031.255827778127,4,0.07155324720164839,2,1244,0
158.00313665820704,0,0.15571499462506666,8,537,0
1180.6221376863655,3,0.1573149121714457,7,701,0
2555.053198665584,1,0.15310205571852242,0,2399,0
865.8583824371603,2,0.20624562778389713,10,1369,0
3548.212894244688,7,0.08061977085865885,2,1686,0
3404.642334798991,4,0.042022277787931446,6,1823,0
577.6133020966483,2,0.30855379811030414,20,3242,0
5405.184468901505,3,0.39947883093321196,8,1625,0
3034.525941759934,10,0.3746659301124925,22,39,1
1152.5650903323751,3,0.061157634347858245,3,3139,0
1210.7329785721042,1,0.32231671752616475,8,2282,0
1175.343531335211,2,0.34771408144184596,15,3073,0
79.03309140778933,4,0.29801378857171046,19,3241,0
910.9550929522082,1,0.16710232416976156,14,290,0
595.2918740926093,7,0.6727996097026114,20,229,1
5576.606421720683,2,0.234101230786595,13,1101,0
5356.590718551768,5,0.02130304870001095,19,3447,0
2570.7123859513986,0,0.4793530979236943,12,969,0
863.9652625908294,3,0.49466423794121267,22,497,0
400.20826071217203,3,0.13036520726332265,1,3416,0
568.1690505936331,3,0.179020987268566,23,1832,0
7651.384619271849,2,0.2571790825661397,4,1827,0
548.837614432095,2,0.10383691229124077,6,2592,0
104.00142964297287,3,0.06078469352634093,16,3130,0
3072.25011465848,3,0.1133769882046361,0,1730,0
4917.2421495571025,0,0.24828272577406443,15,3649,0
5763.012884525564,4,0.11627218633348275,9,2723,0
3097.4919178463765,3,0.17903974525601396,4,2167,0
3646.4875829976063,0,0.3747856502925992,17,1580,0
1156.2462829245856,3,0.334169323054628,15,3342,0
137.51106361281504,4,0.16497596589459557,8,463,0
1127.6386573390664,2,0.1837622589689998,16,3397,0
2041.7708467435461,5,0.34298200789578664,12,1923,0
957.8871211640909,4,0.11314436483886724,8,802,0
915.2194579398597,3,0.22367547152260617,8,223,0
418.16745442788647,1,0.30144830223253116,16,2024,0
402.72794386766236,5,0.13887140681377635,9,3046,0
6892.219976289464,3,0.04288991568300496,9,2107,0
7146.273920696671,6,0.30865434612165094,11,183,0
1093.7340653620922,5,0.3781825308189834,10,2107,0
1453.2004428567802,3,0.5140599786600426,20,3390,0
411.22558928780427,3,0.08246573119866117,17,793,0
2085.105744929602,3,0.09910051651258295,19,780,0
6371.875750934305,1,0.41452960969114117,17,3008,0
237.64292217433012,0,0.3220415220979189,22,2378,0
1743.9070389648246,4,0.4267783984732295,9,1131,0
1879.9909512453419,5,0.23805965065117288,5,3068,0
1858.6515206711883,1,0.1418951221797924,16,2138,0
5669.28149281699,2,0.16418898774467414,11,3291,0
8400.262313749534,2,0.2333628341840537,6,3292,0
868.2818050168768,3,0.24870776765627892,16,1714,0
2149.8936873530424,0,0.10491374163060754,1,176,0
1193.0086894000199,3,0.26925465558974765,12,296,0
582.8236812415508,3,0.3195102571245131,4,1490,0
1437.7205067118607,0,0.2588994225738505,9,2185,0
2146.297467609229,4,0.20651342764614952,4,3270,0
1362.298581362782,2,0.2663767729730262,3,1961,0
454.32772120888933,3,0.1814124753405919,12,2943,0
689.8259781099237,2,0.03898765529477506,13,583,0
695.1256216628096,3,0.12001692031133813,18,2656,0
472.2724506788889,3,0.17940172921348216,22,934,0
1500.4788681950363,0,0.1972008761781954,1,2956,0
1665.8855056958757,3,0.10800503200734439,18,3119,0
2920.5218670535173,3,0.1012134502244591,14,2350,0
465.1582414261853,5,0.06590256024145805,11,1960,0
615.553161890007,4,0.110918194835923,10,547,0
5190.417686059645,3,0.23613298456481066,14,1450,0
930.2972287823603,4,0.07715909576068732,13,1644,0
1130.1786869525288,4,0.12423097003294378,3,2844,0
920.4809255333184,6,0.14319946490289992,10,2729,0
3405.104195064177,0,0.19565804581711715,16,2312,0
3539.7404375550996,0,0.08380740658656302,22,982,0
3338.270376822893,2,0.16020302327232902,14,969,0
1126.1585549550266,3,0.12931178395660417,22,2641,0
458.3183465726433,8,0.11929304673266806,7,2271,0
7519.185333462526,6,0.3627923312018206,3,3341,0
2581.972645272241,2,0.03735323146236088,23,1331,0
694.6033884738035,4,0.11454088487723589,7,2828,0
4554.262319415353,6,0.25762153691939094,5,2865,0
641.8733979192809,1,0.14738740221543417,2,1365,0
5846.514798267982,7,0.5832884702144332,8,884,1
4809.193076121536,2,0.16262425961643315,6,3043,0
436.3816603960858,4,0.07988148944460562,11,74,0
1962.0758580677073,4,0.27820959003991647,0,1311,0
2397.52133114085,2,0.061446126966202844,22,1050,0
14986.561815620667,2,0.1362805319958763,11,2455,0
522.016335976001,3,0.07830230344380457,8,2626,0
4594.169492990143,4,0.1766025889443977,21,2518,0
4235.929275944857,8,0.2668583424251976,13,202,1
316.9157026961068,5,0.12010608010126178,20,3531,0
972.638838829311,2,0.10852885997671621,7,799,0
2013.8487043321238,12,0.4449311956714258,7,891,1
380.3568180027445,2,0.3254537738967665,2,2921,0
1498.4306691479844,4,0.27267480130408867,0,2567,0
2857.8053682786376,2,0.20537950419073533,8,3572,0
1391.5877689810789,2,0.16701197938710094,19,2524,0
637.8836568108972,6,0.3153993197273991,19,189,0
945.3241944706676,1,0.06822252391161046,23,1099,0
1091.6620639971627,1,0.5070891924212021,9,402,0
1362.8339909648007,3,0.06634821458782884,13,1671,0
3327.0149256925934,2,0.343858878119333,14,589,0
1439.3397110038793,2,0.1908723880704886,21,1155,0
269.6981501946197,6,0.10976736556383185,17,399,0
624.9545505744173,3,0.22960126834989975,10,1864,0
1294.6828632467489,4,0.32457219363704987,12,510,0
3374.911851711408,5,0.2701231525196013,23,1237,0
4015.2160736640585,9,0.12436108895827926,7,49,0
6468.408278804805,4,0.018323354543167348,2,3464,0
1249.6445096626358,2,0.2577578522360504,23,939,0
2352.6771594313886,2,0.2210271147707847,23,78,0
256.09243809111933,2,0.02582925355568098,6,1096,0
1685.6079403265883,4,0.2287761594506464,12,838,0
374.17960093045735,1,0.042859886230826656,4,1689,0
1030.1511357994957,1,0.045832530813451774,21,1126,0
22693.603709966417,2,0.33825711332524483,18,904,0
1485.5706242617498,4,0.08225778918006053,3,684,0
462.2874024159688,1,0.2468020745821318,0,1070,0
1648.776878020202,0,0.13108290478348225,23,3064,0
653.8806310125764,2,0.07000721205772135,11,204,0
419.5807031741316,3,0.021820940741341197,5,1936,0
8983.452324852573,3,0.09919145514327779,8,3349,0
3186.925781528299,1,0.1689451166632312,7,2046,0
1549.266117169438,3,0.351386230432424,6,427,0
741.1304900704711,4,0.07939290238545073,19,316,0
803.6875040161417,2,0.1525185970098582,10,822,0
5128.0557326562675,1,0.45130175368923103,4,332,0
1490.068748286311,2,0.3489667664520661,12,965,0
50.259262436682235,1,0.3301433815648814,20,2987,0
12344.161974288601,0,0.5397857787128563,10,3097,0
1316.9350145399578,2,0.16036976133535563,17,2637,0
1545.9115351353523,5,0.19896976010217773,21,1704,0
3250.9248804364192,0,0.3642067383170588,14,143,0
1746.558968187966,0,0.2830844928723798,23,1240,0
2314.4066285781164,3,0.17851450846296332,14,3028,0
717.861413231936,5,0.1415989550976394,1,1138,0
320.60334575358434,6,0.4071588675731722,16,1540,0
1451.3258275600833,2,0.1865760516278676,20,1882,0
4589.905213898502,3,0.2854435359090954,8,2371,0
573.7521115428059,2,0.03716608824141441,13,379,0
529.5226843393715,1,0.09771921717012343,7,1838,0
3718.2903577595803,2,0.21419963754452986,10,3353,0
694.1963148013366,1,0.18078612239552203,11,355,0
727.3734893809958,1,0.08180923211193689,18,1454,0
755.1041804297022,0,0.1728427419583816,15,648,0
1027.6387965103015,3,0.17151422429023724,17,1294,0
227.32072462208114,3,0.274792705770384,10,1198,0
639.4829041165627,2,0.05219404624798128,19,2350,0
1380.7305458644469,1,0.21574928982031183,4,926,0
1370.920836101376,2,0.21263179779134767,2,863,0
3491.172967536505,1,0.23070879717257786,6,2335,0
6900.797214156064,2,0.07164613216905681,1,2204,0
4976.506643523868,4,0.0527440755081453,5,1086,0
2737.0949072114663,1,0.07080403799107766,16,2857,0
945.076058304013,2,0.24316195575194025,8,32,0
1713.6975031000425,5,0.47301839980008614,15,33,1
1981.2333251953874,9,0.41982639007863914,1,412,1
1969.5862410974567,2,0.25450563213075333,20,1794,0
2494.7350202718117,3,0.15938535724875486,14,2553,0
2044.862304640557,5,0.09838049939704059,19,1318,0
971.4837370380914,3,0.1412695796778161,17,1251,0
2408.747639699997,4,0.09734558405445294,11,2151,0
3869.468759226395,2,0.08431708654911108,11,1069,0
2644.2966287437844,3,0.22804048738921037,8,2762,0
1062.0825663123053,2,0.18163119293552124,11,265,0
476.34925181727044,7,0.2141888900969883,11,1014,0
592.0462798114601,10,0.5143641024833968,7,310,1
554.89692534977,1,0.02223146794983092,5,487,0
1418.1027967903979,2,0.1731867201695414,2,2843,0
1844.2053397977133,1,0.2083438640275658,4,2385,0
266.5249025103518,2,0.21247165589160644,3,3051,0
662.4896212079461,3,0.06317352437808464,19,612,0
1398.6817506089678,5,0.0665501153192171,11,1208,0
446.0005074958094,3,0.21032236630670745,4,1344,0
1692.4020887845425,4,0.20047748891459075,21,2769,0
806.3933970354022,4,0.053783795950784245,4,740,0
531.9660802235917,3,0.10015812092142055,4,3389,0
1156.5600826347234,3,0.2740815101200159,2,1670,0
1623.403791052564,8,0.2121199939200779,10,111,0
469.4074176644004,2,0.1627042661631194,6,2224,0
860.3915877316862,5,0.14180089010501332,23,1258,0
1750.5378758248903,2,0.2946113161066205,0,1608,0
511.7876621643859,3,0.4632125312230988,11,2513,0
208.98096255785518,6,0.3527697495523325,2,485,0
235.90428584574406,4,0.43179162385112324,11,1060,0
721.9451279554921,3,0.16674429361783377,12,201,0
293.4131616282865,2,0.12537443698154568,3,2516,0
774.5468160416932,1,0.25973423709126847,20,952,0
5796.113299762659,0,0.14422940465154455,23,3030,0
276.2763443122421,3,0.27410264248368477,23,757,0
826.6613743895488,3,0.3646203632999515,21,2495,0
9249.312970340749,2,0.08108995346241382,7,2747,0
1649.3393338357052,6,0.4649014177965663,10,2046,0
759.2087044515148,4,0.1664582458764676,9,1044,0
937.4068242894872,2,0.06394341137785985,3,2533,0
1684.7332276676598,4,0.059212285437441885,5,1312,0
21391.810981995564,8,0.46932332440671126,15,406,1
644.9329723268669,1,0.1303521396569885,11,1439,0
514.0855632723443,2,0.09468242104038539,1,883,0
276.21823705080874,5,0.23911090529566942,15,2564,0
1215.725178560286,3,0.20324117394425506,22,2173,0
268.8927577888925,2,0.24823247261483627,20,1785,0
689.6728641086779,0,0.2786710638476943,8,1572,0
442.00295116073374,2,0.3241924440913398,6,730,0
3210.312329286896,3,0.18489035431637504,17,3395,0
1255.3438031777807,5,0.7624938514599556,20,538,1
6102.431937136681,10,0.4719603118319713,13,368,1
220.50227191681458,7,0.2783164074885617,15,1141,0
1250.760386376852,3,0.34442854179216237,11,3535,0
329.25735997735757,1,0.19515696269658608,21,1568,0
716.480835888866,5,0.16323697257818284,9,2818,0
10008.625740832751,5,0.23203435226174082,5,1331,0
2785.476902116994,7,0.26354023881267,0,1987,0
964.4783808039962,2,0.290723401909525,7,2143,0
26874.73513079834,0,0.05738160337145729,1,1525,0
439.1430919014253,3,0.029619886592244998,0,2623,0
3516.4821584751685,2,0.17641122788306848,12,295,0
236.82596420920436,5,0.372515052253296,11,2739,0
859.2648880290267,1,0.2088200469511219,8,349,0
284.92051590775714,6,0.24572457616818133,9,1448,0
1418.3874618687323,5,0.1587468595788228,12,3191,0
1159.762188974974,5,0.10947942192388763,22,1674,0
806.2027008820335,4,0.10136534200728126,4,3134,0
3268.403848921598,4,0.024669761378730653,18,3477,0
1317.7140695931246,4,0.4621485753230884,1,91,1
1520.5870369600043,2,0.18272137580327835,22,2265,0
2491.287540292164,5,0.09056452901274153,8,844,0
248.83220432747345,4,0.24230806433225233,18,2198,0
686.4169610296274,12,0.2730482024052753,14,418,1
1157.3184966508538,3,0.03033397658867309,8,2116,0
2059.365942347973,2,0.16426650908815335,5,2824,0
4542.522556526615,4,0.22780617531811062,13,196,0
883.7022647034163,3,0.14283400159031462,3,1357,0
2938.1427192159654,7,0.4652586271787998,16,721,1
458.24499734254033,2,0.2806617094560518,1,2206,0
1525.357506680377,4,0.06861383055486507,17,1008,0
814.750903219508,1,0.2521746802857776,17,685,0
833.7784646645717,5,0.21767389901614323,16,3041,0
998.35756540375,1,0.04272701438204565,21,619,0
1903.8397789327673,3,0.06530802397712658,3,1678,0
624.0743093778532,4,0.24896158754047581,6,338,0
1338.9097233556522,6,0.7200573907917747,9,254,1
1688.7167266496044,2,0.031913447442840664,22,1542,0
53.21152978337134,4,0.18619875264498678,0,627,0
599.6354134876311,5,0.3392744617792203,4,1748,0
346.7799748501661,2,0.31450294134581475,7,1784,0
3652.8326826290763,2,0.02776409418724465,8,3497,0
705.6132179624508,4,0.08333963777917149,18,2982,0
625.9583809176181,4,0.22846626223181887,4,2439,0
1044.5876724812738,1,0.12805147270591716,8,3520,0
604.6365728702305,6,0.36917528675590844,8,1479,0
733.1511161655485,3,0.0962555434221959,1,133,0
1208.4700419942537,2,0.12408539199437642,10,944,0
719.0706148559676,9,0.25523491131255793,23,1237,0
713.9283075668465,5,0.24809727516795427,7,1200,0
399.35163770787403,4,0.7189301883396736,4,1128,0
345.923018175069,1,0.023443470244707474,6,2175,0
3503.2756016650437,10,0.62699618753728,7,847,1
1490.1029787194461,4,0.3433835450516479,8,2798,0
262.918304913076,5,0.2875754327963552,1,2769,0
2344.7672339566066,5,0.1144613254141326,22,2185,0
8141.513111131577,12,0.5350597306337526,21,618,1
2906.454226290766,0,0.25238980287957197,3,3033,0
1480.1357488392166,1,0.08861601440113798,7,3406,0
2073.6841776986744,2,0.2965812102279978,11,1489,0
9750.031985770145,1,0.21901368265544324,6,3118,0
811.17060774353,4,0.3191131963024925,17,1417,0
385.41030694018946,0,0.2366279299626723,19,265,0
236.49808644995073,2,0.21603357067392356,5,1492,0
6346.596286046415,2,0.4465777899510037,13,1230,0
6430.369359240924,4,0.07184816356395338,6,1461,0
435.02358937461673,4,0.13034472741378514,22,1852,0
529.8951661803108,2,0.42308323100460526,7,699,0
793.147306161307,0,0.19802748903459602,18,2088,0
3730.3482472211344,4,0.032666796786362355,14,205,0
302.68655602698954,3,0.15657832646349226,5,2340,0
153.4508737537511,3,0.23889875559199877,0,1687,0
9580.781813521447,3,0.2675826343943593,6,1836,0
1498.7298877767514,3,0.2012318398420419,23,1149,0
1727.4702013600704,2,0.3416254966797842,11,2909,0
893.2745628337492,3,0.055618894332646863,15,1751,0
1747.2264496063467,2,0.22007981717065545,13,3440,0
241.2404410055124,2,0.1118093333201561,10,336,0
472.9924531786334,2,0.22027368096005323,11,1458,0
1218.2344099096244,4,0.04000376259755663,6,2112,0
113.1946730839722,1,0.17157685879006926,12,2082,0
810.3630735481664,0,0.1688140427723889,9,3173,0
761.9154790598296,3,0.023350750423885104,23,3162,0
810.2232022573287,3,0.04843088664972152,9,857,0
632.0182006183954,2,0.2840765197490282,9,2888,0
405.08951773433967,3,0.26938911471108307,15,1923,0
177.32215265166346,5,0.21449222448538047,9,951,0
1267.4306844777698,4,0.2901574010556024,9,3267,0
812.3051038162192,1,0.2867437764233757,18,127,0
277.19423045128076,4,0.18625252288350758,8,851,0
1167.3989260673013,2,0.35415849923444465,21,2281,0
816.5186919538978,3,0.135244174317203,2,1917,0
691.5780728436903,0,0.0846031207024029,7,1504,0
126.8626637057101,2,0.15849924937208842,6,474,0
5571.783430732843,4,0.7056481064550301,21,501,1
319.56124957057045,3,0.16452907235485298,13,3552,0
1168.2594316248917,3,0.2078916499612884,20,51,0
488.6915711173979,3,0.3171899980252687,7,1912,0
743.4291601312542,2,0.1275258187537678,6,3313,0
3471.32794129871,5,0.2949006886978757,19,3438,0
1866.1228230351187,7,0.12339898183756005,5,333,0
3394.935177496059,5,0.02521405868662364,4,129,0
1525.969911814592,2,0.22400646158402515,16,2986,0
3189.6726806664005,9,0.37024303690606775,20,806,1
184.72366390721518,5,0.282456119119075,17,2702,0
798.2924477039596,5,0.34443848260543597,0,24,0
875.7591131665426,3,0.25954763246397233,17,2061,0
3728.14034151086,4,0.0827649553266068,7,1650,0
661.0111262051948,4,0.17586791124231133,0,2917,0
1429.184826131046,3,0.3440646156577904,23,948,0
1374.3790980841243,3,0.2232075799784752,16,2251,0
3490.0633269185805,3,0.2144023850079477,20,499,0
959.3499480893411,2,0.43322590038295467,22,1917,0
2509.369859696172,2,0.30560254396325937,16,1788,0
199.36451162035834,4,0.2742671571640927,8,215,0
218.32408058214673,4,0.250688351818886,5,2313,0
111.79374995707728,4,0.18791896789576312,3,536,0
2406.6354570100993,2,0.20633910817363604,15,279,0
7542.292274992444,9,0.614790545034691,14,801,1
2688.738958179676,3,0.11245823940421702,23,275,0
557.0406203532418,1,0.1534938375535315,4,2514,0
624.1884602894759,5,0.09181046544188681,23,2070,0
971.6079284920661,5,0.2366378205513509,5,2495,0
4645.709121268096,6,0.07034491280257547,11,1345,0
5965.977105801464,2,0.11297414978305209,1,2507,0
2425.5376492817973,1,0.18724542673494524,3,3034,0
1526.9380349633866,3,0.3322437773240733,6,2045,0
4168.796640386783,3,0.05238172510427077,20,3121,0
849.0835088084423,2,0.09594384741131531,15,2575,0
741.7842773166966,5,0.015441827208529747,0,51,0
963.8906739234578,0,0.10195486065176217,5,1711,0
412.1080740394056,1,0.07905549500177082,12,694,0
920.5677834718975,0,0.2743309353672524,13,1492,0
358.73787055982916,3,0.0768681433902414,11,2104,0
8741.968538095962,11,0.5570265254550398,18,217,1
1888.7818775452668,1,0.13586724362133454,9,2028,0
4580.4952183844725,4,0.03338983603819359,11,2773,0
215.0170219997999,3,0.24884253654344285,11,3582,0
7344.42607174118,2,0.2556866384875857,20,1355,0
227.5851800705306,1,0.18906468936344928,18,1145,0
330.85887499120213,7,0.38826116295279606,5,3268,0
589.4432534289663,6,0.010863087705706688,17,2778,0
4055.0597120191646,4,0.27009236436834155,23,1225,0
1374.1264474072245,1,0.20645210712850662,16,2213,0
859.3452391761452,1,0.23997105528967752,5,1849,0
496.39529019124933,2,0.07312214644027241,5,3067,0
277.01311436352853,4,0.05535996906758503,15,2993,0
3403.730529601725,3,0.44915384489810617,2,1247,0
2437.2832139463712,3,0.35545022238881935,12,3386,0
4240.558991238088,0,0.24464292954092598,22,3469,0
1630.7872081137202,2,0.10035570864885203,6,3047,0
78.09277488139078,5,0.5341806955643379,9,3452,0
315.89727048116174,4,0.30106044081943273,4,2903,0
1745.6308812776058,11,0.11705263827062898,21,2931,0
757.6965493107119,7,0.25282344442457594,1,876,0
627.1326197827694,6,0.32095132166076507,0,2594,0
363.86147612545653,4,0.176314454895034,19,217,0
2828.748219208501,4,0.33170954013198284,13,3108,0
1730.546679723056,3,0.1520648119825061,3,1212,0
1810.1974793255024,4,0.25859681717762556,19,633,0
581.9576921652347,6,0.21580563051025575,15,756,0
1308.0434614845667,0,0.09543541561338752,14,441,0
287.7911587328078,2,0.17638276084606166,4,3022,0
963.1142256573886,3,0.15296724030848619,0,3462,0
87.53777560570963,4,0.436818464848679,13,3547,0
228.57945195633303,4,0.053172393930752584,19,453,0
794.4802726281512,3,0.08014003362885304,2,265,0
11791.310563681074,4,0.21644487162781548,15,1380,0
181.13759332262435,5,0.04610444176095029,8,2586,0
316.21406573776136,3,0.30759817795132693,17,2378,0
1362.088955102123,5,0.14833816141330003,15,2614,0
6434.458105627327,5,0.1483692866141034,21,1139,0
1342.3438368706425,0,0.09326215276835953,19,248,0
2213.083016173177,3,0.22837917914727118,7,1717,0
782.4235745388767,0,0.2950928592816513,22,2710,0
658.1141595677308,5,0.17254609073419916,13,777,0
1190.5662961965409,6,0.1247068311231474,20,3592,0
1780.7465106885932,14,0.36047222077264124,9,862,1
2262.598790019265,3,0.18698578083677436,5,883,0
220.0221231467265,5,0.26394704849598777,2,3520,0
2670.409292098264,2,0.10123349999243768,4,1605,0
1140.6037566638927,2,0.0460652870022138,17,2836,0
884.7270075693231,4,0.07830579377147065,6,1081,0
212.0910025361733,2,0.1913128924472786,21,1001,0
411.66558300011974,6,0.2254298528304695,23,2695,0
3636.0436971135746,2,0.2928202432029181,16,2149,0
890.1598042691388,4,0.23743852825723863,23,2518,0
1448.6660781090932,3,0.4683485363723316,15,3218,0
455.07761493794885,6,0.2851188767366099,23,1743,0
1065.2293038790701,2,0.1734170333973232,6,478,0
278.06306816951303,1,0.08427586203915674,16,1382,0
1211.8243789673909,3,0.09145582265972625,3,330,0
1588.6516193314962,1,0.41102628745061254,10,2959,0
1511.1326186019974,3,0.2621345768914503,8,3067,0
444.2623069950196,5,0.19072923823710827,19,374,0
1537.1666176886554,1,0.5966999383848638,9,479,1
1876.5572855527878,3,0.20638574062638934,20,3300,0
887.6365820015238,3,0.29049305621106314,20,2548,0
822.7847453315715,5,0.2539340266632666,7,1513,0
7357.442085798593,5,0.14413524482949772,7,2404,0
423.69373924378306,0,0.1779509868006663,6,2089,0
3230.584850490006,4,0.28463642631733416,12,3381,0
345.61289097013486,2,0.12214575793426664,23,2174,0
2110.7130035664095,2,0.20802562769635463,20,2710,0
2226.42526513528,8,0.13818463896997987,14,2935,0
658.2829439767817,1,0.10216318899012015,14,191,0
324.57711392866753,1,0.29260142367193087,23,467,0
152.86677588090276,2,0.212297712975834,7,1696,0
592.817438709101,4,0.08399352341633971,15,705,0
1856.0737488942482,5,0.19613844069388886,8,402,0
373.2960643113375,3,0.05942381736073837,23,1906,0
1208.2744917156047,3,0.14662577358718404,12,1363,0
250.52787758294264,3,0.6595855489999104,12,2411,0
867.9306436996309,6,0.22898085689791706,19,2844,0
348.2623572232117,3,0.24615030433032764,19,603,0
1014.3664385454997,2,0.30325774801673916,9,665,0
664.4240202570664,5,0.1526416343967144,12,981,0
333.4969979821532,1,0.16543149917239272,8,705,0
567.4351797409374,4,0.2793287205185984,21,1244,0
430.88582066569484,3,0.1432872124994168,1,759,0
294.7346027638968,4,0.02918481999236827,8,2920,0
3238.11233157429,5,0.07983581909949924,19,1109,0
764.9612168008716,3,0.24468893980414808,12,1399,0
441.9440947165825,11,0.4417365359971633,16,249,1
587.9954397876156,6,0.11852404346706316,4,3405,0
2737.2573031699258,4,0.3105491699931841,19,3168,0
512.1621974379855,1,0.22953463879424554,19,1196,0
4903.693021746663,3,0.17726408166551286,4,2246,0
465.6051442664412,2,0.20669427151436734,7,510,0
1814.214835927187,4,0.17091975332335085,12,1476,0
3092.2015273075867,4,0.34540357210639916,0,368,0
1720.1967835628182,4,0.11276641969925674,6,1563,0
277.41262683583204,2,0.3354989372625486,5,2565,0
427.319263301275,3,0.4714291567090497,11,320,0
3533.5948059802445,2,0.26348295970068764,21,2522,0
1271.8120525089969,6,0.31260612637600904,16,825,1
2909.3254055778184,4,0.10590371703066612,10,2641,0
713.1667600888632,5,0.24550903730461537,21,3511,0
1263.2427679739928,4,0.11595742537437666,3,1424,0
274.20958506182495,2,0.18076486887549537,3,1326,0
596.8897513823724,3,0.04792107698221457,14,1341,0
457.0046745243027,1,0.04236595224409245,14,2758,0
1374.1623858590683,3,0.20438263111016292,22,24,0
1203.7507422367487,2,0.3254714880112672,21,2452,0
1741.7574239385146,1,0.07511795884411297,17,1357,0
671.4754779016841,4,0.07952006914934019,10,1017,0
432.58114562054936,3,0.11071416156861633,15,270,0
1316.4961908548685,3,0.03267363163197033,7,721,0
391.6666506407697,0,0.0852231100402237,14,2147,0
3224.143222275673,2,0.1353326803940788,9,2873,0
977.9686491243007,3,0.0848477309120422,12,281,0
2462.182110253646,11,0.3501405562370092,10,441,1
1740.9315504173253,0,0.054762786319721514,10,3229,0
1016.0069824127272,3,0.3143481239460631,14,3272,0
208.91934808636094,2,0.03489487014918193,6,1913,0
379.3920490391162,4,0.3727815920992618,23,2068,0
3158.045819909228,4,0.12287999742495265,13,3010,0
1192.5919752071402,1,0.21773604311280417,16,2122,0
204.06369951673588,0,0.058189630052685695,2,2118,0
1559.4867921315977,1,0.22335386059706736,18,15,0
626.8712521851367,3,0.14285241827333064,0,2243,0
457.37336449937516,4,0.058934015183228265,6,2410,0
349.0193184397945,3,0.35219062088507275,14,2770,0
2980.747751419761,2,0.18047787187418093,12,3363,0
153.62301212202226,2,0.0708779371088515,8,390,0
474.5979030124612,2,0.1520456956166745,0,1091,0
1236.6071831665881,8,0.0719069261484993,19,506,0
5315.397460607878,3,0.14734979216904134,16,449,0
1908.0903351431145,5,0.0764903168161182,18,3316,0
470.5844272443209,2,0.2840881046911065,7,3208,0
5061.172496459713,1,0.30036382232818337,20,551,0
282.83865186303706,4,0.26187251685225066,4,2573,0
1429.8662184629761,4,0.2003033086367383,11,3398,0
1786.090881700173,5,0.107448113068782,0,240,0
454.3575380280847,4,0.29613015100575746,20,400,0
2203.039004649551,1,0.4049860043293542,6,2457,0
655.966598717777,4,0.24644831966403666,15,2307,0
2197.646793416791,5,0.2020523441701841,12,3533,0
174.2349206694815,1,0.22734019672032701,22,2955,0
1532.9911260360575,5,0.30503495362387584,2,2286,0
726.2492876509731,2,0.17832866089967933,11,2676,0
3462.3533055426547,0,0.0077731569817046774,8,3398,0
1049.4476637562852,5,0.3608853761594031,16,2855,0
3824.6779005951144,2,0.20715165304743163,4,437,0
1821.8591415475062,3,0.16931124315347937,5,1324,0
965.3507829667583,2,0.2555278456188009,9,1737,0
2410.692451802421,4,0.12971572180591068,19,3373,0
2426.1440480824904,4,0.10532867469963102,3,386,0
1757.961194768919,6,0.26649193172417907,17,1954,0
110.79688114152543,4,0.21265366496795668,13,2531,0
410.52610056058313,2,0.15569859318377371,15,731,0
4376.943140141201,5,0.14731811011650017,12,1637,0
312.3280708715913,5,0.06749149625182331,3,3309,0
2650.3875407112378,1,0.1754218384506932,8,1649,0
2222.643776823218,3,0.22830394839997703,11,3043,0
530.7269329569923,5,0.15403198058231057,6,34,0
149.12253833419035,5,0.05544171722592872,23,2257,0
620.8486932296038,4,0.2979331070805083,10,2721,0
8760.559428856835,1,0.06938909617303587,23,1524,0
462.53522110369283,4,0.3618282523725943,0,2742,0
495.58686957197193,2,0.2989143837024133,22,3030,0
404.405298703449,6,0.35947312705039625,7,3395,0
3695.179740874416,7,0.1791638157637434,22,2852,0
860.1306431715533,6,0.4311812286269097,10,374,0
586.4537287098324,3,0.5036490252676727,16,1915,0
4507.39210128778,4,0.22859202549602076,6,1076,0
1957.63832197502,4,0.12595031915010954,15,893,0
437.33948991647003,4,0.3281332811511237,21,1396,0
322.6009430408964,1,0.20978679236571043,21,2643,0
3491.790653613759,0,0.03197573537003851,17,453,0
1115.1990227902095,7,0.2612947772836347,10,3032,0
232.97612491601916,3,0.20336719948386575,6,1035,0
184.35888375043325,5,0.49534862040106625,7,664,0
359.2294370614363,4,0.24902465487835618,5,318,0
317.5119361810013,2,0.13644739031550435,20,507,0
382.4803267925863,4,0.44385212725654927,0,386,1
365.2174805814756,0,0.02446580295209442,2,2787,0
437.4312009044046,5,0.1088058774216592,6,3213,0
964.2448508983856,12,0.7840115851473929,9,316,1
5960.502360177604,3,0.16492398018541057,23,256,0
839.7940875362549,2,0.11713040934415694,20,1116,0
927.4372732317655,5,0.6909318987132207,4,1711,0
4467.460851974044,6,0.5436219560910951,19,399,1
864.95884601037,5,0.15857672168068512,16,1294,0
1636.2346956732506,3,0.07951285513986572,9,425,0
1451.8804785547488,3,0.13881483026706662,9,2037,0
1239.6552126238994,4,0.41315912837349933,10,2842,0
17439.030135481236,1,0.073172456865391,19,3400,0
2727.4594323862066,2,0.3653119229739986,9,2952,0
1265.74238607508,14,0.3375961762810923,23,499,1
1587.9865725355162,3,0.19898038653359934,18,613,0
496.83759066188594,4,0.1259215087047962,9,3449,0
1713.427045426997,1,0.1048104545815178,7,2731,0
277.2203238226794,1,0.6474510892402989,9,2798,0
362.2086952466124,2,0.07468399192686273,11,1411,0
1546.7443204666654,5,0.1485636154130949,23,767,0
2974.017804136042,2,0.36289458514362627,6,1901,0
1812.8298361767515,1,0.2577004600971678,2,3559,0
2576.320080957255,3,0.33212541831256426,19,3315,0
1593.7078456422653,5,0.18273271705919203,9,1718,0
1303.0931963782075,3,0.11803564575011338,23,3143,0
662.6896133506173,3,0.20234638769371657,13,2624,0
2472.541402902925,4,0.13804607008393305,2,1568,0
3056.052204688838,3,0.29499739084944304,11,115,0
1029.5574293791044,2,0.10122257675922083,10,3058,0
975.6207725788578,3,0.38973573061782774,20,591,0
5385.17890415123,4,0.11563792587964014,15,958,0
1074.465083724073,4,0.20947525014278817,5,3147,0
1182.8545075040176,4,0.08131735910056041,7,521,0
1779.745948882333,1,0.5384717963759481,0,56,0
994.4539017686175,1,0.0361612342859672,5,1392,0
482.8276111720943,1,0.1578152541628273,9,2609,0
1600.3307018444896,5,0.1891518083028685,1,1802,0
1054.9461373662398,3,0.4294618350215382,5,1244,0
6920.544679845456,2,0.23624741991765733,11,2022,0
2412.57169351891,3,0.11705575196839252,21,1750,0
604.5701523673349,5,0.21943440397998618,7,662,0
2273.464638086205,6,0.12982238129292986,14,606,0
1491.989636555165,3,0.4159747326794314,0,1732,0
4061.9819639686925,1,0.12992376351386928,8,2251,0
2369.8447241384883,11,0.8855687148037675,13,635,1
1324.3488032434834,2,0.03280750611225551,6,724,0
993.1744723801023,2,0.3324663505121755,15,1339,0
1162.6758828101988,2,0.029666029746380183,4,276,0
452.5060127948202,3,0.04141763329598539,22,2151,0
1950.6377861705703,2,0.07888057389060828,2,868,0
1665.6392719611074,2,0.04024470616501411,10,1315,0
3964.8512473019455,2,0.19614927028020065,13,1651,0
1085.6934084914753,4,0.13326275779169877,8,30,0
726.4433415601801,5,0.10442762700804639,10,2306,0
2414.6131766186204,2,0.20324779343999652,3,2475,0
495.6131180342324,0,0.23044599038970776,6,1757,0
3245.3696458460463,1,0.17925747586111687,17,1836,0
3238.4237626911427,1,0.19460865255541906,18,1915,0
14379.407221014864,13,0.4336175754823713,0,839,1
1598.1835541896955,6,0.09436058674331237,7,277,0
674.184368586064,5,0.03174098833209279,22,306,0
1223.1536069716424,6,0.09961328403391648,17,1885,0
1603.7002510824166,10,0.1599712617765071,5,1410,0
626.3180785862584,1,0.12355616590634955,14,1044,0
4159.359141754774,5,0.18992973809799676,3,3429,0
1958.7938253635903,2,0.07763036166846157,2,1606,0
449.33874418122934,8,0.09591129098582596,13,1338,0
15964.968343786592,0,0.5648361361575721,11,396,1
1208.807088679824,3,0.506815951273279,14,3569,0
367.19643759111125,4,0.025171118602048143,18,2864,0
478.06460356120533,6,0.14301370881356334,14,2639,0
4855.093296712223,3,0.10745346532524543,12,63,0
6802.088090889549,0,0.1799037057079427,5,3555,0
3009.36705072967,2,0.13316911247840885,19,1636,0
4102.322880941434,5,0.3648460563333528,19,3128,0
3701.9517472069238,4,0.3473139094872527,11,1419,0
1913.9341226914637,1,0.401392788216971,1,2973,0
1523.9208326403736,4,0.2531831898609655,18,1190,0
1881.5725980302905,4,0.11035253930897461,23,643,0
2289.33221108876,1,0.15936044953460426,3,2434,0
522.3835005237105,3,0.20895890108993426,11,1143,0
2280.0638576833,2,0.4044863828433966,5,912,0
4715.531185180938,6,0.21538537746020014,5,2481,0
892.1440152936723,3,0.09698670763023066,6,1968,0
801.7142235903816,2,0.07654855804191085,14,1206,0
1766.130561806059,2,0.21182369137271645,9,2989,0
572.6887924806531,3,0.145333079857853,9,2127,0
293.88289844118134,4,0.09077686371125146,16,2943,0
3455.4882394805345,6,0.27070262912208526,2,348,0
698.579327057922,1,0.06939679588281635,6,1689,0
1117.0522540923807,3,0.30250855234400786,5,1792,0
595.7820778386202,1,0.134073295294961,7,606,0
3931.415487345605,2,0.21609681375390513,16,2715,0
2573.8964503922325,2,0.3428475178694642,6,3560,0
862.0044722250076,2,0.08799432231458301,19,2810,0
337.0066406116327,1,0.3051850847757372,5,888,0
775.1605701177944,2,0.18881010506840665,11,1409,0
1939.4364107911201,1,0.2190552887468131,23,301,0
1324.2952419931157,5,0.07508974295875308,12,2650,0
1223.0439172078704,2,0.24558362899179353,0,3407,0
1355.1924591081843,2,0.19283094427745784,10,2042,0
2342.083581242831,4,0.11803357367718392,15,3116,0
1051.6764573374257,7,0.2833139034757141,4,1248,0
1719.886278481085,5,0.22548017131746068,6,1516,0
408.7406274877117,5,0.14297652046871367,10,233,0
14098.88192291983,0,0.26251179420121906,4,3291,0
825.6250044642827,5,0.15233010167643574,10,193,0
1344.2520058835366,2,0.1259985632790697,4,1964,0
1932.2985364093988,2,0.17903381569592283,17,563,0
727.2057774351073,2,0.12690765179972938,4,2697,0
1105.247746997819,1,0.3587482879302918,1,2902,0
1091.9007617498378,4,0.22534444595243042,23,230,0
439.64250473553994,3,0.22062374921373645,6,401,0
1700.3500583785478,1,0.10531417762029502,4,3468,0
210.77224896843236,3,0.3755559692304848,13,1716,0
6327.803410882352,2,0.36537175573845304,17,2415,0
2423.5068577705974,3,0.1623047170501153,5,357,0
2077.9193460612173,5,0.38485669592822985,17,3484,0
193.1289088730932,3,0.1997925796775286,10,2569,0
496.44431728225555,4,0.07546881711151131,3,3426,0
4399.935324429622,5,0.3407467748879443,11,282,0
69650.23805238123,3,0.01611442942780357,23,3405,0
3621.677028395171,3,0.061768782904593166,3,2274,0
3093.144253355056,4,0.2302519717700622,9,1264,0
1853.7654504441555,4,0.33762247229332454,7,2442,0
469.89196392399583,4,0.27621840805982956,21,2761,0
2966.6067885106418,2,0.33194884839687905,14,648,0
364.5970105323481,0,0.09014453527448188,17,2484,0
326.8217237305212,2,0.21542449828171042,18,806,0
306.8842604036252,2,0.3245422414006004,13,2266,0
2909.45962341713,1,0.2686968317336971,11,3525,0
1035.4443581122605,0,0.3720129444788777,11,1184,0
2239.431047871965,5,0.415899753431643,0,547,1
1079.8701300665862,2,0.08649536054119417,22,1832,0
355.7696457090987,3,0.10159801419412705,16,2955,0
560.746590976875,5,0.18309883456707898,19,894,0
589.6763303534747,3,0.08583415367502342,8,2573,0
269.00461962314995,8,0.12985497320588862,23,1689,0
662.3472099024542,5,0.07642320942489027,10,773,0
371.92549189362217,3,0.11729677599108568,3,1815,0
1954.0816716071447,4,0.32251152032916475,21,3194,0
2123.818791459329,5,0.08666637901599532,15,3396,0
300.7745188928827,3,0.25253235929211926,10,257,0
815.1468130683488,4,0.08937947811785085,7,3465,0
7016.781255903572,0,0.25212305562566495,21,2022,0
411.264723113118,2,0.1702609740051603,12,1224,0
1680.1490988840608,5,0.21444047234859664,6,576,0
1218.677988250743,2,0.5947996595735752,9,2614,0
3271.1194928020936,4,0.3592902204057916,16,2026,0
1473.604679949369,5,0.17094310182839614,21,3324,0
712.446286602333,4,0.035523509673288205,10,2091,0
1172.3483131139974,6,0.09399243534959238,13,1455,0
1189.5970840653217,2,0.2309927053288489,22,4,0
1000.5496897591129,3,0.4458919049594775,10,687,0
293.20984425659185,2,0.21467371263474083,17,2901,0
3801.262804936333,3,0.2035243135927512,18,22,0
4736.928643186649,11,0.5147340982210798,6,760,1
385.98981114928495,5,0.33892872589041045,3,2815,0
811.8165311857297,4,0.4871517071868626,10,393,0
875.6043473622325,4,0.27685479571935834,14,2868,0
344.97819064119915,2,0.0295355268667699,22,2823,0
169.55947194915115,4,0.1363372282042184,8,3083,0
2217.043951210617,14,0.56891667547222,15,359,1
2280.145075727813,2,0.47522518489359905,10,799,1
259.5025856786765,2,0.23471902447004622,20,3555,0
1308.9463297121297,1,0.061653808412082935,7,1193,0
3508.192769279799,3,0.3098423260953997,7,3300,0
2545.5859701723543,2,0.1726635203104333,11,309,0
966.1454061418415,2,0.15247062954341203,18,321,0
174.09276746251405,3,0.36018799081183756,5,2004,0
2243.2979039507163,4,0.24097482120025845,3,2009,0
1269.517478494539,4,0.06000034637473212,13,1894,0
1676.3114769626638,4,0.0760698000252921,20,2193,0
19001.2415887438,5,0.743495053451806,20,293,1
1540.7609441556315,10,0.5848269257677258,13,244,1
61.8791981129867,2,0.09074189919710084,13,2034,0
382.4299205338612,1,0.218921225485404,1,3376,0
1782.9865391223584,7,0.4439528517409816,6,3367,0
1126.5621190356865,2,0.0690374141285482,6,1140,0
325.17512078676833,6,0.18684609515027623,22,1037,0
265.1465300684053,3,0.27945117929962937,11,258,0
769.2307458984301,9,0.1901915264134165,8,2792,0
315.42007761187085,3,0.197166794344179,12,3501,0
1845.7360467646145,4,0.27846078433959986,18,684,0
726.7431481858761,2,0.07540456292238329,17,758,0
585.7435792079258,3,0.14892533559838858,12,284,0
513.7432346077355,4,0.5473102895609586,13,1336,0
1426.704797229498,4,0.030834516226766476,15,2533,0
1144.3696309841814,3,0.19986948075454986,18,1854,0
1342.0549591535023,2,0.22158021835001132,4,2766,0
1313.0782170871128,3,0.1642439979616332,19,972,0
1020.2515192731366,1,0.14245163742118547,18,2821,0
390.28194605885886,3,0.0802624054647792,14,3135,0
528.2765276761726,4,0.3448484884045067,13,174,0
739.0200817944541,3,0.1405925042750919,5,1919,0
8648.967581721628,3,0.021857924702729768,12,3011,0
284.6224825597295,3,0.18185169540521157,15,2137,0
721.2771763903369,6,0.369282167079982,3,1233,0
1209.8686271710997,1,0.1348753592813196,10,2524,0
809.7027837820801,0,0.07653992999407233,6,2696,0
3209.818079412094,5,0.12843353033263993,1,3458,0
805.5313078803398,1,0.14628514635446133,21,3134,0
867.3638904109396,3,0.14228147361284463,11,2750,0
2476.5667712728696,1,0.11595093153981456,6,943,0
6705.6897600696475,2,0.2059548615311463,19,688,0
4480.537849739446,2,0.25408154623081125,2,282,0
956.5624873266224,2,0.31658312272575695,10,2760,0
1043.6566011861112,1,0.09909346114225336,14,1313,0
1149.0826929843747,4,0.24871559473018648,8,2046,0
1270.2886136320878,4,0.0805166125137313,14,681,0
469.9620212801308,2,0.19417147442470106,4,3273,0
2797.81434103667,1,0.1436511760091416,7,2958,0
1348.3125514947033,3,0.09742355856572815,13,3469,0
1048.52931735345,1,0.013889190688539313,1,2137,0
307.6167295299037,1,0.11913529883790441,6,3436,0
1167.1103756495068,2,0.10510540676885359,11,1635,0
165.13902531190254,2,0.34592687793085986,14,2324,0
612.9912464418449,6,0.09461917272119719,17,2777,0
624.4693777408064,8,0.36881171889117687,0,2651,0
1461.1735498402763,2,0.2608892262798468,1,2680,0
12057.21212180968,9,0.7506206330602971,8,291,1
1942.8426550188549,2,0.12548576013456403,21,2767,0
4667.60827427894,7,0.18401866769754047,18,3032,0
2090.612100438209,2,0.12404138322985858,17,1066,0
3378.0486176063823,6,0.33775695739971423,0,90,0
7024.275470021755,0,0.17928262905729467,11,3295,0
527.5075445422708,3,0.06075330071138284,2,1776,0
494.17789607190485,1,0.2003846877925024,19,202,0
2140.5346226370207,2,0.07249735838451046,23,3185,0
1092.6066539281887,3,0.4031339983195635,9,226,0
1366.9726549189813,3,0.24188693774510156,0,3455,0
855.1980742472471,4,0.07035012276785654,15,2404,0
604.10092779597,4,0.06159789861074277,18,3118,0
5545.625339311426,1,0.14345961134233268,1,752,0
365.0881700456634,3,0.09262352877850052,8,58,0
2178.500901210884,2,0.34424171779949675,19,1025,0
1852.3831638423362,1,0.048020391030371326,6,2468,0
226.1021079730991,3,0.1301366023874406,10,2399,0
477.81310867762033,1,0.09631756182264319,17,2188,0
565.2733610737118,5,0.32881307382919756,2,2198,0
1928.6665055239137,4,0.2960069548989418,20,29,0
759.7313576902882,3,0.3848799091636713,14,1691,0
1006.6771075537896,5,0.308877078204384,10,1067,0
255.277871240516,4,0.10099212964548153,9,3236,0
11225.145972026161,3,0.07023673259017268,0,220,0
1177.5550998687384,3,0.3332073731655959,14,971,0
1806.2368964916695,6,0.14646968385006873,21,1952,0
638.6614561719574,1,0.3278900138567721,8,3143,0
570.9905576087486,3,0.32444449943674813,21,2426,0
7425.569454609362,2,0.1392972228957135,14,718,0
161.30200140059068,2,0.18024659824820918,14,2592,0
4167.440772526846,5,0.5507579444562636,15,796,1
326.5216020119287,4,0.17402682085945778,5,378,0
731.4280423314407,1,0.04220138791616809,17,2554,0
1778.814344158455,5,0.4921532434714256,23,675,1
409.12564795608085,3,0.0797972975433273,19,2687,0
2094.131284233637,12,0.7759077872662838,10,268,1
84.09699648226879,2,0.17792959827488927,18,1261,0
799.9198363473507,1,0.2040446366675484,21,1884,0
1001.9566574286665,1,0.09146761987141078,19,3463,0
281.66641736499713,3,0.4949492764777489,5,3066,0
4980.167088927834,3,0.16899704670286236,1,1972,0
605.1894958093503,4,0.2776729335203976,21,3452,0
864.8151265308406,1,0.1795704037575626,4,1887,0
606.546161077358,4,0.18721662453252302,18,195,0
1010.7358203367686,2,0.2650480886004336,3,2998,0
4056.776994054828,1,0.39416542916126657,10,993,0
13004.045806666487,3,0.04127631284096722,6,1879,0
2311.470552307181,0,0.1558061825428071,1,3367,0
3255.1504246069326,4,0.018985136028197864,17,2567,0
6102.33937949266,1,0.18915451592726365,9,2302,0
1406.5161028807813,3,0.42184054815921573,18,3041,0
11476.93081129964,6,0.7207820009322489,20,602,1
2422.126451748665,2,0.16992869628497984,4,1519,0
1266.4681984194272,5,0.26113074160649236,16,1524,0
1556.7273349730162,1,0.2895779933655478,12,1871,0
177.4312192493325,6,0.17992830940976529,7,447,0
1468.6799166728301,0,0.21645919144007145,8,2645,0
234.21804074377408,3,0.15373238594814953,14,1400,0
215.88175956699956,5,0.09410219953737796,23,1328,0
1329.9261442372408,2,0.05665999430738421,22,193,0
359.93426040900795,3,0.39306828237648656,8,704,0
1088.8596649996045,3,0.2799049440376236,9,493,0
1259.4551922673477,7,0.3532243836381491,23,3179,0
1316.918215619735,1,0.17439372648272275,5,2042,0
444.023990201495,4,0.27720806501955136,17,971,0
2693.7306821890156,2,0.09588243117647421,20,1783,0
1003.014017596653,2,0.3681619540639049,1,3078,0
1704.5828212691843,4,0.12380524618800147,12,1315,0
410.9990290189917,2,0.4685891943736567,3,530,1
917.5182247360777,3,0.0421771915467816,13,2232,0
3285.5668833815043,1,0.3056172078948162,11,2757,0
2893.37127334827,1,0.16734057187552742,22,2224,0
494.0848764351879,6,0.08223078460021938,1,3598,0
635.5188865752747,5,0.2494400223901561,9,2563,0
408.01880741052946,1,0.11175132267759974,15,1210,0
568.8331069721067,3,0.1093179812337732,17,1362,0
270.67868664472877,2,0.2904575601299656,12,2929,0
955.1077177652837,0,0.0703822397188072,20,2569,0
2065.522289645481,4,0.14397730220514743,4,847,0
500.16954762826606,4,0.1400963679971763,14,2934,0
1001.6397813301695,1,0.03691162713397056,11,1820,0
879.6302004304409,4,0.06589983296061377,14,3457,0
11504.678702056495,10,0.36664907287117754,13,622,1
594.9088277876202,2,0.06601731172526805,11,391,0
616.9474760655545,3,0.13719003872629448,0,321,0
470.58606828822803,1,0.16683221319761493,2,2665,0
351.59870404363687,7,0.1959167272887081,21,2012,0
1861.5876752414638,5,0.23296186721152143,6,438,0
958.0396866413345,1,0.1630504930737673,11,753,0
1158.4171886889633,5,0.23264428895462183,9,1487,0
3923.1145924480816,1,0.18997929321862295,7,3608,0
4155.05409279434,2,0.10309065417388283,6,1667,0
211.40287901892734,4,0.18593842728844745,13,3114,0
2096.101926042306,1,0.19667045984362427,6,236,0
1374.2273511317374,0,0.15388854486463935,22,2380,0
691.186026402597,4,0.24890925945257467,20,1584,0
1521.852599316902,4,0.2523139012094684,7,1330,0
195.1203923616513,4,0.0819491494163795,14,988,0
4734.551792649334,4,0.02815741129685236,22,3164,0
1835.2648767454823,4,0.3018437513571778,22,1165,0
461.64779652612793,3,0.20661973083028798,8,3628,0
610.6901909856886,4,0.10195171079726782,10,2017,0
199.70744575975198,4,0.3752825981991893,17,2692,0
801.1456375176793,5,0.2616652629457174,15,2469,0
676.7270546828343,6,0.1624327270627118,11,546,0
291.4561637618921,2,0.13902655796459243,13,3205,0
2384.3986512979186,2,0.19892724650516394,1,2319,0
3931.58208374749,3,0.2891025769740604,22,2664,0
1067.0354875737025,2,0.22489718464551697,18,2097,0
807.8311930110854,2,0.20707858088331318,2,2834,0
1694.2316312368823,4,0.13152407620426265,2,1603,0
1075.3065229062288,3,0.11852832786732935,7,2771,0
371.60103187113765,4,0.15116243889577513,23,3469,0
570.9616322341913,4,0.5378332239745205,18,341,0
815.3063997902228,1,0.1413555526706504,22,105,0
1405.5536969305845,3,0.11841132142314187,18,1324,0
1106.920061067212,1,0.3172157186531736,18,135,0
1353.392091009289,1,0.18542038675796152,2,2049,0
238.69152233127778,4,0.3095275006774118,3,3478,0
2132.8571484175145,2,0.337518147914771,13,1472,0
1100.385535290955,3,0.10757088153230734,9,2358,0
14082.79409328775,2,0.14140631268570414,5,3014,0
744.241537871799,3,0.026529769330895302,9,236,0
1515.436045145252,3,0.06276434189645023,20,1909,0
42022.84251039252,6,0.6234710261175579,2,812,1
1331.5402441959711,2,0.09315165806967485,18,217,0
1024.9196115327704,5,0.11943926975643736,15,2804,0
408.7395292008514,2,0.2623612049128317,13,616,0
5055.673551608143,2,0.20500132578267966,6,1396,0
344.0883355586878,3,0.1680890454549388,15,2904,0
3743.9105972118955,6,0.6534808416416292,14,296,1
682.9657273194493,4,0.11721263852968297,22,3169,0
907.472930843018,3,0.14921847148452919,14,2645,0
264.0313197139817,5,0.45188235877329147,0,3637,0
4201.207326837322,2,0.2693931850046039,19,1346,0
830.645155039707,3,0.12496981932584136,15,2808,0
742.009912598761,11,0.686632783413861,2,905,1
3837.938287269406,5,0.152024620807615,1,2823,0
662.3957499834606,3,0.12024748555851254,10,3461,0
1532.425865451128,1,0.31595523995676716,22,1252,0
2543.805283775665,8,0.05087112859985984,1,1485,0
1761.6996470279814,3,0.0783885926148076,8,2517,0
121.91992167406083,5,0.17515864956911356,19,2545,0
2198.1177412526936,2,0.15706760752280532,6,1664,0
991.665881290035,4,0.22913524377004985,8,313,0
789.1617476519165,2,0.12735328334419388,0,2852,0
983.3106091156133,4,0.17716091141535578,19,2790,0
876.3809210382348,11,0.6713338660856828,0,883,1
1328.985189638156,4,0.10557748298793082,18,217,0
280.22942041148946,6,0.06545759273767111,23,2248,0
823.9915627231277,3,0.04649161847769315,5,83,0
1282.1125569226795,1,0.3075382479346316,18,1076,0
3210.0348988717114,3,0.1999837140182126,20,3489,0
483.17883317233515,5,0.13870240879533122,22,2225,0
4682.499707473676,5,0.27220012912802377,4,3317,0
2826.666139203108,2,0.19923638162629784,9,3245,0
1911.9712103844533,7,0.4009914348903792,23,580,1
361.8575889009996,2,0.3798717715922216,7,2300,0
258.8331945596063,3,0.19383500013883162,13,1146,0
1439.072159954468,6,0.10887634005549429,17,1912,0
524.6418558453267,1,0.10819355463034014,13,1245,0
3638.609220293258,4,0.28044135347628135,16,1151,0
555.8376027333885,3,0.03715524642644014,11,2366,0
445.5587087560872,3,0.14052949783655108,22,3391,0
1385.236761917273,0,0.12243250839875937,3,2840,0
552.2236586016485,1,0.34116341835740277,5,379,0
1106.0495623933639,7,0.17760258354378713,9,1017,0
2939.4839862831727,4,0.08538132453331602,13,695,0
1233.029380895951,2,0.349073285819961,17,1831,0
1237.6435165679786,5,0.0571052674810196,14,3323,0
1346.3421949461542,4,0.3106219367233472,9,823,0
201.72411765275257,2,0.20163799923231854,17,2722,0
1622.6854645432395,2,0.2512926781367712,8,41,0
1286.8228812587956,3,0.12529993473583204,23,18,0
2678.192289264281,3,0.23529574019143137,17,3079,0
2009.840814472659,2,0.16053583689836426,22,1544,0
896.0994215715006,3,0.10902815092729722,20,2430,0
3079.1008191524616,4,0.046942352107615326,17,2851,0
818.4148031483652,2,0.14981924983482256,11,106,0
1404.1074374771742,4,0.31068940242429455,9,3525,0
803.398270760055,4,0.10704868928133955,12,3343,0
1740.2043101175354,3,0.08994704092041735,9,2903,0
752.582193094767,0,0.49714177432646545,14,3301,0
5696.183162665068,3,0.19161004154588193,16,1425,0
8245.004140903384,1,0.03341081436851938,8,1183,0
2627.8945525157674,3,0.2566893920270059,8,3022,0
5121.981471990161,3,0.5996025720397844,14,3256,0
628.2577410661105,8,0.37508708085655323,17,813,1
264.70665662481736,1,0.15338227576243957,2,1218,0
795.0773721428095,1,0.16917372394975158,22,833,0
1142.7934802329005,4,0.21447418463638485,22,945,0
899.4581998657815,6,0.3643497688077628,14,3392,0
212.27121017821656,6,0.27488519929020866,16,1431,0
3468.8961374535315,1,0.07332782630787056,15,1324,0
9454.047478142716,2,0.0751944441305268,20,1411,0
3948.091905058505,5,0.26154903437148713,16,915,0
3247.1185068942705,2,0.26211325563841836,18,1488,0
1374.8770736819731,3,0.1977873495838118,14,3421,0
472.0111599523401,2,0.07646645713473359,8,1286,0
1179.1251599671248,1,0.4298363951075382,12,2545,0
9005.475289521775,1,0.41491243395096133,3,800,0
771.2494695910011,5,0.039848599217106935,19,3096,0
695.7864246974586,4,0.22055489984979945,6,1869,0
3318.617830471629,1,0.06987991979369622,2,1626,0
3546.392082013877,1,0.12514665941928424,17,2539,0
469.7018793637583,2,0.18654834147875757,17,2136,0
844.3063365688361,2,0.21261802934938093,17,1067,0
663.8754151583458,1,0.12316834400969788,4,3553,0
1175.7827547771412,3,0.19899409817005392,18,2476,0
3306.636111027707,8,0.21637077918271888,19,2470,0
490.768474982552,5,0.19024325323640323,13,2660,0
3260.5944756724252,1,0.13508525034268046,14,3195,0
3209.2656011453855,6,0.4801912847391735,2,105,1
11228.294164344728,4,0.20916081710267634,9,3359,0
1508.4393983940163,2,0.23869571467762776,19,518,0
995.3370568222882,4,0.18383687980521188,10,2172,0
1948.3043849739,1,0.23775177062409875,20,1851,0
782.7816252309922,3,0.021171502447977265,5,3593,0
182.13112171256856,3,0.26973815130242457,7,3641,0
862.1927260078448,6,0.40157738428916007,8,2947,0
848.700529550896,1,0.117315034298361,13,2876,0
223.11393035529784,4,0.3642002049719792,3,1100,0
1019.3952213693776,5,0.07036867711825619,1,2703,0
138.77997639618857,4,0.07143248805708428,8,2002,0
774.5739721451923,1,0.12056648284977282,4,3525,0
1399.1161461344955,4,0.22656729137140708,11,1830,0
1208.3320023761269,3,0.11969761264109466,0,3589,0
1127.0346362262517,0,0.6221034874896516,5,500,1
1006.7369106441193,5,0.14316607114141466,6,1631,0
500.66417278522147,4,0.05500503338017153,0,1929,0
1108.5592956567566,0,0.17475184267871025,11,2413,0
1162.2190218258445,1,0.3922413830382763,19,2913,0
445.7463294222115,1,0.20624018464424074,23,1763,0
1433.249037889131,1,0.13669272462642984,19,2188,0
1424.3240867402455,0,0.07872328920295373,19,2442,0
928.7040190851468,3,0.07541020497672898,21,3321,0
12345.501643187508,2,0.3529973260663568,8,385,0
952.6976702730863,3,0.21370586996168925,3,2183,0
829.452425388916,1,0.10767601365317413,21,3137,0
718.8170615550866,1,0.10898510014863699,3,1450,0
415.324763535218,4,0.04632082201563483,15,3465,0
2177.423029167139,3,0.20611386950031232,5,2750,0
552.1131637063817,0,0.13958376172526915,15,3480,0
621.4477601806124,1,0.2507584210391481,1,775,0
640.1857959925676,2,0.3542062590225957,12,2688,0
409.5489712894565,5,0.39063406327270594,15,2000,0
190.35993360289424,1,0.09914283731971882,20,3566,0
690.254336185202,0,0.10555793161551957,16,3006,0
2626.310563475841,2,0.16059741766542776,13,2436,0
1335.391525633875,3,0.32237357892618135,6,3256,0
5221.68418784161,6,0.5342134922000029,20,2838,0
2323.7936077936847,4,0.15132502443438323,17,661,0
1851.8951706327452,2,0.03467970927415118,8,1596,0
7205.853945549901,2,0.19045237062477366,6,3220,0
995.1111157029145,5,0.34468887376729895,4,77,0
1168.0321322583784,1,0.2534488584566118,18,2278,0
1084.1326857528127,4,0.05052924897546196,21,1846,0
5134.751517307511,2,0.32297005624380754,7,733,0
1099.3950098704893,6,0.43172907681716244,4,1337,0
1515.8993202116044,13,0.647837883689643,10,618,1
1973.7203394835478,6,0.3364533828835146,19,496,0
820.8814804053727,13,0.5553288361129178,21,159,1
1869.5845373301352,4,0.33615415797200754,23,460,0
1658.7854121947705,4,0.42768158096298564,18,1560,0
907.4126718964887,3,0.07076820783828745,14,2554,0
1931.0353176531742,5,0.05712317374175273,3,924,0
247.69795232119597,5,0.21308265397588944,20,1209,0
1290.728570585208,1,0.3084360657285391,9,18,0
690.3747839899228,4,0.1410884067465471,5,438,0
19192.28352099989,0,0.2084694092448368,6,1676,0
1281.549369246879,2,0.25902398703144053,11,2866,0
604.0203867222227,1,0.13471715641625776,10,3394,0
276.358314299324,2,0.38817824297890186,23,1775,0
4045.6851487545305,6,0.06841108665448994,5,3440,0
772.7590408136894,2,0.3414737257499989,10,2312,0
497.0287805267788,4,0.12290747937209356,0,1787,0
1535.0208055122134,0,0.23678773429665229,4,1291,0
2100.055036878884,4,0.08830856061822745,22,3294,0
2067.2054152881333,4,0.16232184889824955,23,686,0
1118.5074292461582,2,0.008733313315314503,22,334,0
1285.8691331257912,1,0.17706566156464687,2,3010,0
1383.0369874686457,3,0.10856131434465581,8,3097,0
1535.1697889972631,4,0.2612122741751517,23,3169,0
1677.2070117251526,1,0.4727209882438941,12,2038,0
3276.2434365898803,4,0.060890351110528346,10,945,0
1160.2779436867665,5,0.10586436866062618,14,254,0
484.53842374894276,3,0.2995793078604679,16,2159,0
949.2842664399806,5,0.11085698107285569,5,235,0
2330.366472985581,5,0.24030902254297978,18,863,0
183.73087326773577,3,0.16791073560833206,19,95,0
480.61508234701733,11,0.3481843912687721,11,690,1
2747.031412940605,0,0.18359613806640812,5,1189,0
5014.6696049072125,4,0.18584552182934183,19,1932,0
309.4510635180885,3,0.1275617434765169,7,1979,0
1212.5238234598146,7,0.19673220729035854,14,2063,0
735.429650613635,1,0.2768363464560548,3,2841,0
844.859116784748,4,0.04479946012515057,23,2360,0
1488.510163960121,2,0.29472580894972666,3,2187,0
301.0058714356177,2,0.13178188640422933,20,3429,0
362.41229475132235,2,0.17176260293680573,14,1816,0
811.3900006166502,1,0.23212562360028374,9,871,0
948.2558995906525,3,0.5433425550786065,23,878,0
355.68478182961087,0,0.052453130097961875,6,3592,0
2415.4664025483103,3,0.15893752088316546,1,2214,0
722.2988889822276,6,0.3731189687415518,18,3249,0
719.2308620920685,6,0.009276204035930215,3,3558,0
1454.8510310849151,4,0.1394305150111169,1,2356,0
964.0004138664533,3,0.1880874251700472,10,3426,0
2533.8035010498097,5,0.1432762943224261,18,3504,0
431.2023468574668,1,0.20816491806662304,13,1436,0
271.1340648877109,5,0.2810962051106073,23,1381,0
804.4931374583933,4,0.40238330368210207,8,1779,0
1164.7202086828338,1,0.18616167005380532,4,2304,0
317.1085219734891,3,0.12471265406264428,2,1523,0
273.7585294078973,2,0.05383364237543261,1,2067,0
1315.928504257967,2,0.3024437270863303,21,2067,0
513.9980299599302,3,0.3102971222326374,7,2033,0
256.5922587030171,4,0.03880893052662796,14,1500,0
2879.4117313381703,4,0.12849191313657582,14,1173,0
583.0105761370974,3,0.15073517561038197,21,812,0
3462.7266397098915,8,0.2877177558363522,11,2677,0
1128.303877934304,3,0.23659365669681026,14,741,0
1472.561767560238,3,0.17402559930015915,5,545,0
887.5814163755081,3,0.22659607372572244,10,3027,0
77.07953073130776,4,0.08884855891801827,4,3181,0
351.85301203668797,1,0.09761297504908811,11,1828,0
967.089011445117,3,0.20999371754606955,7,2332,0
1579.28759846388,4,0.41638471105806735,14,468,0
183.1537524865304,0,0.2032704474867332,23,423,0
1039.3993655142597,2,0.22977799007358643,1,2000,0
357.00004676926284,2,0.2599190447940576,23,1593,0
1386.6141136926099,3,0.1585082291832857,6,2495,0
1075.5626664702472,3,0.4068747107683731,4,3051,0
2306.5348271021453,5,0.291598882094735,20,638,0
9680.866339472546,3,0.2698154847563094,2,141,1
1735.3942487457964,3,0.2083923008649222,23,3607,0
2592.540570004855,4,0.04084333462649943,14,693,0
772.5197108240044,2,0.38081386239704085,13,588,0
18455.494523170753,0,0.11659457274157935,1,2428,0
324.14174461536055,1,0.06416326741968736,15,1895,0
646.9339625209464,4,0.4375552172833178,14,2127,0
8562.411253179123,3,0.24614666444393943,18,836,1
2327.8987249134493,2,0.22690035951964738,21,3529,0
1785.3843963811435,3,0.04332546122150316,22,2994,0
2154.510128193036,8,0.11218771609284656,17,3528,0
136.5161394540322,1,0.13408274399625877,0,424,0
5373.843647692045,1,0.4110943651296148,18,563,0
894.3605924705723,2,0.2037121807539517,16,2596,0
3811.9425059312266,3,0.14254562166169846,21,536,0
143.51985974106648,5,0.35273888688631355,13,1099,0
1417.3844329301626,4,0.17172664221109393,10,1502,0
624.2167855994205,2,0.023754323275278315,3,1858,0
1943.25591423397,9,0.13953660413076077,13,767,0
1505.7862296015069,1,0.24737919736088473,22,2811,0
1581.3715158620544,8,0.3714646100211236,3,322,0
380.33723198849947,4,0.04011907394762525,16,3488,0
1035.905165131822,4,0.05975973509639168,12,3506,0
915.8320094614819,4,0.08919507441625514,9,617,0
1799.5826244787334,4,0.16338672317588648,8,2497,0
2949.222913361571,5,0.1773306011197338,0,3066,0
1274.7124745553403,4,0.14235349423725074,7,959,0
306.0742475618838,2,0.09740096958694952,12,799,0
1221.1872369465184,4,0.279122360660024,14,3099,0
14929.22870441262,3,0.12127025640501425,20,216,0
5687.382063679088,4,0.050156496202720786,21,3344,0
56.01393153703925,4,0.1349077204972123,20,3080,0
1168.3445995024513,5,0.22138554081901832,7,2519,0
2785.3241173685506,2,0.15816090182062278,23,1132,0
913.8559795517325,4,0.21846108220221447,9,2630,0
692.223638102505,2,0.19891650879339673,4,2997,0
1641.246548535649,17,0.5878131352267991,0,884,1
1904.9089391261543,2,0.24354744726192187,19,3252,0
347.76606462020374,3,0.08045233111249199,15,2790,0
3599.9982977950094,2,0.22754066711112467,18,2270,0
1036.91683601,4,0.18177285863398376,3,1512,0
430.51222724353454,4,0.16872364057443617,18,1278,0
3375.673575767231,2,0.1753494067303099,12,127,0
233.89425111230534,1,0.04470840763783302,9,521,0
629.4144249861858,2,0.15411770539768818,13,1643,0
619.1359857316222,4,0.11747043180457244,13,639,0
9357.57952465441,4,0.09940906548138938,17,205,0
552.7905797641088,3,0.09518498761866216,17,2291,0
127.10770265919348,3,0.05638003927553646,2,447,0
612.8896385406442,1,0.46465919970573033,1,1794,0
1729.4355237600323,3,0.16835310037962284,10,2029,0
2402.0661614638775,6,0.04822725596986426,14,2449,0
10684.396589031327,2,0.40844368364391004,21,2037,0
4477.8467378209225,3,0.09866011695204495,16,263,0
1323.3512102344291,5,0.15675875149908633,15,3571,0
449.70172624357104,2,0.4108655179145075,11,951,0
7294.14102664689,9,0.6162598556306828,3,13,1
758.5710375227216,5,0.07094509663981105,21,689,0
567.8417460466374,5,0.32955864312975436,4,1015,0
722.6508577507066,3,0.36474819384406415,19,3373,0
313.4725389257708,5,0.1914199793804692,11,2697,0
688.819944985598,5,0.20033579653125133,21,907,0
868.6077739360494,1,0.3882356465404016,2,888,0
2277.0968650673517,3,0.22168341912104864,19,183,0
743.903754994761,0,0.1786098126664336,7,34,0
308.7527386923546,2,0.19482229094348627,16,375,0
220.5728100617904,2,0.15228297542734345,9,3499,0
1352.3103073291152,3,0.1618389824619359,23,1917,0
1179.2404850296352,2,0.20258951035864717,20,1350,0
629.9795060561319,0,0.17477444154222055,7,82,0
687.1437679261932,3,0.17947215170098008,8,3612,0
3953.9891901591045,8,0.7515341238465297,23,119,1
4405.223406645514,4,0.21407771861745853,4,1613,0
502.6305543579026,3,0.3503488112064913,6,2128,0
1198.5920271686666,2,0.023818951725020153,22,2885,0
2859.1235448710036,5,0.1886637287449643,4,338,0
504.66039090996355,3,0.018839214895833328,9,1498,0
1079.6237560959223,6,0.22816070946220648,20,1808,0
1055.7475750487947,2,0.07757037452765984,4,1293,0
295.5106169473242,1,0.46081001138905986,20,2877,0
1297.8947332258174,7,0.25215597095561915,22,235,0
1131.7774931312897,7,0.27227806788063763,5,2812,0
1910.4311902049196,2,0.3912818818290034,19,456,0
334.6594760141657,2,0.1067964188570436,8,731,0
1107.6217024876075,1,0.0965790212917093,13,301,0
4366.574282665367,3,0.29752796679144267,3,684,0
8756.04704847443,1,0.1122479518382764,14,2239,0
3944.704276887979,0,0.33432756544482745,4,3124,0
337.960320746198,0,0.12511796486955049,16,3174,0
1721.6745676851485,1,0.1516098271408736,8,2661,0
676.4465433422405,4,0.2980688631629525,21,2450,0
1456.6587915231833,5,0.17246630533207272,3,1401,0
506.6311855615068,7,0.22356160737468053,10,458,0
197.65568615703975,2,0.12358885775612825,3,2969,0
777.0329539933675,3,0.105908165959108,0,2703,0
2258.830988263601,3,0.0461846285750983,8,230,0
1462.6421273435053,4,0.3200950712532659,23,998,0
1640.8141981600934,2,0.14038858489392717,19,692,0
1361.5109068371512,2,0.25656950182896726,18,2543,0
1643.408100911494,4,0.07528541056101304,21,2256,0
1862.1960812505417,4,0.2538145727603432,4,1089,0
833.2373795723644,4,0.23117301938137527,6,2175,0
1191.4073822053708,3,0.17269002567120137,7,3522,0
6268.286901662098,3,0.25154872376388465,22,2323,0
1970.4223957560775,3,0.24133097598789693,23,531,1
1144.3173032401662,4,0.4708836836373251,0,2584,0
1215.468049142994,2,0.09283453971188153,15,2183,0
881.9112979077555,2,0.054500071085579596,7,1351,0
709.559273878147,3,0.312174526547589,5,2422,0
1351.1056339629858,0,0.049449949747240665,14,932,0
661.3510565529649,3,0.4974406058448217,2,1296,0
948.1237867989771,5,0.2344773352221104,21,2275,0
497.4451471195256,2,0.2922083838615687,7,1443,0
1221.716119368002,5,0.3043411559453156,21,3526,0
1966.8625622247005,3,0.1820120443739563,2,307,0
887.2130455316683,3,0.4613289468661037,18,1576,0
147.17488346634522,3,0.1115603989385151,1,1846,0
1979.0486809370368,3,0.2191104993134094,10,237,0
1236.6777668217846,5,0.08859090125563476,4,1473,0
406.1686835285642,4,0.3215292164264385,21,2816,0
2376.2294420110848,4,0.20086019233205937,7,2777,0
270.85261024284705,4,0.2283253879713939,0,1516,0
3119.4363746206895,3,0.02904163106095864,16,756,0
1035.49347587056,3,0.31170185230877545,0,761,0
113.42421726501516,3,0.12157172643944159,17,718,0
1310.7169902394019,0,0.11435847507431436,16,308,0
730.5572739698559,1,0.06271010006287168,17,2361,0
628.3835372638761,3,0.15487768840816354,4,3205,0
524.4102189010476,5,0.31149638882245795,16,1021,0
965.6333517789029,6,0.19198472130786268,23,3452,0
675.0665771563525,6,0.2955934783277394,4,3487,0
171.28173208292833,4,0.2653192223476824,12,2706,0
6496.563487742794,5,0.2507693005727815,7,465,1
858.8912764254828,1,0.07062758538407281,3,1173,0
527.4557545076834,2,0.15919491415294626,2,1358,0
354.8078294648141,7,0.29452963164829393,22,2469,0
2370.2058039124636,5,0.17649817789939526,18,298,0
299.3364018956977,2,0.3657611540142608,7,1282,0
1253.866557254606,1,0.15535049952399338,5,3414,0
611.7666984357727,2,0.05489879951440558,6,663,0
648.4470428516223,3,0.2085328686308513,6,20,0
1397.3479944398123,9,0.40540953096680804,3,437,1
589.7392956572763,3,0.5334753574211117,13,2019,0
1106.3398258197576,1,0.10433411877328234,21,2721,0
1387.5740677375375,4,0.08939328197611832,17,3466,0
499.8997202047971,4,0.1443685509577139,18,3172,0
1001.3111774229183,3,0.19853362745226588,21,1210,0
2666.3197531715446,4,0.2926885281499781,18,3206,0
207.96534246440683,2,0.206544800667532,4,3232,0
1089.7798980170126,3,0.42866272748969314,9,2820,0
423.78067887446605,0,0.30935416723137665,6,52,0
382.7246602418967,2,0.08460911473112383,15,2475,0
1423.695896017544,0,0.1938593506059094,23,236,0
635.7138440376152,5,0.11895249912442253,16,177,0
324.79586385338797,2,0.23485426437569445,4,1552,0
4122.780906975434,1,0.4755173803239212,23,523,0
2752.0173797015727,4,0.06530734222828308,14,1566,0
512.7810960698498,7,0.6680869073087099,13,751,1
251.02985392467437,2,0.30142001839124916,4,1119,0
1985.1645200392886,2,0.22381039933233599,6,280,0
824.7878213073808,0,0.2865865838009205,19,26,0
4917.593896092574,2,0.23706596916722986,2,757,0
2031.1073147020973,3,0.11336606250837102,4,988,0
1479.5089539814137,5,0.0426345451338555,5,596,0
394.7044702024375,6,0.15842165353718285,20,1076,0
1792.632152256553,3,0.07396294239849945,0,3614,0
306.19925349325587,1,0.0987954246598222,2,3532,0
4045.031162466227,2,0.15479419093385116,3,2919,0
1672.6067039126822,4,0.3940290327917559,3,5,0
480.66445275264135,3,0.15409788258343965,12,209,0
2452.0444578019055,3,0.201559574251591,21,2358,0
10316.758482227975,2,0.1379901694860795,0,207,0
882.1683406329786,8,0.13224161175525895,22,3592,0
1901.5282609171543,2,0.5375360301510614,2,2662,0
712.0660545185355,5,0.08617894676564758,6,2145,0
1194.343830353035,1,0.4104299144029294,1,882,0
242.92808182514125,3,0.1553181007288857,23,624,0
1096.0526300724584,6,0.35747586767918116,12,3304,0
1145.478038612427,3,0.15727613249799832,17,1073,0
6627.598344091738,5,0.10440387715611825,0,3505,0
182.18030569465034,2,0.13132114382168972,14,1949,0
1122.2137280805239,10,0.3767100811879134,12,764,1
3976.3405592012195,0,0.22556856771081316,8,3286,0
861.1153815353714,1,0.34760214767347736,14,1142,0
923.9504706524591,2,0.21655029279452287,7,3278,0
476.63022238018465,3,0.3358007299572414,5,3060,0
957.722814082173,3,0.41046514398975736,18,110,1
176.64573578436173,1,0.12396029552336814,22,1121,0
584.5163495375149,2,0.13022523500957728,19,3232,0
407.7462093235689,3,0.03890568076444233,23,1929,0
1234.0279247385636,4,0.3058442289093765,10,2485,0
498.8631439810866,6,0.2437420657755023,22,224,0
678.8559908133312,6,0.2877394382679068,21,1042,0
697.7037647973681,2,0.23420085062621812,21,1829,0
1045.0654747607825,1,0.028986317848469858,3,1045,0
646.4382915354948,3,0.2613492672524722,1,1020,0
379.2569372415776,4,0.1239286892411924,13,2037,0
1194.8386614930027,5,0.11641777381810137,7,2823,0
3189.0655322460875,4,0.20082792672772518,9,2113,0
1246.962902439917,7,0.3157909477554259,6,2249,0
595.9635823514997,4,0.5541073550825069,4,995,0
969.5708926486585,1,0.16437137185761122,4,1755,0
141.08566084637098,3,0.34493506670846746,21,2224,0
953.9366364826151,1,0.3539793451358087,13,2377,0
734.8347403785891,3,0.19809632221177112,15,828,0
431.1860390043328,2,0.04917738350178417,20,1130,0
516.9269908790596,0,0.08142844070417597,23,1095,0
727.6102241734361,0,0.19499931779496935,20,383,0
2958.560986821387,5,0.13000363885765007,21,2469,0
3268.4149342346864,3,0.023563341449322373,5,1330,0
433.49264886539027,1,0.019910485931255276,0,1144,0
653.2256488328616,4,0.17146587102929828,8,2197,0
670.0886671852443,1,0.3377334004005925,10,1314,0
2464.0103263911415,4,0.07400074660570276,19,553,0
1268.3936706584734,6,0.37139691342589504,3,659,0
1203.2600525433675,4,0.10493753530415616,18,1836,0
1874.8100252810282,4,0.1022761704746403,16,1369,0
604.0074858135572,4,0.13092738501654794,20,2843,0
4289.333224655566,3,0.4928796783613795,13,985,0
1094.7215772633767,2,0.08279500171927011,2,3392,0
465.9542968133454,7,0.3689399112621174,18,3009,0
871.6254102399781,3,0.13078575622864425,2,1232,0
3759.0754838975226,3,0.4354261911509893,5,2305,0
716.8437278221642,3,0.24650588853771546,18,1971,0
2834.32133371865,0,0.05813275536154646,8,1804,0
586.7824907123551,3,0.21034456690122058,17,1264,0
509.96204593953996,4,0.06308096959147254,18,2637,0
2120.903403438513,2,0.21540541871454752,19,2202,0
457.6146431087792,0,0.08236507020624488,8,3368,0
2496.238430985617,3,0.2265619212551308,22,253,0
1558.7289601798627,4,0.06179275389061851,7,839,0
457.78794079761497,2,0.2812698806400957,23,202,0
1021.0198462285448,3,0.15417545852926232,18,400,0
633.4782774542556,3,0.33628437412499623,12,2096,0
1554.6046636094682,4,0.3721066831288098,21,2278,0
7243.054183348024,3,0.15282416892277287,19,1270,0
1039.785381587461,7,0.4775162062321492,14,261,1
1870.1544010723637,1,0.43804249896726855,9,1540,0
1123.7657954080532,2,0.1024103488911015,21,1515,0
1123.3355444878607,3,0.17980110100036434,20,1773,0
929.6376432137445,3,0.12294933563627589,22,210,0
465.25356295680433,5,0.25111474107015286,17,1605,0
1533.2423410924862,1,0.1409942669338604,16,3634,0
821.6037723573419,3,0.3703420066311171,13,537,0
443.7227437026552,4,0.12942040995342097,21,2216,0
3023.508715357229,2,0.15042459168266464,8,3389,0
1210.7673639975712,4,0.12054867137060128,6,1653,0
872.9698705113145,1,0.021548547721045756,20,657,0
13646.980296343978,6,0.38127516726681504,11,357,1
174.84825167618024,2,0.16079335747109583,18,1288,0
3915.979637161081,7,0.15822800132531864,10,313,0
454.77921110661475,3,0.16548043807727505,14,1613,0
1354.967217664396,5,0.34136198935204937,4,2865,0
609.0718529436159,3,0.06190688510922018,13,2554,0
435.7196184546862,3,0.13089820248226397,13,855,0
4080.139777360802,2,0.17661902170928623,3,383,0
7017.88077398016,0,0.043704828285055244,6,2901,0
878.9907280613334,5,0.38398074415209427,13,902,0
1533.7556843475043,3,0.1398955944255252,20,2402,0
1160.9469086428542,3,0.11280574614281398,4,3084,0
6188.864063904797,2,0.22471021863268406,8,3305,0
132.53536991345584,8,0.2231772663830291,4,2394,0
1598.9835758539407,1,0.13901135009906335,15,106,0
529.9982400371688,2,0.14846716405523425,10,91,0
103.96309480588911,2,0.25795911643001357,18,3180,0
764.6895256092234,1,0.3213097391366366,21,2666,0
6960.793746828957,2,0.06623421030169976,14,1911,0
569.040045053368,4,0.548461686093852,13,1311,0
2418.1679973284854,1,0.5529080030489887,19,1407,0
3636.1190510101255,3,0.18111290533759128,15,2874,0
1082.7974442055668,1,0.09402356455063336,23,867,0
1237.0139114034841,3,0.06385274795739085,12,385,0
197.09820231827024,1,0.28910335281091104,2,1717,0
535.8402828064918,3,0.48177052956015143,7,1392,0
2716.2502519576137,1,0.1799105858864489,10,2783,0
1165.23620560071,5,0.27154770745796586,4,1746,0
1583.4185713425413,3,0.11008056437653242,14,1171,0
1252.8266278535693,6,0.3598512223045902,22,3286,0
9818.306617770619,5,0.5366000204622706,13,2157,0
712.999107607693,2,0.12698462096144697,9,3465,0
20523.027025891974,13,0.6665771955331641,9,952,1
1253.2597328563975,1,0.23211458617100766,12,1562,0
5968.18998056068,2,0.15021246471919653,19,3511,0
322.15149321935206,5,0.30893021589502606,7,1945,0
1319.0304097815135,1,0.1290419028456817,9,2470,0
739.7506841183135,5,0.19469147069804815,12,1521,0
1260.7629541381584,0,0.36232610549655586,23,1028,0
3723.3395113574484,3,0.22733010156049907,22,917,0
1601.6819988890804,3,0.23744638546143956,2,1435,0
3715.924157560334,4,0.24667702759478333,17,1282,0
561.0325396187433,5,0.24826448946758956,3,2623,0
481.6248745511344,4,0.10759233899519922,18,3048,0
4392.901919572919,4,0.45887885926024125,12,19,1
1055.0546247762852,1,0.15590971292412445,20,3159,0
910.6336092955564,7,0.2224551505572152,5,3241,0
420.46795698324485,4,0.2727583848146061,21,3003,0
3636.044121507927,4,0.1410658130005122,22,2695,0
762.9273415063672,9,0.08024227933314083,18,7,0
4564.56328361403,1,0.23411485841800064,8,1596,0
1784.0406244606456,6,0.7362947631245854,17,520,1
2097.3479209749567,5,0.13560171329228327,19,690,0
1915.453413351939,5,0.3158446650822988,23,2479,0
480.9316978202954,2,0.05363095833819788,7,2666,0
1583.1992515647528,4,0.3731746320370095,6,3576,0
7542.680821792568,7,0.04770711262792838,10,2605,0
1410.3769006815087,3,0.14656889004598034,15,121,0
2700.728254627783,2,0.198272823128135,21,701,0
2193.5397553233684,5,0.05024056699884111,7,130,0
1490.7724066802004,2,0.23630617216816358,5,714,0
1321.4418337137943,4,0.011602766628336,5,588,0
1895.6471423154146,1,0.38273228742965965,10,3488,0
2352.614510762207,3,0.17757277652937858,3,3440,0
283.67690808159085,3,0.11660616042473301,19,1133,0
1404.3121502279366,5,0.14167610325252913,12,1501,0
912.2573381102444,4,0.04829801317550203,16,3027,0
2403.602708734479,8,0.3793313983805851,16,52,1
4007.6662928386477,2,0.19015465525171216,19,1308,0
526.817269875976,2,0.28231524476195646,8,1593,0
271.8446979159658,3,0.17163148032465808,11,426,0
2430.169350295425,5,0.22230427802861627,5,422,0
264.9672261536886,3,0.03336888569195924,0,2738,0
159.50207348421517,3,0.2829538125925385,12,3082,0
2719.6750629141775,2,0.1216320333593857,16,484,0
1285.2676332714007,7,0.34888520959103225,8,1767,0
1759.3850566878857,4,0.13495222828805414,9,1419,0
704.5592466307219,1,0.3289296333000681,4,1783,0
274.67645243141374,4,0.18799938813913836,2,2397,0
335.0275564099889,2,0.044432888021870086,3,2930,0
835.316838821091,2,0.23542963965454528,17,1946,0
307.230150335818,2,0.09690093511425842,11,660,0
1490.7772497315634,6,0.15447856359319648,0,3371,0
690.5870700239358,4,0.12749258835061522,9,970,0
1319.5368032444776,2,0.05570900585230497,7,1239,0
1280.6821289735826,3,0.2848860608663399,6,1084,0
1614.5306180335174,1,0.11425248413824057,14,3646,0
1807.1070438814954,4,0.1593396818269541,7,980,0
777.5122575142477,2,0.06121891788538285,0,1083,0
1318.1298973717664,1,0.15012658390063988,10,1260,0
1388.5400194701158,5,0.0893963024269734,2,1655,0
96.65130335842235,3,0.0040943808491756585,5,2777,0
2093.3600759742967,1,0.3258797020480285,23,2873,0
1274.0323091619732,3,0.2420604406377925,10,3076,0
1927.6344667163626,1,0.11053196661040886,2,879,0
302.8254008345377,4,0.2288071041415041,5,359,0
799.6921369882168,3,0.3375733793471645,4,3278,0
541.2917233399679,5,0.4060198520825215,14,256,1
2309.072889026432,2,0.3255840517550419,5,1187,0
269.0462930535817,2,0.06785615539104309,21,778,0
433.2631231168061,1,0.0624658788919262,11,3358,0
1871.1605424253862,2,0.09969943818605989,12,3262,0
584.423252479904,4,0.14645191437641392,18,533,0
433.3775739109369,2,0.3361421978545406,21,864,0
2715.4675555770978,1,0.11205636173484314,17,2636,0
2829.093882744016,1,0.3205075673273042,22,2977,0
2257.6307294016087,3,0.16670727695634502,11,2965,0
2562.4258179636977,2,0.19567336886433276,11,345,0
869.936935475403,4,0.09882029525401895,9,3204,0
893.732957561169,1,0.21105498892555835,3,678,0
573.5922175518094,3,0.370273836379614,15,1120,0
1296.896222621207,4,0.12271214702180781,8,1531,0
646.8417490347031,3,0.23253905982069553,8,405,0
711.1858542825915,5,0.14365473579624366,4,2284,0
1997.996952601578,3,0.048033713776093785,23,476,0
3585.0913917080575,7,0.04289768655674355,0,1725,0
1633.140707463978,2,0.15335216202363486,8,1074,0
6596.641040738234,8,0.19392770180719837,2,759,0
541.5765526771148,9,0.06778382458292319,14,1565,0
651.4911036786052,9,0.39118311738426753,16,266,1
2240.8888845371225,1,0.3032345370936733,6,3573,0
506.8253400791881,3,0.12731347675662683,19,1143,0
834.0620150977164,4,0.09701038735543044,23,3049,0
186.83081783276418,3,0.33808774800764996,15,2477,0
446.2100265192426,3,0.4935551601411382,1,574,0
244.14750795245027,1,0.07356670586884198,8,210,0
710.3066204359379,5,0.06396271133719228,19,1351,0
739.1112908189416,3,0.5030587680328676,4,3627,0
1199.8602990589861,2,0.19664665388170044,21,2003,0
3788.49061583555,3,0.38704041512329185,9,695,0
2157.9333600030345,2,0.3096825244642562,13,125,0
216.55192646527868,2,0.2746808510796684,6,2410,0
2014.2766667427393,4,0.05326918125024252,16,1652,0
1226.297440314159,3,0.03451438179279484,21,2454,0
994.4338377876121,2,0.2373606238812212,14,574,0
1072.0205058752547,4,0.01762650701295516,19,2217,0
1345.5423272961716,5,0.13587035172570577,4,3155,0
549.0081074046833,2,0.14692645767751578,2,1550,0
913.8341889553041,3,0.025434333028979662,21,1915,0
3582.9405462940636,4,0.2773451514423431,15,1304,0
542.4490780017771,1,0.17672764464820565,22,3385,0
391.54953116925776,3,0.03618217473710909,10,168,0
1031.0084213549674,1,0.35247777853720397,22,1528,0
354.0483703632456,6,0.30592183397079853,14,1485,0
195.82411395113076,2,0.18048257070761298,8,3016,0
777.0718544994394,4,0.162327017730286,11,1062,0
4668.634383025648,4,0.16275730723416845,6,3335,0
1055.1053556748786,4,0.30700554013291137,4,1531,0
2036.7844651781684,11,0.35285020354717567,4,232,1
130.30158416029514,2,0.17462827195596528,9,2453,0
1699.5613926653136,0,0.4217538579832189,18,211,0
1203.953328375603,6,0.08488621595779217,23,1272,0
564.0174394105151,3,0.13743913405364677,22,1548,0
1312.9745242388979,3,0.20518521711174728,17,1932,0
1300.002695823627,4,0.0701433103096773,1,317,0
380.12953326266023,1,0.2889313874962595,1,3471,0
1528.212035488032,5,0.08823380014251153,20,2352,0
3630.5354473107764,2,0.18058887949869157,14,516,0
873.107358264364,1,0.05973499551583642,8,546,0
460.542801719003,1,0.12666930071954863,4,3105,0
918.2043140655426,2,0.2897375694705595,20,3238,0
2577.5978931781565,2,0.19347651868712856,16,994,0
321.7198580143333,4,0.1397110284135142,14,1014,0
1955.807163924687,2,0.1149703191955259,7,1724,0
556.6772015365185,2,0.25868528020075826,17,1461,0
1396.973069065104,9,0.33794138705476146,21,665,0
623.6995268753052,4,0.1102741428766037,21,3045,0
622.0267168292683,2,0.19170369214253322,4,773,0
5029.595871535994,2,0.09647493791464429,8,2317,0
267.98028368539843,3,0.12747836935080425,19,438,0
1781.7764968927002,5,0.18794565176087127,4,3260,0
6193.925984546362,6,0.08191098948653668,1,1322,0
2176.605705335038,0,0.17624419650312267,5,2701,0
289.7165354428286,1,0.22387160180903726,10,517,0
304.4233986348038,1,0.20312025340429385,6,1908,0
517.1715426059098,1,0.017440273083965317,15,1790,0
1284.2214157031428,3,0.15159004953891775,8,2127,0
1374.6338642400945,3,0.35170915536796,11,3146,0
307.4472247538654,4,0.1227029455706899,23,1548,0
458.1710296325986,2,0.3427458191373103,7,3176,0
487.1234165351025,4,0.06181773324941667,11,2362,0
915.3012004115876,4,0.12167616768067248,5,3321,0
7980.014099453273,3,0.18189245987663108,7,446,0
431.3038949683115,3,0.5298022321543912,23,1726,0
412.83259295989734,6,0.1086594153804013,15,802,0
353.1382787933027,3,0.33303215286524884,9,160,0
2070.4982778760263,5,0.07610829588804066,7,710,0
1052.2209540858091,4,0.44764344305222575,13,1861,0
447.54337116812644,4,0.11574180712496211,6,2039,0
762.9590928037223,3,0.29843456073630453,22,1632,0
496.9501399551956,1,0.005276736961723732,16,2878,0
1827.3785960236232,13,0.5526272151376295,4,916,1
16064.651959503171,2,0.2635122068932717,14,535,0
1902.3864544955045,2,0.3490674368644987,12,1709,0
999.256482456754,1,0.19990941321765338,12,3176,0
563.9832274612901,3,0.24260205235382262,19,2653,0
286.17397157778674,3,0.19798335338200876,6,1625,0
2284.0140709157195,1,0.17927926747582723,14,3587,0
2163.222264888815,3,0.06395792333406787,5,3384,0
688.0757979536633,3,0.11307059963626499,7,2514,0
3689.8237916080575,1,0.21233169967089435,12,402,0
1120.0257318430463,2,0.34005998474856475,20,3148,0
2379.773836322965,2,0.2375300986434558,11,2953,0
1474.681041048509,2,0.12019410515822859,18,3531,0
918.6122617665286,0,0.2049678564643728,22,824,0
422.04645406170397,0,0.4364446619531742,7,3082,0
948.1032479244518,1,0.04989516847310223,0,1391,0
2545.419297608098,3,0.06184638169071438,2,2672,0
1152.9861138588574,11,0.7120995419832145,11,570,1
1702.309939388728,1,0.26588345286979165,15,1366,0
371.3942318527075,1,0.31561339161375757,18,2363,0
2392.414380663819,3,0.1398973327163427,22,2363,0
1499.5814824959864,3,0.15336792859169868,9,1116,0
329.60311246974476,4,0.16315013710843462,23,3622,0
876.5427498031277,5,0.07103798238531263,15,29,0
4367.879585360633,12,0.19331153689987576,20,822,1
311.3654987748619,5,0.02532787185421063,22,3245,0
375.7972470479877,3,0.35138362241677745,10,880,0
1023.0084697199648,2,0.2538553861954584,21,608,0
9258.809266417778,1,0.28637091477465154,14,2809,0
559.7117482616645,1,0.09807115639953284,16,3582,0
1799.5177648711926,6,0.3531270745542357,15,243,0
1422.4491345866686,6,0.07403870282738166,0,253,0
608.1856007259986,2,0.30608539466763396,2,2571,0
1288.3702825307064,0,0.1754281996511448,1,2384,0
700.7599141831303,4,0.18561919240586364,11,2245,0
766.7763819360961,4,0.048519872694640274,0,3579,0
208.2476709824908,3,0.08048285481114441,3,2186,0
1070.1603383272286,1,0.26282097351121153,13,253,0
2694.838367585266,3,0.16011654183669669,21,1408,0
1161.4514765277506,3,0.3073552874219433,22,1754,0
3263.344147926912,3,0.15590485592885095,17,185,0
1959.2704155149609,4,0.005417453543447462,13,2825,0
1033.2440487843182,2,0.12138376784882626,2,2233,0
585.2706834646011,4,0.5943759108580347,15,2563,0
674.3412474494793,4,0.18593956162983194,3,1001,0
252.0152309752311,5,0.029699160754368067,20,1801,0
839.5962402420006,6,0.39590539150465653,16,1825,0
1269.018135217936,5,0.23812584505074283,7,1025,0
6096.201173957444,2,0.17476437773767825,20,2391,0
1859.9787153450159,2,0.3868142327427524,13,1686,0
461.80652202049873,1,0.05625535175498444,13,806,0
259.9870246248539,2,0.36913415892124235,2,3269,0
891.9837481002063,4,0.09821631056093927,20,492,0
2469.4838664315403,5,0.10573280366946218,0,768,0
879.5264725814744,3,0.08441705139900935,8,1018,0
1885.5676120504138,3,0.18872327388572163,6,668,0
914.9546953287748,7,0.23095775382186057,5,2311,0
2246.211806477512,5,0.06735238289181375,12,77,0
222.01434064686222,1,0.4073490801186011,22,2656,0
5454.423010866512,4,0.3504218586349124,15,2455,0
360.5088666250255,1,0.28766644594490604,3,231,0
2425.3529270980944,3,0.20897781787049544,1,2210,0
835.3209358617021,5,0.5200913875973386,7,1021,0
976.6927306244343,2,0.12565730402532133,7,2356,0
861.6921687199716,1,0.18385712724912928,9,3436,0
1416.018848215167,5,0.14191046074221028,4,2409,0
1732.853140651637,2,0.26897133849382565,12,581,0
3160.10809041369,3,0.2866301757192251,18,1715,0
4482.5568255420285,5,0.15871018442359544,7,3317,0
1528.1628584110924,2,0.3544277189599585,22,1935,0
6085.561268232064,5,0.17540744995672564,6,30,0
1203.4798843869303,5,0.147836585648866,3,3162,0
3220.978138895063,2,0.25745776098515116,6,2009,0
1683.6505693854326,3,0.18081652283404756,10,1426,0
633.2057245133929,3,0.2557289722503641,10,3111,0
1314.5295900039614,2,0.09497773880381435,8,1256,0
2848.1188523809124,5,0.4147413807078387,22,294,1
1061.8860182539527,1,0.6380806754936286,9,2249,0
1657.1532805352956,1,0.02488521183646538,23,1622,0
2605.4559282819405,4,0.2577446535811691,19,536,0
1071.2986230971276,6,0.08394970459536295,12,3522,0
57.74936370913218,5,0.11791752658374588,12,3449,0
5873.876880692555,3,0.14250823260461698,3,3559,0
814.3649196476581,4,0.13593393517047972,4,752,0
481.41023169706784,1,0.2058860891736112,18,848,0
356.341558310782,3,0.1741984042388449,15,3139,0
783.3300270440483,9,0.3035595785279715,7,185,0
624.6879022915698,2,0.26529796472863776,9,467,0
524.7859872322354,4,0.2283483838011201,3,2568,0
554.3929493407182,5,0.08223065796419585,13,2734,0
1862.6264192541043,1,0.1989378337102945,20,1536,0
8352.894805045227,2,0.07999200127792068,22,3103,0
2491.329039866794,6,0.18472854601451952,0,2452,0
3369.7646521637866,5,0.3311674175101394,14,759,0
751.8899487952632,5,0.05231133436988151,1,94,0
1217.6345540826808,5,0.2664934308153404,12,1268,0
1679.8880012128282,3,0.05063294940108274,8,412,0
567.0469510347217,4,0.3309252770421246,14,3527,0
716.4223944869789,3,0.13045161786443238,5,2060,0
2577.440054341254,4,0.13333662632625756,4,3240,0
10880.404085358407,14,0.3775271039284308,16,362,1
1173.1060684661995,4,0.37894839904857747,8,3582,0
331.9030204681488,2,0.12866577570578533,23,1534,0
815.9948280600698,3,0.3012274317898329,19,2652,0
259.4772072705225,2,0.16753056536303856,11,1650,0
1182.2827822498707,2,0.20599248888527286,12,424,0
1415.7335862825255,1,0.1573067045888638,21,2313,0
2517.0659013019335,2,0.244949163070282,2,309,1
1396.4816179886511,5,0.09346696283006121,16,1775,0
1663.8695769687633,3,0.3629235833742664,17,2798,0
1417.8005522136516,6,0.11269787090840108,3,2919,0
329.7944915870852,2,0.3000779805735261,19,925,0
851.2753821197329,2,0.046033795661383006,21,291,0
1652.1669003845354,1,0.21148884247385927,9,590,0
5317.251275668758,2,0.14558960429274487,19,336,0
835.5366806971183,2,0.34419210045496595,1,3530,0
1902.340407324243,2,0.18195006668851896,7,1991,0
2638.9909625501728,3,0.12700393173424743,17,66,0
900.8802146244792,3,0.25835231855585694,12,3083,0
3457.8688794280934,2,0.3679396456335422,16,536,0
3648.8737285195666,3,0.24184586736301847,4,3046,0
4360.686308061204,2,0.21346824210730234,11,431,0
1734.4266366691495,2,0.28147452083995694,2,932,0
11615.98272229265,1,0.27544352430865554,12,3451,0
592.716903121518,2,0.3271539338098709,6,2801,0
9173.53132168645,4,0.24735712184758138,0,2334,0
2364.447098627205,1,0.17248416576899747,17,1268,0
4189.71224114488,3,0.1382544676888845,12,1255,0
796.2890479203073,1,0.15972443788257107,0,2052,0
2551.596965118463,5,0.15277456826534644,18,1309,0
5817.679321508785,4,0.3722315029410594,11,814,1
845.9542596052919,1,0.7911198077951509,4,869,1
931.3859244508109,2,0.14847243399247304,13,1283,0
128.8626761997843,3,0.2234984940091189,2,1083,0
917.5132517519922,2,0.04569526700817498,12,3367,0
484.92382005067617,4,0.3512086008790053,5,1965,0
882.0355065300206,4,0.2141245662093513,17,2308,0
20407.206098998056,1,0.020036164231498406,14,2902,0
6110.742132865637,0,0.3069821387393744,4,1212,0
259.966418562664,1,0.15159343391183835,8,390,0
1911.6811202672027,1,0.14699915684780512,23,1339,0
2437.9945803759606,1,0.09480402776912872,14,3645,0
782.1940951741477,2,0.08364866748289256,11,165,0
1310.6881756166044,5,0.04587269037986069,0,321,0
1445.169951918493,2,0.03337753249111268,18,868,0
285.25645767554164,1,0.3135577071501416,1,496,0
390.98556686443254,4,0.04219567780016562,22,2463,0
1302.8334107851033,1,0.18327617419071346,18,3207,0
1211.2431743551203,6,0.16807724400880347,6,640,0
539.9288030071239,4,0.09728429485231498,5,1544,0
495.52799970043714,2,0.309597851280016,23,352,0
1002.4685131204254,2,0.08963230457131591,1,67,0
2660.185012645878,1,0.1307406670018172,15,2021,0
1015.8837771773573,2,0.08504410580606973,6,378,0
5556.539662493835,1,0.2665930441548469,6,1778,0
546.8526853442536,2,0.12323409342552138,3,2465,0
1330.2335422200044,2,0.1252553654575589,12,165,0
769.4720042656065,0,0.11786376339466208,8,1699,0
1974.283736342171,4,0.08065404366649474,7,3512,0
501.9056319086725,4,0.020079383714743725,3,2825,0
7535.630275860051,2,0.229695433044849,18,2796,0
202.22634642257222,3,0.15228941540161248,20,300,0
6096.56172542365,1,0.07660423586666466,19,2354,0
1199.8939646843519,5,0.21562009331323975,14,3309,0
1905.3568288394833,5,0.1263404105585899,9,1822,0
4165.2222023921,4,0.29771653710066526,1,2347,0
2585.4671729675774,2,0.30722187025604963,16,2291,0
528.4631684783443,5,0.10715513204866879,1,2702,0
1998.3748520753834,1,0.05293699528039087,5,1598,0
7097.330260260195,5,0.31331975969983916,3,3416,0
451.5600151028,1,0.23775472468439535,7,865,0
9121.855453224764,0,0.10168046332549588,19,1534,0
1612.7603386576711,4,0.2675619059300133,15,2568,0
711.0709601153827,8,0.236014725151122,14,3183,0
448.8598116042409,3,0.09537679045154644,6,3559,0
877.180622030938,3,0.3616478521071933,2,1353,0
155.2010958990651,2,0.15034366482289316,16,1731,0
723.9740367797211,3,0.12800115386305772,13,2990,0
843.0891925522752,4,0.10988621316571909,3,3488,0
374.4979582054657,6,0.18702852209894613,10,2074,0
2316.575264418063,3,0.16040563598543137,16,1309,0
881.1551456668859,3,0.33137692007064373,4,1160,0
580.6832662136045,0,0.09882445326077072,6,1031,0
792.0829054475987,3,0.14985861576060427,6,2820,0
1564.1650923701432,1,0.22718002095166423,10,3340,0
1179.9427631368,7,0.10434202187491555,6,3611,0
544.0411633480188,3,0.3763682287439896,13,2296,0
1243.4604707543554,2,0.265404875053683,23,1913,0
1042.4448414923847,2,0.07075219452167157,2,1666,0
350.9121042453044,4,0.349800519732318,4,1840,0
821.7985618869495,3,0.34068556926099436,14,138,0
1957.3333114007214,1,0.10075843910837931,14,1304,0
1943.2911036431997,3,0.28314460270509473,20,2008,0
871.3429721461641,3,0.10630818413388837,21,144,0
2157.645359616275,3,0.12718958236626648,22,1304,0
411.5969126228162,3,0.03986410749899847,4,492,0
424.5425183746637,0,0.20739033342459018,16,2870,0
852.9876223898927,1,0.18867120056585376,19,120,0
12678.89193356939,13,0.3263901143672503,17,993,1
1291.1022973305548,6,0.16179405903787308,12,660,0
832.6673230720601,3,0.16009590859489514,22,3403,0
11893.728669689031,4,0.6900918072283052,17,251,1
823.0867192387275,4,0.1895996821098774,22,3252,0
17004.033170850013,6,0.503216220523244,7,139,1
657.6789381997637,0,0.18217289860262958,14,2516,0
398.72472669000786,3,0.3423182251802368,13,65,0
928.5628099082991,5,0.26204280382431244,2,1975,0
854.8412157893549,4,0.11616519301908601,4,2649,0
488.95967587469227,4,0.40065397261734825,13,2386,0
14793.957186383113,3,0.1881017144516971,7,182,0
5001.920952439896,10,0.3769165256601231,8,99,1
1744.5459037105054,7,0.3672784316587722,7,3015,0
690.9868083108486,2,0.13172812304514503,23,3269,0
1387.8175413229906,5,0.3987933413980246,1,232,1
3058.128344594587,3,0.025232089635268087,17,848,0
205.23552609106088,2,0.10777646803635584,2,858,0
349.7209417611865,2,0.10834396831178529,14,755,0
856.3605531350266,6,0.2550240485062101,5,1961,0
4234.613356002294,3,0.1672304993030484,6,2464,0
754.0683600016965,4,0.19987013446407972,2,2937,0
1662.6226716628048,4,0.17368949983624285,7,3629,0
1127.466861019706,5,0.3507280528205817,22,59,0
4008.844855881889,1,0.27390317917115364,6,624,0
224.81480666254953,3,0.016551220880627528,10,1950,0
2289.212620824371,3,0.3615153072817515,11,3085,0
898.836429053899,4,0.3544766093038148,23,1512,0
2765.244104872246,4,0.12643100167955573,10,3280,0
646.1736445248918,5,0.2985231379495673,2,163,1
1123.7123371126945,2,0.1973551292757447,12,2284,0
989.7904846722583,2,0.21967752531911244,16,2273,0
402.44744973871093,8,0.23627107509248307,3,2380,0
304.7790192778489,2,0.2868092895034457,4,2279,0
613.7505886037951,1,0.20630564409494723,10,2558,0
1248.7909584632005,3,0.06421228637593492,17,828,0
514.4445503950329,2,0.055183422661440495,20,2592,0
788.3376098280065,2,0.07810739983298154,14,356,0
166.36807375346692,5,0.2005580018405094,2,235,0
756.9900274073566,1,0.09175357042524356,1,24,0
3052.104545672004,3,0.20290428087581672,0,3512,0
2219.8176369409075,1,0.17958828772540814,17,2248,0
1005.3369751731194,0,0.13559575342088484,14,2010,0
1399.1955243997897,2,0.4686201239487677,13,2953,0
479.018684714985,2,0.10075632953548648,6,1129,0
5566.037521676639,3,0.15766892938573532,6,3104,0
8671.200329612822,4,0.3917931409689235,12,1577,0
1293.1335116433615,3,0.09534089689264248,20,1144,0
14627.898435109199,2,0.15615247849785913,3,1306,0
2071.4122774707353,9,0.42263756657954027,14,980,1
313.8517560482345,3,0.04026262809105184,23,1547,0
539.3562214836772,2,0.40091379476377953,22,509,0
880.5174402263116,5,0.3036608029261755,15,2997,0
11070.802886402631,1,0.1753538691953576,17,3428,0
827.8573629641055,2,0.1149214856773133,8,1919,0
464.2133196467807,3,0.47072757526065206,22,1304,0
446.54542926828344,3,0.23398062812014694,21,479,0
8366.43033856759,3,0.3383538041383396,18,813,1
2972.9254538840346,2,0.054939306806045356,18,1674,0
674.871170168087,6,0.1825601645704666,4,1959,0
168.04232529003252,7,0.018359970330154136,3,532,0
354.74756615748646,2,0.1015799415848029,5,3340,0
6131.801311137088,1,0.41225422955149726,22,153,0
2183.769704286152,5,0.06081522270288131,12,1687,0
1170.8220355304265,2,0.11423229261129424,1,1314,0
7106.983514082949,4,0.16674249134065666,18,2026,0
7772.33779644651,5,0.20980666899361006,23,3514,0
1057.9204261790285,2,0.05918408810437024,19,3201,0
1077.531697812172,2,0.16315384066645044,4,765,0
612.7477300593913,4,0.144367443680702,6,1236,0
1891.0052164862,9,0.3467541615580787,1,501,1
248.06108447422773,3,0.14843922822723526,20,2289,0
247.05565220405575,3,0.20828107652875674,13,755,0
195.84844710803182,3,0.14668586114754556,1,2324,0
3243.268857829211,5,0.4003132843628691,10,726,0
230.11927859618098,3,0.2933346918552907,10,2854,0
7707.601269090413,3,0.3118532756182656,9,622,0
528.2777086564998,6,0.24501785685210975,0,1519,0
6231.360126305454,2,0.2043735133238377,21,2948,0
761.2376968609775,1,0.09767913347211087,5,589,0
229.02089159819894,4,0.2137259081860275,0,2348,0
3959.1272876942203,2,0.26623331041908327,23,1539,0
4455.371062281895,4,0.06740678569870402,6,1482,0
443.16803061080327,3,0.07106064489030298,17,3227,0
787.0940403014,0,0.1917601800047795,5,126,0
443.28108110801213,3,0.36133502646839205,18,570,0
972.1142177617744,1,0.208156466936884,4,707,0
1221.492984631793,1,0.12067174496376316,6,2945,0
771.7162579000521,4,0.12742218176669348,3,537,0
177.8799002034159,0,0.21332340107655215,3,1148,0
613.4634492244983,1,0.1269163845910802,6,3606,0
2216.1323339132646,1,0.11037300244969231,6,3159,0
889.8923117788846,3,0.0587579087342055,3,1874,0
790.4159867957383,2,0.5187560152617647,21,112,0
432.3448159655541,4,0.31249713029056925,5,127,0
595.8259717997814,4,0.11913564558476569,10,2126,0
4487.038142381133,4,0.1232335150929574,13,3226,0
350.80227413848354,1,0.1936577793793032,21,393,0
2254.8147475175933,0,0.2555648680659606,4,2329,0
1149.4688221898055,1,0.05617449356878586,11,23,0
1400.816644614271,9,0.03013570775582293,22,3310,0
527.2336025830552,3,0.12387819920885916,10,1676,0
771.4120248141968,1,0.3809320820813446,7,503,0
1090.3781261910137,3,0.35539955090636965,18,430,0
651.5362497035125,1,0.14472034646257378,13,902,0
1527.5678423499753,1,0.3912428062175966,9,109,0
1732.7049409852284,1,0.3379075714682177,19,3278,0
28285.440365558985,7,0.675225561729407,20,618,1
1448.3641546739918,0,0.380287262663581,17,1519,0
162.02608559825705,0,0.2702801077334869,17,999,0
3508.7638706866464,2,0.16361700093532036,0,2239,0
894.378763585403,6,0.29889294201353606,10,3472,0
8200.294628705902,2,0.22127121052403098,9,306,0
4773.926698688337,2,0.06679107188183586,2,2600,0
661.6472879481104,3,0.42062045957740246,18,3490,0
2257.250556826594,2,0.1542344424043066,7,485,0
605.4941201748521,1,0.11288841464652048,22,3281,0
1099.5879815735937,2,0.24078339534106355,1,2640,0
2155.9458469729443,3,0.2805232878827623,16,2223,0
3337.576440765966,5,0.4580247474694041,4,2283,0
2684.3820430404885,2,0.3052162450183149,9,2335,0
1182.0312453380666,1,0.2533052733477998,11,1547,0
13140.099970060253,1,0.23212396719171086,13,1651,0
761.2635309194037,7,0.20355617783602514,10,2300,0
219.81787625448885,3,0.17131685615712225,18,1362,0
266.4804026263356,6,0.06746958482822797,0,2719,0
4788.668755271414,1,0.08873457632868112,10,1107,0
1015.7139875120141,1,0.2082119439024714,9,2971,0
1285.698588255747,2,0.022723032966805837,21,885,0
637.4501768870015,1,0.20261978003288955,21,2686,0
697.357032040405,0,0.1760523295213278,7,1168,0
499.1487457715332,3,0.12782318277966173,22,2065,0
1756.6270726591863,2,0.0993339120264703,22,1526,0
994.8779660619558,2,0.25044240555202185,16,2306,0
1694.2668304025226,3,0.1740434964985555,16,3021,0
1539.8470700549738,5,0.09825313501514357,18,2301,0
716.3158968408562,1,0.08169501754303368,21,188,0
255.00148653672346,3,0.11636430758665292,12,2141,0
233.73790043885867,5,0.10637072043295762,23,1871,0
22621.398909859727,3,0.568108514635616,1,2198,0
4808.6585882471445,7,0.20891389177724465,0,961,0
4188.854417789965,3,0.22950390464877476,8,714,0
558.5773992230556,0,0.12294857016542914,19,2084,0
2069.9682309457544,10,0.18408364651875542,1,156,1
485.23689142379214,3,0.08672850653320528,9,2235,0
295.2781828856507,1,0.08633800529485501,13,1585,0
608.6397076747387,3,0.2572834842349454,4,1704,0
4130.628953856225,2,0.14112361365133022,14,1994,0
2542.098924298573,3,0.1508141129627832,11,459,0
415.6950748652052,0,0.05692361168936468,23,1660,0
800.4579087399509,1,0.2555976768459472,15,1439,0
2319.5376869501874,1,0.09092912158951774,14,212,0
619.5718065303195,1,0.15989007777018124,3,609,0
1187.4770920681315,1,0.38025856629964344,16,2923,0
3946.6739736435516,6,0.5523869577297101,22,885,1
1621.2140349350227,5,0.13493115439316095,15,1440,0
1413.9541606075804,2,0.49325065023334824,21,2537,0
570.3800118899895,2,0.10882858421649834,11,2969,0
632.085969433872,5,0.13845552711510334,23,2725,0
352.95838076944347,1,0.2140750923771158,9,2067,0
230.13438168432984,1,0.07247443783143041,6,923,0
977.7473059838593,4,0.2761292658347229,3,1911,0
2480.609597970878,3,0.29912888083658457,11,2973,0
275.81148468538595,3,0.28762188303784886,0,2965,0
1440.828024210764,3,0.4215214528063162,20,879,0
2403.379650272901,10,0.09712663308390573,16,3206,0
174.7342470088886,3,0.08416217617968512,14,2946,0
836.6609408793308,7,0.003355846156125725,21,892,0
5688.547376747816,3,0.20381814234078569,20,847,0
1904.4356896226602,1,0.15658186452213707,16,2961,0
168.93986968621505,1,0.2292901673461141,0,969,0
2118.2370942475222,2,0.025208642059942835,18,3440,0
519.1865219411691,2,0.23363789878978042,12,2082,0
2189.233868987693,6,0.17837893223985601,3,2580,0
549.9999753449906,4,0.1820875008860456,21,1427,0
1039.9912260277324,4,0.2901057023133718,6,1996,0
640.6333083901476,2,0.06590093851880525,18,2922,0
1100.101495029342,3,0.10036244417412248,5,1097,0
621.8630092313837,2,0.12521784432351526,2,1234,0
876.960330743523,3,0.08509435409677354,22,1919,0
905.0567990260669,9,0.6680105878190928,19,370,1
1791.2331914753836,4,0.145551897988155,21,3166,0
1306.7327393197534,2,0.30949474707161095,7,3293,0
217.77617733640426,3,0.1705574982688161,2,959,0
2959.9174552870822,3,0.3600893024999155,15,2203,0
919.3915020005953,2,0.107795099319704,15,3143,0
1289.1809796633443,0,0.4089140628831612,8,2045,0
2355.625725550952,6,0.199324977854091,13,1774,0
1522.7028756419131,4,0.09207120186951404,20,2987,0
3516.4356581782968,3,0.10405043246505465,5,2816,0
817.8708816864264,3,0.04706239785699273,20,2107,0
3085.377781032245,2,0.14166941364829608,22,3406,0
1240.0718715010034,2,0.11852482794190801,22,2191,0
1821.8967805872157,4,0.08718537687696004,7,2158,0
1641.9324869218262,2,0.22062726100023616,12,2299,0
3792.308916238341,7,0.09944439547766362,10,953,0
2256.143849269606,2,0.13337689147401172,13,903,0
704.1944459748144,3,0.18221656478998313,11,2693,0
577.5141567799435,1,0.26058768801726345,2,469,0
1043.4062205782704,3,0.12667462490875,9,46,0
512.8064886606205,3,0.3173542621113619,15,667,0
382.91299591944636,3,0.35691240072853087,20,882,0
278.6046810043997,6,0.40245120258162537,23,991,1
232.92982831388846,5,0.06852676218351754,14,1,0
7985.68913892843,6,0.0621003212701722,20,847,0
568.7834321673176,3,0.09171764839552927,13,145,0
7357.388311889931,2,0.22724942488108177,9,3642,0
1641.1534571922507,2,0.3199071893919502,13,2569,0
1043.4021783873377,3,0.030981313012901607,6,533,0
815.6302977481903,6,0.2982651426466089,6,87,1
1101.7651952798772,3,0.01418837577211766,8,2921,0
9623.927246729358,6,0.49445166447716354,20,755,1
5206.362654585191,4,0.07780655348249566,19,2646,0
1442.6524144013333,5,0.4048067552346989,10,3368,0
347.69707762200363,3,0.380318594911208,13,3474,0
421.08497524443305,3,0.33196109355030806,6,1602,0
467.5041177014722,6,0.12004804418777415,5,932,0
3936.9237663195404,3,0.4380596169397303,21,1953,0
5606.715956491267,2,0.08749003229986912,14,2975,0
1333.9407830427247,4,0.3850721986266184,10,2785,0
809.9071119428447,6,0.7056154418909576,8,1915,0
5160.0961739327895,4,0.2214120413536597,16,1263,0
412.16611471061714,6,0.06385164823077348,14,1154,0
1154.9626994666855,4,0.13923754661871138,8,373,0
1742.308086237386,3,0.09247516389665138,8,1916,0
462.75575727977855,1,0.04095998592202996,8,2906,0
580.6137760701772,5,0.1478555849933264,18,2049,0
537.141961986314,2,0.2175401727553929,11,1461,0
4522.077793314217,7,0.11339752992863164,11,459,0
7438.074399503174,0,0.18569742418823557,23,1057,0
1230.028391027878,5,0.09992023011378545,12,2538,0
838.6399000449322,3,0.3055187566071493,23,982,0
601.9406936996105,3,0.0292878186025971,0,689,0
1098.5498967889805,6,0.19871938681623275,3,2181,0
632.5620057247686,5,0.04417844205317135,22,1776,0
995.225911026001,3,0.16022250473607522,6,1392,0
1657.776992956772,1,0.010382513898087468,1,1958,0
731.2000271053591,2,0.3245802518410701,3,1988,0
907.2444578922502,2,0.21458657688575808,3,199,0
911.0023846984293,3,0.24352861120738054,16,2632,0
798.2617612458802,4,0.1913260956634234,2,1407,0
705.2498399799804,6,0.22985791832259025,10,565,0
2350.0610909207626,6,0.12492220658450696,4,2321,0
186.6553691882162,2,0.18626220363449278,12,3270,0
5293.737827570005,1,0.017700410131126897,10,333,0
1255.8017135691373,4,0.19650714598925056,19,432,0
2018.3135712571814,4,0.10989227973477705,1,618,0
2264.4287150076043,5,0.5178803009256059,4,1856,0
540.2007555301437,2,0.08578332577186358,7,3505,0
439.50163788573605,5,0.3450586579028738,10,355,0
390.6182402364219,1,0.1062923715345971,18,2262,0
2123.528757073292,12,0.3915376649736023,5,498,1
2206.5923722930784,2,0.1235678104818995,16,3056,0
611.6975584230756,2,0.20964286555154782,11,2613,0
2014.107886625742,1,0.046028506464369616,1,1681,0
102.7273900655932,3,0.20020618337398594,23,3625,0
745.7816015497895,1,0.3448751401802269,19,503,0
3523.243762232124,2,0.11671416555002885,17,570,0
924.2926210618747,3,0.2741363967484809,9,2194,0
478.59578276746583,1,0.12445003380331437,19,1455,0
568.5883885363944,2,0.079087427669801,19,266,0
53.08940806764911,8,0.34223449709624554,14,1478,0
398.6955246976642,8,0.4302765389650165,9,504,0
3156.570310889096,2,0.033834336101624285,2,3268,0
612.4070850926996,6,0.18290561147991435,22,1092,0
689.147714684755,5,0.27057194984832933,5,2429,0
106.50456125987665,2,0.3215913363659912,20,2050,0
214.68293245840695,5,0.25089397227790333,6,2110,0
3604.8995260151005,3,0.17924674965782936,7,128,0
4454.943544611284,8,0.7008320055956231,10,406,1
1197.523430930235,1,0.3096437969129713,14,879,1
583.7236147715621,2,0.11907214538214801,9,590,0
1065.1039265538761,2,0.08394062066621873,10,2147,0
331.5810478050411,3,0.029469019621324432,4,1967,0
147.79942475942502,2,0.09549642374692692,10,1821,0
935.2273104857741,1,0.5416733884576309,16,1847,0
1944.205252819967,0,0.3345676013541743,10,2004,0
1981.9912888120639,1,0.2936885844531097,10,1159,0
2631.310751294578,3,0.2717283547533533,15,3417,0
824.293453615668,14,0.41355271481844497,17,421,1
1162.0046159554934,4,0.2508855281162993,9,3589,0
838.444706527833,1,0.21173206649681067,14,1985,0
3616.9468476735788,11,0.6157877344183166,15,89,1
887.3312534964617,4,0.22470754246583033,7,2578,0
566.5423411829336,2,0.09915471685778805,7,2197,0
53.635413298689244,4,0.2587714980921995,18,3030,0
3504.590713860907,3,0.15746856363607914,21,1211,0
1525.3667706592878,3,0.5190215582773064,15,480,0
248.56644956412407,5,0.1833548696995502,21,2129,0
1760.1101177753033,2,0.07615710273797804,19,867,0
701.1313137782648,3,0.22233796776402265,16,2648,0
721.2801963114628,3,0.1645112638188201,18,1111,0
508.56111673938994,3,0.27594306370910976,13,1444,0
1876.0625526723577,3,0.05658015739697912,2,2009,0
492.83598372882403,3,0.2134568044363408,15,1879,0
366.19475666472175,2,0.38187346539760525,14,2612,0
3400.7280179374666,3,0.14680404656380122,9,1820,0
917.01019524141,0,0.25110086709919754,18,3115,0
946.2564394955274,3,0.19114249964247393,10,2819,0
2191.7686952863523,2,0.08735406183382019,8,474,0
562.5124679930036,3,0.21894443762893767,12,406,0
686.6651932447312,0,0.27792321771718353,22,2219,0
1488.7844635520362,7,0.09897625443110779,7,3060,0
234.7737765544034,2,0.12858265110929754,11,1086,0
1367.9917216903114,4,0.1401724102436444,6,1460,0
515.0626484899805,4,0.2590296211068727,18,783,0
2579.8140262149564,2,0.2947599759498562,12,2137,0
1894.4111431970975,3,0.24380208041844856,3,1854,0
1659.9592900357673,1,0.1372471381882577,15,85,0
219.87107491178472,2,0.31434022453610555,23,1543,0
988.9112641792799,2,0.07074964053673896,11,1599,0
337.8944064042439,2,0.4266673278052043,2,2433,0
1056.943041023183,4,0.33298864658832006,5,1985,0
108.27998466367237,3,0.37613000441739064,13,1896,0
234.90184161379725,3,0.1670679627902665,9,2653,0
3601.240357455178,4,0.12590617631326956,22,1199,0
1586.1312846988553,1,0.44524733990483606,16,1744,0
769.84111740216,4,0.42619878183797266,3,1115,0
441.9764841199309,2,0.21540457453265374,18,2064,0
370.83086991074606,4,0.06705408616204156,13,1872,0
1339.6394037996026,4,0.20356753009548034,18,2415,0
777.7208774086672,1,0.17101844779040973,17,2826,0
5149.460255032317,3,0.22845849797573,15,2124,0
911.6318907124858,1,0.148974658986891,13,1499,0
1162.9562019259145,2,0.04393975481628297,5,2762,0
273.553313103051,2,0.46214236808217046,8,2531,0
764.5602063279636,2,0.1661553220397096,9,2803,0
1308.9641851478996,2,0.32433439116355384,5,2143,0
755.3749804396333,3,0.3366265871190124,13,1741,0
674.769712790483,3,0.07086948433538379,2,2730,0
1520.6750477514859,2,0.0940059705810898,23,2863,0
4988.164480820022,1,0.13472731379115668,5,3600,0
1267.7124949731383,1,0.20212519012766983,4,1377,0
3443.30237800072,2,0.3014722228499563,19,1005,0
2041.8312944671202,2,0.4635235344556131,14,3287,0
3243.3219432723336,2,0.24391082631807792,1,392,0
596.0234885772901,1,0.35653308220725566,9,992,0
891.6489533079048,5,0.13154968798283745,19,3046,0
895.3604988931854,4,0.22310475730554818,10,560,0
1893.6798706348459,2,0.17206489610581377,15,135,0
2422.1547661399372,2,0.282004496988115,18,1627,0
1242.7179947990235,5,0.06283186476052366,22,2097,0
2635.1794928281906,5,0.10750347589014078,15,280,0
624.3234122826532,6,0.2957084518887752,14,262,0
2658.1284207199433,3,0.17317174210930927,12,2906,0
7100.938050595391,10,0.3452083903446494,11,201,1
2159.2070913013445,5,0.2402078205273748,1,2465,0
1254.09538573717,5,0.1473758319061712,6,934,0
2237.9674228641734,3,0.15368843259684553,2,3477,0
448.53895537997937,4,0.11459524543175816,6,2974,0
1337.2389262102001,4,0.006459652220127709,12,1333,0
1481.0557792977854,1,0.024834478227230207,20,1536,0
290.1750428280425,1,0.09795313709400258,20,977,0
1762.66871149534,5,0.29910618119084037,1,1957,0
314.56202494228523,0,0.1342842060120684,11,603,0
714.8564133880346,6,0.07132396244458289,8,2663,0
1141.114801116568,2,0.16308087575213454,13,1359,0
528.0883585093538,4,0.23581882997392342,2,3394,0
1191.0065139124501,3,0.20387747645855633,23,111,0
1905.2533099486732,5,0.6835387006274554,6,401,1
482.90423397066803,2,0.32553160630659717,5,3508,0
1935.2164483574809,4,0.17500394148276818,16,3214,0
510.7312369198774,2,0.3666881757100358,12,1991,0
10807.270431608087,7,0.1473198118250404,11,2689,0
982.9135553625275,5,0.17286042823248005,18,1089,0
339.91849048777544,3,0.3268971839558522,2,2079,0
409.7954913975913,6,0.3948112094312593,22,1876,0
3455.0094269683736,7,0.3243275417570369,1,1327,0
728.3985449700765,0,0.01729210768293006,19,2371,0
280.40533802830066,0,0.19368618264125587,13,2827,0
2575.277945126669,4,0.1767198739545137,12,2674,0
723.7355854570436,1,0.06020954184868553,12,797,0
2107.8410658654466,2,0.06798474933719449,15,1252,0
2794.9402996246617,6,0.37068450373492345,3,1576,0
1442.976883375198,2,0.11645364609066348,19,2826,0
12039.008869740204,0,0.049395487788918,13,1904,0
195.44079741975014,4,0.2533388074284796,8,3450,0
1711.4231782841412,7,0.8127793474271952,7,727,1
848.9921969487648,4,0.052642482477055164,19,3634,0
30009.18797036779,5,0.283166546817192,19,920,1
6621.005132451327,1,0.12712608126289435,13,2424,0
3978.622239604784,2,0.2526521185228368,5,2424,0
495.65298718012104,6,0.1432188301775547,7,704,0
556.9554530898212,3,0.1266168224499313,18,3446,0
478.87517327555435,3,0.15242248887600826,10,1072,0
500.9834727206722,0,0.26700446595533994,7,1838,0
4879.0441427577025,2,0.2447526540470397,22,2680,0
859.3986294843397,1,0.31724442894746135,20,378,0
980.9307200971195,2,0.35992084403748975,14,291,0
2378.884089903895,5,0.06613251425613395,0,250,0
207.77837897400926,5,0.1745687673126665,22,3102,0
1155.913039745522,4,0.10471563457912829,22,1762,0
366.18119211653715,4,0.11290348485745084,22,2127,0
816.9558705950766,1,0.23593810381889885,2,3522,0
610.0734172305447,3,0.16657168639310244,15,2919,0
579.4151623046333,4,0.07711149391263182,14,135,0
1374.1378657278615,5,0.21562725008529088,1,2404,0
1368.148168182775,2,0.41083117178339623,3,2973,0
880.2266320765125,1,0.4011347819374446,22,17,0
1588.720640945775,2,0.01324383175681919,2,2609,0
460.07313185784193,1,0.4127099377300412,18,1953,0
2168.0552987536375,1,0.5791557952532423,20,908,0
892.2987319857508,3,0.09163513278097389,9,725,0
676.0969195368524,1,0.2862818799197013,10,636,0
1369.2670761378267,12,0.706032423457613,10,9,1
861.4375293566367,2,0.18727528130371482,12,1091,0
7119.830919379732,2,0.173031266033514,0,2082,0
1029.3535161030636,4,0.16200630523434603,1,1260,0
349.18311305830724,3,0.5392309667673418,20,2054,0
2748.5233059614948,1,0.1129018485321279,8,2393,0
684.0777386819,2,0.08692248029376928,22,1232,0
1456.4525595861367,3,0.3053333921700959,1,1736,0
2358.4661910570853,5,0.6959987020449001,2,82,1
3947.245670821091,3,0.12583634669931848,10,494,0
607.4320052001077,5,0.18841281284781158,18,352,0
4437.551230318494,4,0.16012018972807932,3,408,0
384.0371971487413,3,0.23819912537927035,12,3474,0
818.1892070225281,4,0.05173889310169758,6,588,0
4447.0480073855215,2,0.445203454005354,3,3079,0
1297.4735439090548,3,0.19232201610511232,6,1632,0
10630.323906027032,3,0.1044027803166484,16,1108,0
837.8671458668268,3,0.48948879962749164,21,678,0
1418.0569279843803,2,0.08418200047664276,18,3085,0
7369.82523627036,2,0.08052657998582548,2,566,0
241.30864125895715,5,0.32294856640690345,13,2500,0
213.20410936871085,4,0.06887859219860418,5,2977,0
494.96736088596117,7,0.05803133863648771,4,609,0
2473.458591002178,4,0.317084990034803,17,2044,0
219.2360090988238,0,0.1332176718157237,23,801,0
1992.3080237000681,5,0.10861730317221585,4,1853,0
1856.9798203435462,2,0.05538131562353216,11,1400,0
8220.532222376463,2,0.07752796108693673,22,2462,0
3119.677548155434,3,0.0571491753060852,22,2379,0
1578.2157843055222,3,0.29266943100759324,4,1046,0
4268.991668606377,2,0.1413334263277795,9,1910,0
1879.7685585940515,1,0.26684945224723017,6,2657,0
692.2380818570608,4,0.14838173358657306,13,2907,0
349.1125010899193,5,0.18401987134933034,22,1424,0
620.5675088985668,5,0.38813095873134146,12,171,0
1053.5557234154548,6,0.1258836987301158,20,2606,0
1306.3841452252004,2,0.3202718331214728,3,513,0
129.64557770466172,3,0.17626177346177788,19,2907,0
880.4557446637542,0,0.44923073889742887,22,2351,0
1128.4291022870157,4,0.07900297339996344,13,2956,0
1896.0678060874359,3,0.21353114890197647,15,2602,0
5579.201152578947,2,0.10348649951683077,0,2063,0
1320.3518531074449,2,0.29368599397974676,20,758,0
441.614409108472,3,0.44099054912049107,7,3544,0
178.02439943907663,5,0.5336898765322649,0,3234,0
2179.8491542969036,2,0.3691807742278893,15,1003,0
459.8556521310442,1,0.1719678264383181,1,2580,0
2609.2992486526177,1,0.3121608744928234,17,1800,0
4435.608778431496,2,0.3152126790559345,9,628,0
234.14140647601624,3,0.2863228582646628,15,2183,0
1908.1559028494657,0,0.11587030674295351,23,2591,0
3994.295152981386,3,0.4807476944146761,12,3365,0
3038.2571536572877,3,0.11589726047893559,20,837,0
134.77686553501164,2,0.11005548208109499,13,2583,0
467.0087318315967,5,0.16033667106975832,19,601,0
304.8498908319394,2,0.41036449875341946,9,631,0
1850.9841602714205,6,0.1158927017299669,18,3413,0
1657.9325005302821,3,0.1556243142203815,8,3400,0
73.85532574313022,2,0.30668991158070713,15,273,0
811.7304920061229,6,0.1315102707130928,21,1998,0
2442.359429436241,2,0.4345002488613846,16,1020,0
1271.5297615375198,2,0.09566157901825796,4,1485,0
1269.3584819403143,2,0.16890355922398,9,1239,0
761.2838720068297,6,0.10963582734977141,3,2540,0
380.3375161601597,2,0.6391192340828641,21,2297,0
1078.0877793361904,5,0.2948355590653989,17,576,0
1155.2747243298234,3,0.044947398990903414,8,3364,0
2028.9110921969504,4,0.38184953951336276,22,2753,0
2200.6321176825204,0,0.13816645825099652,9,1459,0
1194.9521469413173,1,0.4033442094958936,16,1377,0
3277.736476704387,6,0.159283158281023,4,2523,0
753.7609926366183,3,0.143534859965824,12,3051,0
258.77926253820675,6,0.23482902732209376,0,1400,0
1767.0268534771133,5,0.10572339428972156,19,2633,0
1244.3636508176612,2,0.2988001035615016,5,3077,0
1802.5029678561116,6,0.13412936539761497,2,598,0
309.6828321751881,3,0.07416388550821423,2,3052,0
6573.463152180647,1,0.2939351678721746,4,3131,0
2231.663194656824,4,0.2496850610240132,12,2485,0
822.2159792316745,3,0.2715183722967524,11,3248,0
430.32763225348333,2,0.10483400492329373,7,1158,0
3220.05400595091,3,0.2484439334401506,19,2905,0
364.3920024371074,3,0.11520191658107909,9,584,0
10523.486258557827,2,0.09620554169887457,23,3404,0
1095.2367430449476,4,0.19616100229974875,11,986,1
6127.273894540246,1,0.15106920390374842,18,1273,0
911.8962429684906,2,0.054421217102955256,7,1939,0
5328.082566524994,9,0.18357771503658163,13,1433,0
525.9107350844325,5,0.051681093275932254,4,1271,0
1117.4855307695793,3,0.43921220589801285,9,107,0
2452.2207711348747,1,0.0884083978195306,2,1026,0
2126.1691891216533,0,0.11107695090433573,16,3638,0
3296.9788682302687,1,0.1939206654135389,21,967,0
673.5268660117192,3,0.0936569911245288,14,3131,0
1193.6944693008772,4,0.07867631499808227,8,2454,0
3821.4628602262524,1,0.17531075709326277,5,2195,0
541.717418977892,3,0.21657068971418406,9,3058,0
6628.550328278861,7,0.7104175022877858,10,961,1
880.8080812130489,2,0.2357469310920202,20,1862,0
1347.3218773935887,2,0.25085871498881135,14,3151,0
1193.3863491650793,2,0.1533920195870332,8,2614,0
498.556463214298,3,0.5769602745887747,7,868,0
844.9748029154038,2,0.18889929310457143,18,766,0
1267.665440601047,1,0.2523886619975736,18,738,0
989.5754386402182,2,0.0884481662017205,5,384,0
5285.571082976757,2,0.22722941918393752,11,382,0
3010.7833011137477,6,0.08913875738098109,1,1092,0
1465.5421166461854,1,0.41929870229001,18,3333,0
511.2474999544949,0,0.3879036655203807,18,584,0
481.05273876724675,5,0.24798908814922413,6,2359,0
7893.627246681792,3,0.4051223118358526,13,380,0
399.4603710548834,0,0.31962055636651265,2,2297,0
1228.881417771513,2,0.06693028530412327,3,2093,0
1573.3284944552836,4,0.32792112280970565,14,1969,0
803.2583140988007,2,0.3170811901919122,11,676,0
402.5407103306766,6,0.10026447503214922,1,176,0
500.2476926170391,2,0.07726639658304882,18,2268,0
634.9174546056988,3,0.17521050286445491,9,330,0
539.426819740777,2,0.0913625961159933,23,2249,0
4136.976116007596,3,0.3338718593264224,22,3509,0
1086.670818648336,1,0.12543802584787397,8,5,0
649.4974427557905,5,0.3329460741098979,1,3035,0
1220.429401040682,5,0.017202045970674585,9,3320,0
2138.7052580073046,2,0.016892257894627352,9,2034,0
776.9533375588019,3,0.20862413448062625,18,359,0
2702.6317383638566,5,0.14598341522974895,18,2055,0
307.6162995443128,3,0.3682125169881748,1,173,0
3537.953147979689,1,0.27367387773535434,2,1961,0
1086.8595394426775,4,0.20446851548546086,13,3251,0
1045.225204885718,2,0.314277686715086,5,1245,0
548.3894312531296,5,0.46518724658555816,12,808,0
321.2275882220939,5,0.4276851321539991,3,2481,0
207.12615750843074,2,0.1630323082615626,4,1872,0
511.4364478527365,4,0.27215525530864365,11,1029,0
1973.7157656672948,4,0.2858741013448062,11,2075,0
419.3565772480729,4,0.0336847196746351,16,964,0
233.11964375300113,1,0.3999266958993594,23,322,0
540.3891393756301,7,0.3623746926107055,20,987,1
746.3291199689347,2,0.30813617533741516,19,587,0
776.2687420760845,0,0.15651589342032668,1,3647,0
964.0152285696931,3,0.18882001462924888,11,1361,0
3079.7581373563658,4,0.04584328902098288,7,1042,0
3824.773152980019,2,0.061676888900762485,18,1675,0
8147.468181447914,3,0.23240947588054406,23,2104,0
215.95988725840203,1,0.12903817959674643,8,2300,0
465.96758874790373,1,0.16820824623688693,23,1727,0
2205.0052240454597,3,0.29799432666002657,3,2876,0
696.431043822876,2,0.19973150241331317,0,2983,0
2593.559329734459,4,0.11823488735983438,8,1885,0
1348.9926802204977,0,0.15030869874539762,21,2983,0
5319.870340949952,2,0.062174080832976576,4,606,0
3111.051696025553,4,0.0765823786497551,7,3220,0
3168.5096886395677,4,0.14608701296348062,11,2396,0
726.4200227795146,3,0.05340334873808034,14,3204,0
994.7974554067997,1,0.10618260921515472,23,1926,0
808.1490767512396,5,0.08980348066671286,16,845,0
243.25441144782903,4,0.09591371582342205,18,1960,0
4777.9614302751925,2,0.22455349920108675,19,2360,0
2310.8883780883407,2,0.01974989299892036,16,2768,0
1078.1751135082134,7,0.6795647465766149,17,43,1
4042.3945568404065,4,0.40389301440208586,8,3290,0
583.84314139735,5,0.2125466626383355,5,2530,0
174.48966814381944,2,0.14660423419838303,3,1290,0
3003.008062796408,2,0.06317106088147975,13,1788,0
305.34423114255225,3,0.12067901940680716,16,2433,0
901.6483014938298,0,0.0941169576217189,15,803,0
1347.6573136378804,1,0.4731794583949059,3,2846,0
1612.3779320315662,1,0.09431550196453838,17,69,0
2561.6351299242688,4,0.34420641360515225,12,896,0
1960.297303670235,1,0.14466056636691144,4,3379,0
1900.5384629604484,0,0.1615173196624335,20,2102,0
497.3272290258246,2,0.09214763844175672,22,1081,0
1471.803144909039,1,0.20104710074837656,21,3425,0
243.33766092753643,4,0.16410630299790172,5,949,0
19419.201592159883,10,0.4017240383947007,11,628,1
269.73370005123394,4,0.09496947406456949,6,2462,0
775.5404655809966,2,0.08886421530848486,0,111,0
293.2794066605009,1,0.058443063348097665,12,2024,0
528.3895068654858,4,0.39241460468812656,22,1537,0
1111.4585218478442,4,0.2197879052191626,1,2015,0
646.2858521406046,4,0.14910014041613803,12,1240,0
3443.5088951259386,4,0.1356263686074846,8,2953,0
1375.951837360954,5,0.398214207116631,16,3228,0
690.2751393359632,1,0.17435119072848126,3,1624,0
959.5055215336688,3,0.030217656260130166,23,1593,0
3713.3898961589425,2,0.14361622983837935,4,1245,0
2721.3160475410564,5,0.31968841524867025,2,388,0
351.1554861925886,5,0.158284925740551,8,2512,0
555.2110356356379,6,0.24585741331113606,19,2418,0
1763.0310930472835,2,0.16609424318601443,18,2756,0
1561.4444261170122,2,0.193265551426437,22,3500,0
383.6069492040178,3,0.274547433720525,17,817,0
2319.5456136823345,3,0.40942928169800114,3,2117,0
449.94522800572935,2,0.2126889918197678,6,1407,0
4039.300344311546,3,0.4986601413188109,23,487,0
1862.0795061416595,3,0.37003112439549024,6,3080,0
353.5679011507149,5,0.10838889883344764,23,3147,0
646.0799763613,1,0.3127065129328635,11,672,0
634.9456378045644,5,0.20416516401384366,5,979,0
1286.7522939806558,3,0.31406907676916507,1,2146,0
894.2837351877229,4,0.3703858309196626,14,748,0
348.8043232574797,3,0.31586863981560576,23,1450,0
271.98335070452583,2,0.19471970722726026,10,3092,0
1898.8872475364597,2,0.41721465086759624,10,3100,0
1460.0659202863349,1,0.28703126961659536,18,2718,0
1218.6970280520368,2,0.4890501918291459,6,2304,0
1437.60219017249,6,0.13241410322852748,23,3168,0
590.5656771947095,3,0.2495084509554102,17,2907,0
1318.160334846912,6,0.11025519218390079,23,2448,0
13884.183103435358,5,0.23293467801434362,3,226,0
3549.5180785997513,3,0.3552895030500278,13,2599,0
821.8776576801434,5,0.26736832012751105,3,2499,0
649.776366985284,1,0.08337501881989548,17,1339,0
62.77523210878098,4,0.31116909125129016,4,3181,0
3192.929627917334,0,0.12638067340658765,23,579,0
6525.437521484663,9,0.5177679786684605,11,773,1
636.619426702763,3,0.05781363702677238,0,351,0
669.9711121827584,7,0.7252780933039471,20,576,1
1085.9628415322604,5,0.8218837836041288,3,970,1
1710.2551732375525,0,0.36418940135032146,9,1314,0
1002.9082080112164,2,0.18405393811526172,10,386,0
2189.8580812034365,3,0.016496855312712902,4,2686,0
1195.647475777641,5,0.13467835527039218,18,2996,0
2883.496306414809,8,0.3138851267246399,16,2257,0
1586.959404846301,2,0.28655414506701554,8,1969,0
2511.901663587172,3,0.03237125853500807,2,2911,0
135.68236316381643,3,0.4694106437185071,9,1717,0
319.1478354683613,4,0.4389111869816058,9,3529,0
761.7727859946012,2,0.1511603393028634,21,1382,0
3227.841042701499,4,0.38531922682185077,3,678,0
7190.59877471678,5,0.349984735552311,0,2718,0
930.5392135206782,4,0.1088897389013545,4,1396,0
594.9158316406485,4,0.1445777248452217,5,205,0
155.2491825998183,1,0.39532808780494416,6,2822,0
2600.7724188793327,2,0.21925795356359615,23,403,0
632.5817269385522,3,0.27852965048923795,4,1559,0
21127.581994708777,3,0.10050772633651593,5,3442,0
523.5309134070415,0,0.09197487124887817,14,2360,0
9002.657557170776,5,0.2190704963020811,17,457,0
2317.7852697027447,2,0.046847737849586624,17,1872,0
392.18575826718916,1,0.17205602352239147,2,754,0
1383.1845833184118,6,0.18543042909192864,22,1370,0
2371.7432838716218,6,0.1462775264192642,1,495,0
875.4585510968913,3,0.11617600226186296,21,1611,0
2535.085670573572,1,0.09107130993619035,8,472,0
2479.8594380538366,3,0.17857017109507262,17,2263,0
1990.8928801728348,4,0.01746670319809663,13,2619,0
1078.7159007712503,4,0.19860184194568764,1,3386,0
338.6814231091868,2,0.011834761934991613,15,2922,0
1015.5794593871943,4,0.20418796480091492,20,2348,0
1307.7516758370882,4,0.2992790747600749,6,2211,0
167.99750514442292,2,0.09622695423753488,20,35,0
5175.424829144083,6,0.36802033336924667,9,283,1
995.4538215040997,1,0.12401633645067711,23,3035,0
299.87746140065076,1,0.16359973415415904,22,867,0
786.0289385996343,7,0.2608865732806198,6,3202,0
802.8385644225336,4,0.06554434674536339,3,438,0
7555.979635640415,2,0.26104111419635906,3,1251,0
1366.6507890347714,5,0.12941375118076395,0,2297,0
3090.367365432506,4,0.08819583789268598,4,3584,0
974.7535750451226,3,0.4122631103280467,11,2577,0
168.35645425158052,3,0.19818778821117564,19,1694,0
2148.1060991985473,3,0.08222965541779075,23,3288,0
567.8249987252208,1,0.14343809064547774,3,3388,0
783.9928261675799,3,0.14790144521790083,20,1974,0
382.6148045642881,4,0.0268404479482373,14,38,0
1179.4079613955066,3,0.43584285677526646,6,1094,0
3181.723663969749,4,0.17206325026676517,0,1834,0
2787.047605133164,1,0.16301175100453294,3,867,0
14597.456015991698,8,0.44726808028906473,0,642,1
6173.1187422552375,7,0.1749037856920036,10,2383,0
141.75862250847103,1,0.38604899659329056,22,697,0
332.41342128312243,3,0.31570362260804596,23,56,0
179.79340139562606,2,0.3607295128873766,0,1495,0
2063.0286703669526,0,0.1146967121712003,18,2359,0
548.3524385149269,3,0.06482729997526888,21,1748,0
672.377318058942,8,0.1411622264764916,19,3455,0
883.0683181175257,1,0.42791926409570863,6,3153,0
1607.717400105598,1,0.3151884071877036,8,3448,0
248.31024494008963,5,0.12762414249962034,4,3433,0
311.41814828743446,4,0.1497512872403686,7,2061,0
1098.055543143669,2,0.05529976125709596,3,3169,0
3636.387185009935,0,0.024854327570665503,0,1699,0
1069.1322282160197,3,0.1512943854896547,16,403,0
496.87589845484376,3,0.1712023805246826,12,975,0
127.96941878881945,4,0.15119809969046277,3,1821,0
2843.171931101157,2,0.18186422690302806,11,1114,0
525.3519141029394,3,0.30942195063802563,16,1315,0
348.12551298579587,4,0.36234365951704217,5,1179,0
197.2900090821154,1,0.2010664662790505,20,511,0
260.0565711925818,2,0.05215804932006863,2,2322,0
419.38350158076787,1,0.20388691179088386,18,2701,0
863.6358964226791,2,0.10490402358361448,15,574,0
327.42476229735405,1,0.4113338979694608,9,797,0
1320.423817020378,4,0.14607838221972205,11,400,0
857.0979962543006,2,0.12004301322757695,20,129,0
10117.200652234627,1,0.39026960288633916,16,3348,0
199.44866473776332,3,0.1215668811124114,12,246,0
1288.8162369841473,4,0.2023366713736652,4,910,0
1305.0609048370143,2,0.13633492709001055,12,838,0
757.5791212387684,4,0.2720579992407526,1,540,1
1206.2267736316976,0,0.12372124608703433,0,2610,0
2367.5107516622097,4,0.21256686125771562,4,367,0
3049.270068697086,8,0.7690981093293119,6,374,1
4378.506155551648,2,0.11711858707761517,16,943,0
124.2520770956557,2,0.1496385748002648,6,1381,0
472.37189439382155,2,0.1488685648518643,0,1766,0
4793.691430873392,5,0.0544708656594415,13,3346,0
2729.9165863559815,2,0.24320528472972028,15,1286,0
1882.7932252069443,2,0.19024733551519896,19,2512,0
3763.916838403305,3,0.30428632887905793,10,710,0
161.32841326597628,3,0.25123773067626465,14,2355,0
2429.9128286869745,2,0.14156910258346825,21,1728,0
3179.1532362889816,0,0.16493900004976286,23,1752,0
567.5335314265739,3,0.0936297888195913,13,611,0
15202.833712173673,2,0.1337559903524704,10,1042,0
1334.5493710309654,3,0.12894660272374298,18,641,0
122.39223854546933,5,0.4639369726299168,19,470,0
1605.6308285410905,2,0.32120456898242145,13,1839,0
533.8633834596275,3,0.09903481394508408,22,908,0
3515.704721577203,7,0.20509312536279203,14,1220,0
1896.838882219061,4,0.22373815452094573,5,3281,0
603.0969285804691,2,0.07047770575915087,5,2236,0
4926.834237415678,2,0.31767206094325434,2,1363,0
4681.705667946433,10,0.40204648249648756,8,430,1
479.18177422218935,1,0.14635769506847124,3,1565,0
941.9525666550135,4,0.03672142115992429,19,1326,0
1838.8888655259723,5,0.1449482746656322,3,2372,0
761.8401351059272,5,0.3141333051518714,23,1147,0
784.9347522325024,4,0.12389319496864737,21,2859,0
1137.6557087435567,3,0.06017362108548662,9,2277,0
377.73821997806965,1,0.20423607052148812,8,2244,0
117.59360578656144,3,0.24504974515371247,12,1140,0
1392.8884092231683,3,0.12867698069131117,0,2381,0
150.06972969369667,9,0.08886560341513856,6,2952,0
406.2469788158377,2,0.36115963611239055,13,1193,0
406.84515532468663,14,0.2843680119903834,4,642,1
210.9361650170361,2,0.33467863223024613,12,1192,0
1679.6742824719922,5,0.13574776535077998,13,1494,0
878.0397227641714,3,0.2429073398125534,8,544,0
846.9143301810385,0,0.10062754781412864,1,230,0
294.15246353584047,7,0.17896849378215163,2,91,0
569.1539222482546,0,0.16547188176562566,17,2463,0
1597.915360790147,3,0.09858754577073316,9,641,0
1040.9746686959566,1,0.09924787958896897,2,2905,0
2496.572477196489,1,0.19380096494531568,14,2241,0
2878.6940404967986,1,0.32370406298444493,1,3298,0
852.1649758758072,4,0.3762522727477079,23,3544,0
172.04407845679188,2,0.10262100391226424,4,1119,0
514.5820927905049,1,0.09862238605178296,9,768,0
994.5702348986923,1,0.17811755991751865,21,1758,0
504.472307848064,3,0.3023379184278085,14,2417,0
381.98287916647496,1,0.11629692166441975,2,1891,0
1175.8567199086424,2,0.21799957765491987,10,1194,0
12460.302911164204,6,0.2890026038866085,14,1564,0
673.0448288915896,2,0.30231726678777193,15,1606,0
1093.5604803049878,4,0.046410000744835915,10,598,0
295.29183034886177,2,0.1365283633393883,7,436,0
3802.450685347702,2,0.3671360940736176,14,2930,0
2630.0103048325705,2,0.1907092026673111,5,1500,0
2454.636930477354,4,0.25740705377028933,9,1574,0
4271.822419490634,4,0.2418816345636109,16,15,0
715.2689639428476,5,0.23494657207145528,11,3476,0
810.4439469305598,4,0.18726353626275472,0,87,0
6062.506042138536,4,0.23798526564665706,23,2906,0
2064.6749895189582,2,0.15615449449704416,6,3362,0
119.19707057972784,4,0.2241358280509947,7,367,0
1728.1745822183052,2,0.19952963029576745,0,3087,0
612.9613842356854,1,0.4648331505356354,4,2770,0
2692.3557279387096,4,0.23871777633505706,2,1103,0
1649.4389345810264,2,0.2733676523942522,0,308,0
192.37704761541525,2,0.0933349536179936,0,1322,0
1434.870916509134,1,0.10874223992054136,15,1186,0
1353.7417813226098,1,0.15740554753929306,1,3505,0
1577.2884588929471,1,0.11516744064445436,3,1827,0
1949.891193728961,3,0.24396774128728396,6,659,0
4894.9824018072395,4,0.27822472274012594,20,512,0
1658.86512782684,1,0.4026327110290204,0,1244,0
1122.034080585211,4,0.1512773302276649,14,3468,0
3456.347083684869,3,0.14291536023733037,9,2617,0
10329.309581121483,5,0.1584073198325725,19,128,0
2738.240265440614,2,0.029582001740437115,20,2000,0
1347.7692897779914,3,0.24164889873944595,17,3459,0
1690.078995575726,2,0.21196011307187734,22,2477,0
1416.6408639445167,1,0.5945010257885975,18,276,0
1117.1302678955353,4,0.2484219355091194,14,216,0
9558.354153097052,4,0.5184963289749576,23,1477,0
518.5034210815379,6,0.5135448157576499,1,282,0
3480.4115533838826,1,0.1713167212555345,14,910,0
966.9463927911661,4,0.17997725081269828,5,1933,0
249.53041956434873,3,0.1353442135013684,7,2886,0
908.3976801147728,4,0.08810626633821073,14,2082,0
1271.956207276097,9,0.5147483999825881,14,29,1
1953.889574402711,2,0.15773829677167456,12,3322,0
1201.4689626305685,1,0.05168495543286003,12,1674,0
394.639676169026,4,0.1918889842635888,12,116,0
4774.32515193752,2,0.14085878897698492,4,2040,0
3262.124680246227,1,0.18982807363543905,12,899,0
5356.44363059993,8,0.08906061077716074,7,3282,0
1389.8688429295196,2,0.16105804809513466,7,1905,0
1058.1389449434039,4,0.17341603911141315,15,1087,0
2216.224790809813,3,0.22686467353874484,7,2942,0
615.5554180860034,4,0.23563103636710298,11,2801,0
1248.9513456459104,4,0.3730614795396348,9,2373,0
919.9525574080076,5,0.30727150217952387,7,53,0
254.41471780766062,1,0.5147968400229589,23,2897,0
1245.7032449867359,1,0.11222692923343099,13,491,0
705.5891363584716,2,0.27132882766194755,3,2562,0
860.4433984556888,2,0.43243811847394403,6,2298,0
1577.79715205616,2,0.11874014111842217,3,1622,0
3914.8532903230903,5,0.1606377470493547,23,1604,0
469.2942213811965,6,0.10412241512278578,19,2870,0
783.2420539990871,2,0.2969679461065198,18,741,0
510.25842018958224,4,0.36931828021827434,7,667,0
478.09975930967613,4,0.14041060150585907,3,818,0
605.1225844005062,3,0.38379220040401063,22,2656,0
901.0400589688928,2,0.4977510305962452,8,243,0
5764.850909791754,9,0.3511665405666589,17,50,1
1510.8773155766823,3,0.1306328825265731,6,509,0
381.1309439225748,5,0.32506250277002285,10,3007,0
4000.442759763217,1,0.02474446583838713,6,2886,0
2819.7748109681897,2,0.19432031921787762,5,1563,0
445.3294518079107,2,0.1129169486018472,5,3546,0
3729.803729884719,4,0.10196013976996308,10,1901,0
1520.7188240252126,2,0.12037740667183636,2,505,0
937.8074934451274,2,0.13035307133960278,0,3320,0
1568.8216018927733,3,0.12905755339689504,7,1297,0
1068.7330969156685,2,0.1262750668598962,20,1828,0
1891.4114995578072,5,0.23230880241716664,1,1041,0
1322.5480861789852,2,0.2798702626418594,16,1586,0
782.5626223134565,3,0.22028778328460386,18,2882,0
421.1724417330359,0,0.4479516796708885,23,748,1
1857.8636672996515,5,0.12137799421867344,4,3223,0
754.718416657452,5,0.2675115495284771,16,341,0
2387.3675864527777,4,0.18863450745186122,2,555,0
1775.2118772946371,1,0.1603388231479346,19,2336,0
774.5914963045603,5,0.12432542110708253,18,1082,0
3050.2785432197225,2,0.15294761203960258,18,3485,0
1345.9315598365852,3,0.3187904077405891,18,2905,0
1291.607502272596,4,0.15071013898366278,14,1202,0
3244.3718506854443,4,0.3014316260871029,10,304,1
5905.005808210076,3,0.05916003907276994,10,1304,0
537.3949348799838,7,0.13384714699200376,20,2532,0
794.1921722793167,1,0.1261777693363849,12,2269,0
318.1951439920458,0,0.11972300286723153,9,1841,0
2268.1755782934133,4,0.22616381567830987,19,1659,0
612.6850343178738,1,0.419323389346556,12,303,0
685.3738242740986,0,0.24914464755302865,3,1887,0
653.9712353487869,2,0.1737553190403015,19,3019,0
1167.6190052761176,0,0.2452746503621234,15,1747,0
313.9520964962618,4,0.3026613044326757,3,1136,0
116.36766840817539,4,0.1295132958881172,16,822,0
1733.1642055034508,3,0.09331779331449629,1,2728,0
132.4814047139965,1,0.2913357837873154,23,2004,0
2576.372765804425,6,0.38099744647316647,14,2444,0
5211.003619696998,2,0.19043905247456425,8,641,0
930.5503600065956,2,0.29573564935697005,8,3494,0
4021.8325933161614,2,0.33899014536775524,22,2183,0
1070.352786856315,2,0.13410667956489894,5,914,0
5427.539389276665,3,0.13748610778527698,1,2890,0
694.9098659590022,0,0.17302262180687022,19,1420,0
103.04009564309489,2,0.26127864288708597,12,3585,0
1012.4093416831873,3,0.16487376391165415,14,2036,0
6050.9054041761365,3,0.3543254156465242,4,1415,0
1872.3850143337233,2,0.1118520936959845,21,942,0
2060.2037461133714,6,0.28388660595898607,13,90,1
1523.706556204823,3,0.03599853670014911,10,3647,0
2896.1131922183954,2,0.2703735837969937,14,645,0
1006.6502977803727,1,0.10147370931341643,14,1206,0
15159.612305331055,2,0.16724502374413933,13,2410,0
653.6565388025986,6,0.16762939036884894,20,2519,0
2988.451747412393,6,0.20328837253239052,14,3228,0
2349.4516429451587,1,0.34858940005998645,10,8,0
544.6658978974993,2,0.154228817071711,19,1982,0
717.3470345586519,3,0.06069175698379361,17,1860,0
3035.4004764164456,2,0.22293383021441676,2,1523,0
4581.462331544204,6,0.46143460916137613,5,630,1
1537.7440622032707,4,0.34974531117900914,21,1539,0
213.5845229359181,3,0.0481153223075497,0,2963,0
2113.284508287112,3,0.3271185901066102,20,1983,0
1461.6143807805818,5,0.1445769846690305,14,1545,0
1028.7399443960292,2,0.015879687723989885,0,3228,0
1573.2390512439097,6,0.1553870870213113,7,1946,0
728.3504304409881,2,0.4253167018158227,12,489,0
768.0559924745925,11,0.6042937106502672,5,169,1
861.0171891180311,2,0.11060060523561754,8,2566,0
689.3828807552644,4,0.26373392692715975,23,490,0
9706.29148602025,1,0.2011031759257403,21,3219,0
2729.4918323158613,4,0.23008749837077377,5,319,0
416.3520082051464,2,0.24371114592860404,14,1694,0
8402.59614751403,3,0.28179297547873583,22,2252,0
1756.823920809082,8,0.6239811744543159,13,917,1
1129.4153263167245,5,0.15326700398394197,15,1398,0
2690.3247626849807,2,0.3791164829508821,5,665,0
152.9347647219018,2,0.08395307154781337,3,1159,0
865.2116447879695,6,0.43903664927593494,14,1338,0
618.1098231504728,4,0.12231965783883003,21,3439,0
1346.2524920100545,2,0.14850340952604243,14,2923,0
1587.7126638346285,4,0.22570477290849875,2,388,0
1015.0981990896071,2,0.3482580146574038,17,2808,0
969.0853629021587,1,0.16496886549991677,15,973,0
3181.5741615103543,5,0.3710216338295257,14,1788,0
1482.5011852031218,0,0.16449013670630339,8,1691,0
1143.0152548736994,4,0.1566548009188248,18,985,0
1271.3957496632902,3,0.043854119892209435,4,159,0
6876.664467048497,4,0.3657469455521176,22,2897,0
1303.3250085434745,6,0.301258199779647,10,1873,0
655.6004249368625,0,0.2482669850842285,4,2705,0
162.5524812860116,4,0.22307598514275914,4,2788,0
261.4028296114803,5,0.4810267010640327,6,1861,0
687.4396919687032,3,0.06689565959088171,21,2681,0
983.9973028533982,1,0.27637285367185793,1,3247,0
629.1555606735984,2,0.11500086031131579,14,1963,0
1557.9777996165212,2,0.07465511716817161,12,1338,0
621.0999105159146,3,0.1949482785279599,12,3530,0
439.44419264242583,3,0.4818479165857313,5,1999,0
2023.6211526791926,2,0.15676923128027717,16,157,0
4313.023722557959,5,0.41168785709596495,4,1087,0
362.4303805712239,2,0.1826664178962258,21,3254,0
1399.2838705663605,3,0.13065509253512425,7,3325,0
163.2030843975463,2,0.35536129986709825,16,1330,0
251.0022414754135,4,0.19050283381104957,6,918,0
608.6443895919376,4,0.10987887672920356,22,2026,0
3411.5104942053713,3,0.11570113930994809,11,1318,0
503.35413610388866,1,0.1672851543054121,6,535,0
484.879072712215,3,0.08693969763486055,20,1080,0
1136.9304042496938,1,0.1136916120374323,22,1181,0
1138.0637257597398,1,0.05306669577339455,1,2731,0
500.1302313688342,3,0.06780553893325135,16,1820,0
7992.20177605041,3,0.1804492461777513,20,285,0
841.0378180229955,7,0.48912729299704893,8,850,0
1228.5439693630722,6,0.06262800183855766,14,2109,0
733.7882228748242,5,0.24013004720174153,14,1153,0
1702.7017992858955,2,0.27038557866787755,9,102,0
3770.479873356285,6,0.11156107135334928,16,583,0
5788.703916868624,4,0.20102767770212324,16,1238,0
511.69785543145406,1,0.2725556252115636,9,292,0
3297.0888000534283,8,0.17714132852080539,23,1706,0
1900.1361482310745,1,0.15574388199995248,13,1839,0
2906.0109420691424,1,0.12065038632203284,20,1693,0
1000.3655151094396,5,0.161072833937193,2,3476,0
909.5584179329309,1,0.029207003218549993,13,3499,0
2795.355714682466,6,0.25794733374627316,6,2202,0
2848.912171123642,1,0.0849423278845779,14,2980,0
5248.620524715419,5,0.12298719609120723,0,259,0
1337.486727625792,4,0.0488820585809816,7,338,0
985.4371722115569,1,0.11452798730948577,4,2231,0
93.70451933132948,3,0.5648085873916147,15,1666,0
218.92724543687723,4,0.22415878143903323,22,711,0
1088.0413981001957,11,0.3187126158700461,1,392,1
364.65112287705864,5,0.03850940438124938,7,2227,0
2475.333876333233,5,0.11127584457715241,21,592,0
295.8874183079985,4,0.4829461807661765,13,490,0
664.2746355030785,1,0.2021238236914052,7,6,0
690.8850845742982,6,0.09437085866026465,14,1350,0
3658.26065805952,4,0.13469454852556084,16,1752,0
596.9069573909999,4,0.3562833646229608,17,2108,0
1724.016665685731,2,0.349970614708326,20,3627,0
1333.691749616438,4,0.41661302195142697,10,371,0
2706.1669023419154,4,0.20474007756360063,18,621,0
2566.2861427635016,3,0.08806632458451381,3,2524,0
1060.5679941494598,5,0.19327074947862705,8,794,0
201.08053257484835,1,0.06395573079106427,14,1073,0
869.7963583210098,1,0.32957354368983055,23,1356,0
1074.9660465602549,3,0.1486424362422723,15,1286,0
1459.733601244746,2,0.22431613810459602,20,1894,0
524.4996994316048,3,0.30730402332142853,9,2629,0
3432.0091215843336,2,0.17801819305611177,20,48,0
1111.6708339052495,5,0.15128431823309868,23,1149,0
436.8118932462482,1,0.1901152170655311,19,725,0
693.5145092144077,2,0.11542754640712517,8,64,0
7544.262759482159,2,0.1783666556652469,19,2045,0
2131.066617908095,2,0.26038764497775496,0,305,0
3128.9618636534906,3,0.2420410927847702,18,3648,0
386.9954865447029,1,0.23059587411840737,3,3252,0
550.6890475382672,3,0.12310296735370409,22,2043,0
554.7833593997608,5,0.6004532876614758,22,2391,0
1318.6895239920634,2,0.28589156850641645,11,2415,0
921.495753557689,2,0.5766372686257704,17,2168,0
1167.0090515036502,14,0.3637658897189105,6,134,1
761.9876951784942,1,0.25007031060647805,20,3046,0
495.69698035271557,5,0.27370970631728886,18,2021,0
2672.2723933401744,9,0.6354775949919574,23,809,1
3338.2953580111357,4,0.05684801666627392,23,567,0
241.4978688582683,1,0.1491600373832995,16,1787,0
1550.7274674281439,2,0.11931814589100792,23,56,0
4359.413002737301,1,0.4080518973067778,4,2875,0
913.070322734554,2,0.34845351153343307,13,2910,0
646.209639736947,5,0.1513618136256239,20,547,0
9782.540602395165,12,0.21064577767472545,10,557,1
409.8446244558157,6,0.15417360581322656,4,1364,0
2188.983344951667,4,0.6245182216995135,13,976,1
387.6705572172571,4,0.06646011331844964,16,1586,0
169.0000532439056,2,0.2400762009569475,4,1857,0
942.0098539639079,2,0.07581073200529626,0,1290,0
310.0101183338121,2,0.16886050111028386,23,3094,0
1083.9092780601788,3,0.3688099903029699,8,1357,0
3344.3566572073664,5,0.08238913510177594,16,1669,0
7004.131068996624,4,0.35478379439187574,12,1453,0
1204.150097676878,3,0.0395307824924245,20,1019,0
3038.7934737176497,6,0.1917384483342782,16,2336,0
1634.2882216547987,3,0.41502973767465556,5,512,0
747.6136890876724,4,0.16084557822139,20,10,0
160.0079731322968,3,0.05138118550475809,16,2248,0
5577.479925361093,6,0.06347018757282906,1,1244,0
384.09803163351523,2,0.1422000690729103,21,3593,0
4371.104103399206,5,0.2162888864401599,19,2485,0
1875.8321049432889,4,0.3581210054974071,11,780,0
413.222923941833,3,0.2294289905629046,17,2156,0
1498.1680816462137,2,0.3136164623006055,10,1062,0
9254.924445058821,4,0.15068651588375143,19,1616,0
5093.154085846742,4,0.33947866694555023,9,706,0
656.7391737624445,1,0.14125574608444708,12,590,0
538.0864536751749,4,0.2907225958267487,18,3343,0
1212.2192350984205,2,0.3138883054957325,14,1586,0
929.3507936427502,3,0.16709561630723782,14,1274,0
3639.9942670479927,3,0.21759739353944788,2,2529,0
2297.528218509325,7,0.16992454889094152,4,2562,0
201.89714780969365,1,0.150558749714273,19,2083,0
1734.8483035115582,2,0.36187277439299237,12,2701,0
916.8180548780115,0,0.31789911403857046,3,859,0
1138.0916369762745,2,0.1388494708828239,4,2022,0
1406.6172877642266,2,0.2050623105008459,14,1643,0
3636.3256183038297,1,0.12767621459150708,5,122,0
2915.4893668521386,6,0.3560641439578543,6,1496,0
518.1461054347122,4,0.05812603512741823,18,841,0
1034.2047287333287,6,0.2983871572419329,2,306,0
700.2788459941721,0,0.20718756360086085,16,2791,0
204.00694371700578,2,0.055198378068976144,5,424,0
983.0200261274515,6,0.3649143570047932,1,848,0
6937.900093723308,3,0.33592805934207576,0,712,0
197.93854549901528,1,0.25618204337032313,10,1886,0
1070.5611254861285,1,0.13529781645938507,5,3350,0
1036.7663346058093,3,0.10008104353538567,10,2644,0
1462.2556259316948,5,0.10714309783935141,10,2600,0
418.75040177691227,3,0.20527595797731077,1,2945,0
263.7203889754055,6,0.4848534505195141,14,822,0
276.2765462410536,1,0.100129777482896,7,612,0
4150.291112402888,2,0.14200733462589182,3,3409,0
410.47458950059786,2,0.22455926363669587,3,16,0
665.4329013583282,1,0.08862423054818239,6,2636,0
8996.875223234354,1,0.41593597817010547,21,3206,0
526.2331382870748,4,0.1776709720704753,16,2505,0
1544.4136426116256,1,0.0609844880963953,19,577,0
3177.378220076641,6,0.13626940176640345,4,3560,0
3028.189475221423,3,0.09095587064284516,14,1656,0
289.5776965748905,1,0.3113337914424009,7,1619,0
537.3488721096269,3,0.1158852786251513,16,2625,0
1483.803460962431,1,0.09672695130522019,13,1912,0
7547.845651732485,1,0.23342145689135016,15,161,0
512.0843417015167,3,0.25517257978139135,11,2481,0
669.4034990377148,2,0.11145189517878895,19,1484,0
1668.323353926702,5,0.24090435744776836,9,3399,0
2037.8655240837522,4,0.09272591349897165,16,863,0
2165.1696644178996,4,0.2124674463561417,16,3189,0
470.4285722961117,3,0.163414970531187,19,2600,0
838.0894351771357,8,0.6621547481551471,6,83,1
1360.3553070625696,2,0.23845720076940824,16,1541,0
3875.0401872166176,5,0.0267561571538491,9,3184,0
863.9508821991841,1,0.06596328064654894,21,2746,0
1072.4468579914017,5,0.12456402144827418,13,1262,0
787.9014760142124,6,0.5083530533546887,0,649,1
7067.2508207711535,3,0.25089355834675103,10,1934,0
1279.5489949658586,2,0.13581771154087421,20,2358,0
3221.991029383954,2,0.3082224078807979,8,2787,0
1129.9144581261285,2,0.0435892678939938,5,3543,0
1194.2421334693213,4,0.4844892333989866,22,99,0
244.616360837033,5,0.22505720174726487,9,2380,0
127.64310537823795,3,0.30946680288446815,6,2801,0
3834.925210691973,5,0.08121212997472499,8,790,0
1185.6639763707983,4,0.23266181486973653,8,2145,0
1348.0685226229045,5,0.13821775337913597,0,2514,0
314.4881032118045,2,0.02826037915056342,2,2542,0
444.49367358872047,3,0.15478947120153838,2,233,0
3172.585029045536,4,0.09648870809779432,23,3189,0
11014.755605086215,3,0.4051415036878873,18,930,1
589.1766101899547,4,0.11587334747760766,19,1642,0
2146.2626117269324,4,0.1530078965372427,4,682,0
1326.1362693283972,3,0.0964923754918779,4,961,0
972.1120347650888,2,0.19981047333500032,11,2348,0
6988.065330588904,8,0.17598280318187803,4,3517,0
697.0090214804403,2,0.07454323926233482,19,1957,0
3792.2418373639825,0,0.1380798486657331,9,3365,0
1605.8738095496863,3,0.2889439679113693,0,3623,0
1078.267297540863,2,0.20748715036673318,10,1349,0
4324.350233423949,1,0.15202176227965358,3,969,0
1465.7678274081486,3,0.08122650093524518,9,147,0
995.8259268664556,6,0.1076529942633839,5,2082,0
4356.578031323848,2,0.11241199282384456,10,1362,0
3824.803046301416,3,0.10334906623102834,19,3539,0
3648.1056839436405,4,0.27235128275172255,7,410,0
22.47032743933996,3,0.16659143047281638,5,740,0
1703.050997227509,4,0.0755169477392015,4,43,0
3337.0883736280307,6,0.3303751148220511,2,696,1
1355.8968820615553,5,0.6085417098274261,6,415,1
3605.3264597148213,11,0.6574438586582463,5,304,1
1423.0487733279167,1,0.09112838474688917,7,980,0
2159.878863358683,5,0.023538056268102805,9,3555,0
838.8552730516628,2,0.15384227767968736,13,1733,0
4905.835187455054,3,0.14626353854983123,5,3087,0
2389.750370002522,3,0.139196105931858,1,1921,0
1886.5906505978246,6,0.3804823199010244,9,2730,0
1796.6969559765507,1,0.14132239699715687,4,2179,0
3488.689026403709,2,0.2504805907150234,16,2788,0
3046.3145263389342,4,0.11632051336885064,13,643,0
979.6819189246739,2,0.17310581707244552,1,371,0
2952.2131276371524,2,0.04926056282099199,7,2309,0
1305.122571728148,5,0.03946720547977692,14,406,0
7457.136642995788,5,0.13948708269990612,13,2868,0
3286.99091928963,2,0.038695727165754895,3,3417,0
586.6278787658437,1,0.26718655567601496,20,1998,0
11279.14460684691,5,0.251623907698736,10,2708,0
134.01612975464258,3,0.22634846450532578,20,3465,0
2074.2496248193333,3,0.3973194382886564,3,1697,0
546.6193483758399,4,0.19038370796316778,2,1839,0
7202.477144446272,1,0.05020883144528955,13,23,0
1412.061631250852,3,0.30139167870567357,5,3631,0
495.8158238640953,5,0.2442177254913804,3,84,0
840.0868570824256,3,0.29825066199507294,17,1956,0
537.0378312778481,2,0.18571197086311103,20,1908,0
807.7261044633277,2,0.45747367705991787,12,2962,0
789.4625394412343,1,0.16053850602575823,15,2408,0
517.4144157652481,5,0.21510033860268668,1,3386,0
1436.6421245193492,2,0.05360106803296184,22,441,0
1621.6901120085768,3,0.1604807026271608,21,616,0
404.92165693339086,4,0.15383131911329903,22,227,0
208.87400785455424,0,0.09721172769462,15,2841,0
1496.607938740715,7,0.1520065336451186,17,3427,0
1866.687131165728,2,0.033940970828460953,0,3004,0
2276.095518247648,8,0.2943332378506592,7,30,0
1902.9762398573835,6,0.072287038616075,6,678,0
5285.46973810581,6,0.35577438837913034,9,283,0
2972.2302827313824,1,0.20415368773620243,23,1666,0
15991.749251169402,6,0.09870126130262229,7,1326,0
24358.769242314233,3,0.33801708605618724,10,2785,0
189.02842722651218,0,0.19831604451786675,20,2203,0
121.85860153581665,2,0.1459746518482766,5,384,0
1088.5574976980902,1,0.10632833941233041,6,1828,0
1815.7110442171274,2,0.14225386401628196,4,1004,0
1016.4942648478328,2,0.0516441860772659,11,436,0
2216.2690347201715,3,0.30756763360866085,3,601,0
836.9446377228828,3,0.12455863528205861,22,687,0
547.8761384015551,6,0.2876534520488401,16,1004,0
637.216288386625,3,0.487063470759965,3,1684,0
897.6961346675616,2,0.3599539588293506,17,1857,0
2549.1425942429046,2,0.22170944105845808,7,1154,0
674.019675979529,4,0.34452902370606103,16,623,0
821.4173280764435,1,0.1283572824752974,21,3358,0
1939.5608181737596,1,0.2650564461728582,21,824,0
898.9285934529087,4,0.06538672304183893,19,670,0
3349.9830015611574,3,0.39956154237995567,20,740,0
437.2450389311523,4,0.2038948328561011,0,1653,0
352.0017839181388,4,0.19343946626698058,1,3306,0
1487.1681707078524,3,0.06490024982592031,2,1970,0
1643.0153526375582,1,0.14638441668811852,4,1405,0
461.75779756293235,3,0.2680486324762818,15,1793,0
4203.174706883598,2,0.0906401181454517,3,1636,0
7517.108310172057,3,0.0579676763376149,8,2262,0
585.3124382617538,2,0.10593084811901816,8,425,0
4852.749219580761,2,0.5726381335382684,5,243,0
101.2778599360438,1,0.0697549638438585,8,2102,0
3216.703211595078,6,0.14695915813084184,11,1866,0
1022.7485121772097,7,0.5027610379489292,20,908,1
2910.478215746771,3,0.033078158651445005,2,1757,0
419.3575989478741,3,0.21351098059418572,12,2032,0
3167.4268859689355,4,0.7372515418539546,11,24,1
487.78971615092297,4,0.2060567460127814,16,1982,0
885.4706417297896,4,0.2900150033198048,4,1712,0
6835.767475329484,1,0.15664343907132194,3,1912,0
984.4294191250053,6,0.15944078560927097,11,626,0
9048.02358029387,2,0.26737628072906333,3,1598,0
745.5986396807199,0,0.14965032280188587,5,445,0
4874.460466685635,3,0.46123975239843074,1,553,0
215.79036273030906,3,0.26514654049518266,15,1615,0
823.440211956369,3,0.09487744672170932,4,1281,0
641.5518549377628,4,0.22841698226487203,10,3583,0
5103.621173602148,5,0.09428788901373042,5,1363,0
1319.8175496117756,2,0.2673340106730857,20,2892,0
135.89966150007734,2,0.14922862456081296,13,2673,0
295.8552591218257,4,0.37063863527123003,12,3090,0
398.3526828143134,0,0.15792662490356543,15,3605,0
2790.70712943429,3,0.12184923310459625,5,3578,0
2452.85390219365,4,0.09767413841051997,17,2608,0
812.0813883028677,3,0.23764249336362742,8,2806,0
633.6458526820339,1,0.23566180171828793,18,1642,0
2244.8371102221104,2,0.1549237478507854,12,1417,0
354.417964579171,3,0.2995801055336967,4,1055,0
1733.1034427979441,4,0.23133091696849076,8,1515,0
1591.6364772120646,4,0.3741115740671667,1,635,0
833.3139041807098,4,0.1739556789574379,6,2842,0
1632.1900240413433,1,0.038175062024979015,9,529,0
1214.5080213526082,2,0.3608264629681905,12,3318,0
1803.3827662342158,5,0.25240778880617626,22,553,0
288.8471604141343,5,0.12880702451148474,7,1781,0
2027.384830199261,5,0.19031016260153802,11,2072,0
3061.31955617358,0,0.05594471999609918,1,675,0
1511.6414926125642,1,0.16017075351114163,19,1866,0
2000.626881123297,6,0.0901177099747851,7,3238,0
982.480683106899,0,0.21402935064715323,21,3048,0
2674.00483620386,8,0.1077202464438572,8,3487,0
1170.5712166141495,1,0.03599083507733705,13,1554,0
347.94997434026493,5,0.25680841449346625,22,337,0
2490.443671429303,3,0.2241327200171418,5,1218,0
213.9738374180449,3,0.16535395340216066,15,111,0
1455.027011864193,4,0.15438000224774745,18,45,0
746.7848687048696,4,0.021646520026386028,15,104,0
700.5559613402103,5,0.16709361279989526,14,853,0
1302.4322408915903,4,0.25197978341946214,4,69,0
539.5372399942398,5,0.32199128416991946,23,3291,0
1830.2466425944563,2,0.1189547816813396,14,94,0
1160.7209882543432,5,0.10163386174461893,14,588,0
591.5262425798007,7,0.11355990388405439,9,3049,0
4180.47255283427,2,0.05272650573198317,21,543,0
1345.852082855823,2,0.09444859899780017,7,3280,0
2060.6998424317458,1,0.19853182611096326,10,1779,0
4521.453217700759,5,0.10996471458677176,13,400,0
4447.860779173697,4,0.10037128900712193,23,1678,0
1958.2087941710479,4,0.04122409864340263,15,2146,0
810.2491548841992,3,0.12746840888584654,10,761,0
262.51184700549464,3,0.3495681329984939,21,3063,0
1348.4225415528074,4,0.39156345823439104,5,854,0
3276.674502314137,3,0.1063011455574834,0,1656,0
1562.925742026987,1,0.08363072507875455,12,3185,0
35.00237618665137,4,0.0847344616801258,2,2593,0
2617.7282875786195,2,0.21982373749912637,0,3503,0
3780.9903428317175,4,0.7393316971470049,13,211,1
811.4135143863313,3,0.12756842700148022,17,929,0
2946.465735278705,1,0.17697590614071276,17,824,0
2054.8649651733385,3,0.16019397998567847,17,569,0
777.0766563183148,10,0.7790993764883712,13,371,1
3910.0330914016813,2,0.1971707042924926,20,128,0
308.747279600822,4,0.06655579097407995,9,2722,0
1035.619760558787,2,0.04239941960667966,17,3544,0
937.2946437914667,4,0.15303618534587524,1,1044,0
480.372501540676,8,0.3829608285592595,0,1438,0
1485.9266563737415,4,0.2052685200191253,5,1313,0
4065.812583613936,3,0.13977961817289075,21,2817,0
3818.99230333215,5,0.30349802931930375,12,3233,0
2261.230051413783,2,0.052115372035939085,12,1839,0
201.15534959984922,4,0.1162561489827285,1,2622,0
288.31328934443883,3,0.026717746173084433,14,1619,0
1294.874579658396,3,0.3029652178594238,22,3485,0
1059.7252537314946,4,0.06347279824852547,9,3625,0
666.4200467124459,3,0.16964176984985663,7,1045,0
7371.107147592081,2,0.23773662110484048,10,983,0
1219.090238217793,2,0.28366309758214103,9,385,0
1886.375875753766,2,0.22543430904029707,9,2911,0
2945.0877177271495,1,0.20574809572860844,23,2328,0
1158.589330513239,5,0.20828806001051792,19,2805,0
14633.404415174573,4,0.35725295315096256,15,734,0
428.21598132543244,2,0.14644136696039747,0,1648,0
598.2019524741665,3,0.04476724915259582,11,2981,0
427.1666771670546,1,0.09467083167343125,4,2792,0
5232.57237700122,3,0.30308860415847605,2,3070,0
2445.6980794335873,3,0.1703850902914767,17,2869,0
636.4132314139779,2,0.1412797137302417,10,1046,0
462.2582072189822,1,0.15677214606341555,9,661,0
4380.3788742622,2,0.04659598099255142,13,2957,0
1574.491615491429,5,0.06759813855244898,10,208,0
4493.63831887955,2,0.07287852353717349,5,56,0
1032.6159814393611,3,0.16854522884061765,14,1428,0
1829.0195229283538,5,0.1427631461526351,2,1608,0
1480.6369639883533,1,0.12167513924334782,1,1213,0
587.5072965647852,2,0.0491324020079542,5,2103,0
949.4243382509952,1,0.04679767046359131,16,1731,0
335.5250625478335,5,0.08662093705251869,13,3466,0
1797.4186364438544,4,0.0509052987300746,18,690,0
2347.83462538067,5,0.16503647363001409,17,643,0
2951.7727472121014,8,0.26168611209601544,9,1009,0
2135.68964699097,4,0.10691408285223973,22,3343,0
964.6736556765705,1,0.16509202290246483,16,2635,0
5176.946305340862,3,0.14802147018329867,1,1939,0
2676.61572873085,1,0.1873190864301366,10,1578,0
4396.4219752948375,3,0.23429780221517527,0,751,0
4681.0920442050165,3,0.2110944133876642,10,3069,0
1367.202743317215,11,0.5803952515277983,4,953,1
1616.2750953969132,5,0.1568846996327711,0,2968,0
4789.737322841122,12,0.6786740970204793,7,949,1
347.5325092631587,5,0.055389889350844594,23,57,0
355.32285526339587,0,0.1306563907683331,13,751,0
299.0731983620612,2,0.18719767255914893,11,1903,0
984.2696671416678,2,0.11659151091210529,12,2166,0
979.6252949262027,10,0.5087811347834813,20,558,1
260.95014446596286,3,0.18141856746478122,20,3164,0
1273.288531590437,2,0.262905980678302,9,3242,0
996.6314905023277,4,0.196617062382969,16,1019,0
3576.85846383615,1,0.36002539531382705,6,540,0
8208.939966030955,4,0.101810119037151,1,2336,0
1730.992704262394,3,0.14704278274733895,18,64,0
546.4099283842945,3,0.16990395455760335,22,2205,0
2093.775924499164,1,0.2732042748836796,18,743,0
1106.8826538273108,2,0.21623757617377778,0,1243,0
862.5341533586376,6,0.15863678346489887,21,1889,0
463.311159362395,4,0.1407026603404645,16,368,0
689.3712572348848,4,0.059050893367434146,18,1446,0
918.0106471227595,3,0.09597253088352158,4,667,0
2450.6201456079466,3,0.10502474349469526,16,1133,0
1828.0874323946714,0,0.20167398986164337,13,2119,0
6806.110856129992,4,0.20779355978334796,0,2636,0
2152.398485208583,1,0.27410895270036784,10,3632,0
1676.2172966253222,7,0.15320987042204556,4,1892,0
807.3599750321767,7,0.20189922633605692,18,1960,0
388.5947466336962,4,0.2943970160338785,13,269,0
620.2400361203923,1,0.24906792855713888,1,1689,0
544.659776941745,7,0.3769461503666504,13,2687,0
84.69810108202925,0,0.21159672781665417,12,1323,0
399.96146998296035,2,0.3222580491845738,15,1311,0
5443.67553417466,1,0.10691190361138624,9,302,0
1585.4129885313885,1,0.33706443096734595,15,2826,0
752.5565510188063,3,0.1804345396332927,5,3109,0
1633.4993320601834,5,0.13507632126924668,2,3150,0
155.49218517866058,3,0.24386066239310392,17,339,0
1454.0349812892614,1,0.34261402239225175,22,1279,0
3934.3157720292397,2,0.2846470777956512,13,533,0
971.5415656356389,3,0.46847648037877043,10,2691,0
186.42154377248812,7,0.05775212605978699,20,2010,0
724.918667079696,4,0.32341392928363855,17,1292,0
3941.2846205801766,2,0.5079784757453105,16,508,0
1420.308892541174,3,0.2793063969726624,17,1045,0
265.5199303792616,0,0.04587514548112614,23,1444,0
11703.335658663038,1,0.05086280315642478,5,2302,0
312.99633579765344,7,0.48934118321066156,16,2329,0
860.1230138568126,6,0.33778372219354164,9,1278,0
1553.6747213632573,8,0.44526309029220223,23,288,1
389.1628856239931,3,0.2840868118244967,1,797,0
697.7416353173682,3,0.28664313499761973,5,2878,0
2071.7525277787827,2,0.1957446323028504,0,2125,0
3985.9519468548433,4,0.048132976319613927,4,2996,0
745.333543786175,2,0.09051825050427484,3,526,0
399.3572764036668,3,0.14445377052593747,14,69,0
1769.8309573053918,3,0.340736428163088,2,22,0
1822.4983871727306,5,0.07995467288823889,23,982,0
1394.6187167266128,2,0.11646325053181998,17,752,0
1444.8196931107589,5,0.30569801380477724,4,2105,0
979.883369292582,2,0.1245548662554131,11,1706,0
2472.3699512579856,9,0.580204116573233,22,403,1
914.4738489162836,2,0.23028291223745476,9,1570,0
3197.881144199757,3,0.04383914682718757,2,1570,0
10182.842760767888,4,0.2322049208186205,3,2477,0
1312.4529572224321,2,0.7224443965601833,23,1805,0
1089.449445806025,7,0.06174782566144394,9,3522,0
1416.3825011267604,1,0.10811364381530375,8,1080,0
567.9754517383642,2,0.33711409515458823,19,796,0
2356.6075171549523,3,0.22977708143316877,4,2500,0
1704.754530686625,1,0.3699926421838429,22,72,0
720.200605503028,0,0.0764612338301995,23,1008,0
2702.8628877642714,2,0.4386244825818066,9,966,0
1117.6569547971928,1,0.24633354198366786,9,90,0
415.69148458372393,4,0.28087155195931707,17,1416,0
1558.6953643207962,2,0.10708982215515386,12,3418,0
1389.9075364871753,2,0.13441689144693456,20,2071,0
2865.2708038930923,2,0.28504599129336383,8,2552,0
2518.822854335389,3,0.07453864684275441,9,3102,0
983.1617651960657,1,0.13635072020459946,16,2755,0
683.9693205273747,2,0.13170607983366306,6,1378,0
1098.5470807779905,6,0.09043498014887105,22,643,0
1577.046195273348,8,0.24691812776671052,8,1471,0
1778.9069431204205,7,0.12867302678027187,15,2165,0
1482.3918959859004,4,0.21808103685993419,10,738,0
1001.4838774042676,3,0.2387669581459835,18,1663,0
2971.484742030029,5,0.15045510655766745,17,2898,0
558.7477426427953,6,0.0036283289670172255,20,2519,0
13087.376938502382,4,0.47029791548395966,6,3553,0
4762.893669940909,4,0.526356697782444,4,953,1
355.1408945630244,1,0.20338499839171786,3,1318,0
3654.767917817179,4,0.5720923252551487,18,247,1
2374.8356593991734,1,0.049968655126866934,13,1458,0
773.2720247277725,6,0.08431138967057053,10,3478,0
245.88303427245904,4,0.3318182952134207,0,261,0
387.9731198169552,5,0.19988981771208333,2,2534,0
1885.7727151492813,2,0.03928829597510168,11,1680,0
189.68855204352096,3,0.581321466756562,0,1631,0
257.406211907084,4,0.1798508382834857,16,1324,0
1875.8829738321485,4,0.15937252525748397,20,1218,0
877.8280952277789,4,0.03096851074120922,6,2882,0
1414.83832301379,13,0.4541167653154652,16,706,1
668.6547463343641,4,0.19283234369776037,0,909,0
251.93879654382437,1,0.052373903991665256,18,1483,0
1780.1509275587603,4,0.2959300800735178,21,3205,0
489.53523695258446,4,0.19097966528963295,15,252,0
641.7814437382337,0,0.16639895211827527,8,3425,0
1551.2016018610577,3,0.2210550597873997,0,2687,0
848.4171733638095,2,0.07590524803823998,8,996,0
542.0437351623493,3,0.3028054759028847,5,717,0
149.98894258454715,7,0.23820216548628056,16,2842,0
1583.5522245155967,4,0.07314096121490075,19,2962,0
1186.7727978964995,0,0.07098338544766591,4,623,0
653.6764748702625,5,0.21047944845213873,10,262,0
388.6195694521327,1,0.06435247882325831,16,1900,0
1110.7186071358942,2,0.08335066708829493,15,2524,0
1773.0770464166092,1,0.47432916805968833,14,3595,0
1209.2539537959135,3,0.1504809360149671,7,472,0
5642.404144898316,0,0.1682652533016363,5,1991,0
7079.784708664203,11,0.6241150626662966,17,630,1
985.0741429068637,6,0.16772108385265636,8,1454,0
2294.5195544127396,1,0.09441684263745005,13,1954,0
1151.317569791167,4,0.2784896670677785,21,1006,0
1147.3299675433232,0,0.4052106202769359,0,86,0
4009.2673477499757,2,0.03620775832648736,16,642,0
446.724521600111,2,0.33093829284000376,15,3141,0
1122.495541931124,3,0.29517235851170953,19,3464,0
3603.6770381241445,5,0.12308075552584005,17,1032,0
1493.668656316918,3,0.2977864774981322,10,1550,0
758.1998571164554,6,0.18634205943236268,12,2989,0
199.10657509850176,3,0.12706453690735953,15,2552,0
113.25626215556287,2,0.17863766593560723,0,1857,0
8744.50856499274,3,0.2569458885500928,7,1119,0
3692.475535937196,11,0.2701149938323034,16,38,1
611.5072804317906,4,0.06175609801167433,10,3476,0
1555.351570060428,5,0.3765146483864184,22,2560,0
425.10060633412536,2,0.22246581435913584,23,1102,0
787.4490912699513,4,0.24239417527226487,2,3082,0
427.9727849552942,3,0.161096578992525,15,2316,0
266.86059753255796,0,0.4154331163272133,5,1489,0
133.6220181669243,4,0.34650790371334245,5,847,0
221.92569258834524,0,0.3069370491014722,11,499,0
3045.0961741698584,3,0.6291708294082382,16,3374,0
408.7558519433537,6,0.17369800565459428,16,40,0
1872.2423550073865,1,0.1086201429965745,23,1320,0
2854.486910551561,4,0.18301869259705633,12,519,0
1114.9665519659625,2,0.20745905007422824,16,727,0
813.5706645085887,2,0.28291779753802626,1,3268,0
1252.657934636314,5,0.1123483705013663,14,691,0
722.9786076987651,1,0.21281569057722535,18,1973,0
3655.21159360941,2,0.15655212564347537,14,2441,0
7161.923535931931,5,0.2707132603717645,9,2295,0
4674.193111571237,1,0.06592143171513894,17,2786,0
127.54085762511873,2,0.04437253674329407,22,1751,0
708.374735528316,4,0.22748423888797553,23,1069,0
1101.2037061088258,2,0.14153609638450548,21,1996,0
1742.4683177833808,4,0.0453086254299228,0,3546,0
194.93876084616824,2,0.028586667125976604,3,953,0
191.8197904043909,1,0.21975700975079876,3,3228,0
4051.2864418448876,1,0.1259077906630571,22,1977,0
626.9587076145846,0,0.07490165185176553,16,1238,0
247.79298546404075,2,0.26571712804788344,5,578,0
363.7108530732542,1,0.10751428102013323,1,453,0
1620.4750780855995,1,0.3699062723594351,15,463,0
481.7630104327773,2,0.3413706692259996,19,627,0
1396.362111927417,5,0.280796583687577,22,3116,0
412.1027194192579,2,0.291582286946,6,3109,0
191.67473992998188,4,0.2758240513216596,21,2913,0
4556.8194185881275,7,0.2636676516159338,18,927,0
1633.0258315184321,5,0.11381329443168116,10,2787,0
785.4439809751384,6,0.40075843938382194,20,1124,0
651.0837474938542,3,0.24161352758676286,9,1837,0
4745.254614189061,2,0.13430237494504493,4,1331,0
1981.3427403285586,2,0.08186660900212148,2,150,0
3452.3589556624634,3,0.2265220944257567,21,1996,0
611.7399797320859,0,0.34390358374847957,4,1101,0
1153.6274256073655,1,0.24137701594243263,2,2707,0
1639.5857804115278,2,0.26294322321051306,13,2594,0
632.6585687018204,4,0.10256734232269846,6,876,0
996.7180095578805,3,0.3489823722875414,17,2988,0
611.7903510111779,4,0.07993308287166458,6,1686,0
1634.4460155434049,1,0.3083037140184541,23,2240,0
292.5412949868984,3,0.3321925454706389,8,1598,0
1942.964190586654,4,0.16385938514218137,8,1890,0
1496.2439325251291,3,0.20503728366629556,17,419,0
894.8816469560282,5,0.11880826834586102,4,908,0
1719.0329024376933,5,0.32673988789254915,4,2081,0
1201.6711645944472,5,0.5348456345688953,6,356,1
561.083232290893,1,0.2148433967011662,10,531,0
1888.8550952435512,4,0.15590591981217275,6,1146,0
1972.4150905043275,5,0.23907924315550622,20,384,0
660.323430494589,6,0.34097362649579216,20,1930,0
606.0410407323602,7,0.30427963309464673,0,3523,0
913.2653889073673,7,0.09432183489333967,11,3622,0
1726.49452680395,4,0.4574896024705348,13,774,1
5039.787058535492,2,0.1525320713091297,14,1789,0
1504.8909471530972,3,0.43452987144369276,14,3265,0
1112.7617124800706,2,0.17951571230320568,2,2178,0
431.50324307448824,3,0.02525529044846375,6,2098,0
2296.150828269004,6,0.30682756489448465,12,3577,0
594.9010564610778,2,0.28407745466953555,19,2860,0
570.9220519800261,2,0.1291358118990333,9,423,0
2374.6721458248408,2,0.12309314848639183,22,3561,0
1615.37550746455,4,0.006300126301230206,18,2924,0
89.7073217742365,1,0.16031604707226518,8,3048,0
936.5746554657411,5,0.09769159432967847,18,2619,0
1243.2940403660493,3,0.05427079701527793,20,1902,0
780.8662217689281,4,0.23542046646750656,1,112,0
1287.3790233670743,0,0.29802161516591635,5,2954,0
179.52455533411012,2,0.09401287176698744,20,41,0
64.64943725273629,5,0.2260370287198556,5,3033,0
413.4480044724952,2,0.07820725213442603,1,2576,0
1454.2522380579762,7,0.3595775700019095,13,1947,0
43.599416684913734,2,0.177977912273298,22,1004,0
471.7522401157759,2,0.29591896518746336,12,1217,0
160.33077593492433,0,0.20600808475356447,0,1623,0
860.3814414367507,4,0.07287534219328694,21,888,0
7769.019601253905,2,0.18478632323066996,8,1418,0
882.5575554631176,1,0.09748885004192669,10,2802,0
984.8576910756947,5,0.15731370393876007,9,350,0
2538.2520169117647,3,0.251064719610364,13,3427,0
1120.2493324928748,4,0.05364509878030078,16,90,0
884.4873660787013,3,0.14010597598571428,8,963,0
2770.1200127489815,4,0.18640453396935053,4,2750,0
1757.9210188190648,3,0.12226120790512895,5,3398,0
1463.558036879139,3,0.33145148714470285,23,1720,0
954.5307394675647,3,0.319579981953843,16,2355,0
775.8314517767201,3,0.038288537985807336,2,3241,0
2743.9969716845444,2,0.3089393918576386,1,1623,0
783.3169317981179,3,0.07574409877394268,4,3487,0
3756.5372930146605,1,0.22537895955887008,20,183,0
384.8499945083412,1,0.37257120071222155,5,2716,0
4599.872913087104,3,0.3512235077813595,21,280,0
1758.1898827684581,3,0.0651983872879598,11,1301,0
416.3245302622908,2,0.068606861925458,12,2570,0
1824.3492636211104,1,0.3463631619691894,1,618,0
572.3193281951604,0,0.0780301180659227,1,995,0
1133.9110639354592,2,0.18451089416003033,3,602,0
674.0962216769581,4,0.18790227276652374,8,3136,0
960.148380814774,2,0.20816453358741355,23,737,0
2811.3801372823295,3,0.1988066434566045,1,1621,0
1841.8239782913636,2,0.2582724483812971,20,3281,0
355.8945959539168,4,0.21571172569642416,5,1488,0
376.87122782428276,1,0.37586766690940676,0,2803,0
1437.665088520131,2,0.12448555813028273,15,1748,0
1545.6303921078418,4,0.12735701613940437,23,1032,0
558.6677997773279,3,0.09969552422737071,0,1856,0
5384.692489694012,3,0.21068624201519864,17,2194,0
2473.760984347176,7,0.06893378803072905,6,3550,0
586.6472103366232,1,0.12994098796321346,17,2226,0
532.5861583341716,2,0.4174223084078721,14,137,0
873.2193517331256,1,0.02937986521699836,17,440,0
786.9349496686908,1,0.3158320289719576,19,3060,0
3851.2671143032658,1,0.18201229102451683,2,2342,0
2935.176811876029,3,0.11505610806927813,16,2838,0
1135.773861065524,4,0.1634739564531503,14,1805,0
2160.0908519663826,2,0.08545945971242588,14,1665,0
2497.3244714335588,2,0.3371793001536774,19,2743,0
1162.4216394519792,6,0.14184341279018808,4,2894,0
1640.274162937089,4,0.263706812998419,18,3046,0
1986.6151782998686,5,0.26437511959921434,18,1379,0
1785.7713391503446,5,0.014696260642091613,19,2102,0
503.3049110954562,3,0.08917187517078701,6,674,0
556.8468475779604,5,0.390408368898043,15,1299,0
821.7246294928352,2,0.031249274786712355,18,33,0
540.9547970682439,1,0.09180928995601208,6,272,0
251.3633312602188,7,0.24813056643125023,8,2014,0
2155.875017974556,5,0.17957562145981595,3,2851,0
1550.616894009503,3,0.15523570206678663,10,2295,0
287.3305869316696,2,0.21515967326335758,9,2006,0
861.8517639261224,3,0.015187552668582984,21,591,0
912.0676662279517,2,0.03477278069303235,2,755,0
1315.4635980265875,5,0.09541090324934905,4,330,0
371.696459220928,4,0.03768425875674572,20,1437,0
283.15820338370213,5,0.2533204773633006,14,3597,0
1844.0591784452017,6,0.2392150270694025,0,1373,0
236.521233875728,4,0.25514658818401315,19,460,0
868.9942486989038,5,0.04488018079417309,9,3523,0
791.4944080094928,3,0.4675642563327755,5,495,0
969.437185309243,2,0.3597437678814448,0,55,0
1411.9367482287778,2,0.26239200157717846,9,986,0
5423.901220048415,2,0.14312108803585616,5,1556,0
824.3512403418323,10,0.7124658603454834,7,603,1
2634.850130092658,4,0.16830290274399587,18,1812,0
88.92933751461521,3,0.27944374185833515,18,27,0
4419.1875626313895,2,0.03673776258914482,12,807,0
142.18523217261557,6,0.15214886444691691,14,301,0
12536.436937345105,5,0.37301680081855065,5,1387,0
742.6554213999184,3,0.20285182484196393,11,2955,0
3985.3605374602316,2,0.1741400699829061,18,3538,0
3242.681932765534,3,0.15046277108625958,20,3376,0
708.7557080499954,3,0.16635609617626776,7,1782,0
765.2868889900486,0,0.3234999958883451,7,3561,0
474.7750138954374,5,0.15297453229428587,0,2227,0
2920.8395630728746,7,0.6736531629019977,4,428,1
718.044751989123,3,0.09283573507084789,13,2029,0
483.48315373002436,6,0.15201588303664942,18,2297,0
1876.7109180322632,2,0.28048405254398057,11,1045,0
447.11845459177187,4,0.09875130091327983,7,176,0
1106.281750189473,5,0.7969593002415278,3,947,1
1220.609819475749,2,0.2495249266198879,9,2387,0
576.8432182252158,2,0.11286526974814122,14,1165,0
670.7867780793903,3,0.16705530898709808,13,2546,0
5089.745972557091,0,0.030122183101325428,7,1630,0
894.0527694972899,2,0.14565389816859353,23,2056,0
765.3804574633399,0,0.08113070284407581,3,3339,0
920.461212105365,7,0.2896214571203997,8,1095,0
1727.542208276519,1,0.4946275122772141,4,1412,0
389.995935520133,3,0.13153160514680878,15,2822,0
1681.1198041796583,1,0.06090368949737198,0,299,0
5521.8694504682835,2,0.21464634707929356,21,80,1
183.34041497080523,1,0.25522370417841467,14,228,0
6596.243527029722,2,0.480659868871676,6,837,0
4725.9012418871625,2,0.11666773455377913,18,418,0
492.4717345828183,5,0.2638776819920013,18,2327,0
356.9420566495332,4,0.07601713166225428,10,1925,0
1377.5357548515083,3,0.10393783701255485,17,932,0
263.5219621085465,3,0.04497807500387353,14,1371,0
4291.033764770591,3,0.23601028117257358,18,1150,0
686.4588380347407,2,0.28570884301787147,17,1359,0
5551.408333358982,1,0.10069879013603049,19,1074,0
480.86983953747483,2,0.2859103034743146,14,1846,0
980.240465410307,3,0.17594174003592358,10,1485,0
12042.174813478578,11,0.5248967748163847,6,959,1
793.7436263355405,3,0.10514119748766915,3,1169,0
1439.5584925696533,2,0.12063697754261371,3,2031,0
3270.371139071966,1,0.29416717239809625,12,1070,0
628.8876030041266,3,0.07389672647839124,20,952,0
310.523911929154,7,0.16569286417148837,4,2217,0
255.00659401142423,3,0.27224986229466375,4,1856,0
1965.3640010993536,2,0.20060381847986142,3,3155,0
1617.7286669688667,3,0.30927313579941623,17,424,0
3170.558939955796,5,0.33699019972015215,11,248,0
833.7680790539025,5,0.08625606714413106,1,2079,0
262.24068901131386,2,0.32049764527852753,6,1069,0
104.29753142674352,4,0.23076123513253538,5,3491,0
19301.97177826956,4,0.40298504482225894,9,1253,0
1857.381573189303,2,0.08606166314494432,23,1262,0
1257.3879040378345,1,0.17203204779715797,4,2172,0
1449.015675356839,3,0.1356828160284939,12,2694,0
262.08294870562526,2,0.08509309519174448,20,339,0
495.28235249939684,1,0.20788674330973536,11,3543,0
6268.736686950637,0,0.11051075220968268,17,187,0
2118.253666214446,6,0.11682411358513257,7,2499,0
511.01673663211074,5,0.24031285558181187,15,580,0
321.56016735819674,4,0.3726380151572145,1,3473,0
654.7843148195414,4,0.3726195979976322,2,1043,0
799.9661008055981,4,0.13220833909973886,1,3487,0
8511.26650375129,2,0.10841722158999417,7,1081,0
908.4434350967099,4,0.2008301219591799,8,1411,0
333.76869257685104,4,0.24553121542821166,15,1258,0
1034.2146613655473,3,0.1223759271470885,20,2048,0
1428.4403566663582,4,0.19103667639084299,4,3527,0
304.738314296169,5,0.33147633938492166,13,1548,0
1639.5310494203,1,0.19029416546367822,20,820,0
3673.5579947782667,2,0.15299514691197078,16,3298,0
1259.7534210951937,3,0.49330724190687864,21,1543,0
494.19730888857686,5,0.2820283414126006,10,3268,0
646.2132530771972,2,0.23263329882876013,13,2246,0
208.7555652671809,4,0.062914775381976,2,3582,0
959.2625056035254,5,0.15211464016618528,3,1441,0
1496.3438177529079,2,0.361677337248821,4,590,0
447.36168902390057,2,0.006532047816156511,5,1541,0
7628.909192075861,4,0.2242364716046797,10,1290,0
2421.8318496181996,0,0.2757660731898726,0,1532,0
182.586249439604,4,0.25103120242273724,17,378,0
186.37065162518263,5,0.16371038141514235,6,3486,0
409.92581212791964,3,0.2244460454080356,9,3461,0
5287.947253667408,2,0.31057393906553304,19,401,0
2672.90643170485,4,0.09222696944041343,18,712,0
5561.995332173424,3,0.24204924964657346,7,1303,0
1107.8863463645591,1,0.30265627964415537,3,2545,0
889.3676210584232,2,0.24156924163433743,19,2776,0
967.6798425010065,8,0.5480049075259259,20,936,1
1555.7047306166544,5,0.09055998951554618,20,3513,0
901.2942925544016,2,0.5060150878857167,6,489,0
867.2504541514337,4,0.17458552706769262,20,969,0
6752.576685079565,4,0.580835673954203,18,830,1
966.4740000374582,5,0.3402187133624862,19,2011,0
4150.4890267258515,1,0.0351956241936471,1,1244,0
224.06256902547676,1,0.10175136925642408,4,364,0
16124.775722142773,2,0.4770483947680476,5,332,0
755.0089007441476,4,0.09799020851817614,14,3148,0
2224.2699385981114,3,0.19027092582816293,1,2567,0
2607.8278487331286,3,0.1639195007665556,10,1162,0
666.9021073981957,4,0.27223938169742634,0,263,0
2487.491594817135,4,0.15520752532582874,5,1431,0
2620.1927862368734,2,0.1539119395697982,20,2752,0
537.4606236293172,1,0.0529317140918339,22,163,0
543.8643046821469,8,0.4118780207187907,14,1793,0
1147.4608497465506,2,0.39342352267289504,23,2343,0
2099.1245049923145,8,0.6353844780144079,16,871,1
4416.620526447152,3,0.0777842980483243,9,250,0
2214.2481405962703,8,0.24788507728477976,11,1337,0
1022.0609741071038,4,0.28065024564075375,20,1678,0
2010.377830392594,4,0.243280313863367,18,2813,0
141.64825713875106,3,0.2745922680828334,23,2435,0
592.7003897445142,3,0.11461005389589164,12,2095,0
1462.3807075892857,3,0.13731618649864197,22,3091,0
3345.480140065522,3,0.16751869984881199,19,824,0
1339.1218397665807,5,0.22353679135638402,6,2587,0
4713.749770935744,2,0.0714623718446183,22,3548,0
2612.1785823513537,1,0.09278507670445747,0,712,0
672.9496926294382,4,0.2263511196767399,19,2587,0
953.337851095793,5,0.1289687310995757,4,1700,0
1649.8203566975274,2,0.29378601392416703,9,1075,0
700.1989067247279,4,0.29738604303572547,4,772,0
5070.984087843471,1,0.20436731933187513,0,2892,0
361.8659595274786,4,0.10034713564662152,6,1669,0
1504.3353480364083,5,0.1759355379341446,11,3500,0
2288.0307992163775,4,0.17554934749919085,9,328,0
801.5545347043744,3,0.10317087362818904,3,238,0
639.8288171356012,3,0.32982884056672973,19,3326,0
1016.2947593673144,3,0.2320123923377913,17,3435,0
6742.9208139759,7,0.6163395676216384,8,652,1
665.2427439012672,4,0.1873922755060834,12,739,0
376.56053320851703,1,0.1820763432403009,21,1875,0
3465.4049621662302,1,0.30035791349199814,11,596,0
1634.8338754430556,1,0.03997790237175233,16,2008,0
3004.4729197088654,3,0.23642851339087986,3,1226,0
2343.338102328121,3,0.2589166011152807,2,1936,0
9700.078995089416,4,0.31228671206329384,11,2455,0
3344.1640653527356,4,0.057216435126552466,23,2431,0
531.6154757849437,6,0.014611622671921922,4,137,0
1755.0769256728518,5,0.4303136840624677,6,2706,0
627.9818589046512,2,0.18681848095412934,17,2429,0
1170.4487536716454,8,0.5735876279346219,16,874,1
267.0670096502308,3,0.11416226852890435,4,1438,0
823.7662546562884,2,0.2504932511654258,19,1068,0
1891.3275871574579,0,0.12097854643794274,10,3484,0
1026.5698643324642,3,0.2141620550187266,8,1325,0
365.26809716883105,1,0.29639918317025615,7,2043,0
239.12362258927163,1,0.19880389864270706,21,3064,0
13525.1928919563,9,0.34103210574808174,15,257,1
1518.017905046029,2,0.30027529981931056,19,439,0
481.03057347320294,7,0.17479256705569599,22,3080,0
1740.2489552483619,4,0.2429011764841745,18,1716,0
9790.678884473607,0,0.004580115603594602,5,1456,0
2039.5048966175293,4,0.28419553352490473,21,856,0
67.55432783511654,1,0.15230087948109902,8,3077,0
50429.320522394264,6,0.5049428363989742,8,774,1
172.56146980827188,2,0.10487205265260031,19,958,0
892.4656759752047,3,0.11750680643294957,17,1501,0
353.04506086674166,1,0.07578753340281044,17,748,0
523.2178361312172,2,0.12401927113939551,11,2606,0
1457.40055344259,3,0.04169528941328623,8,2203,0
138.2379521479424,5,0.20368949586528562,16,442,0
1002.0011351319754,1,0.4580195176597937,18,2671,0
3454.187087642644,5,0.27033554660707065,17,1331,0
471.8964969483446,1,0.3420703585129136,22,3634,0
273.0663866207537,2,0.2535383004298131,15,2073,0
954.0297904468787,5,0.35598419366537165,16,2525,0
781.8465627284266,3,0.18570594471278493,20,2954,0
604.7241052654775,8,0.2566725885139391,2,2037,0
334.17136286739736,3,0.09375011338975138,5,2372,0
1843.063812245235,3,0.1720959869035162,21,2690,0
1988.7538418505449,5,0.22570156677412534,0,2000,0
377.7955837236839,4,0.12224711262059482,15,2935,0
433.87060973406204,5,0.10526996048039437,15,1020,0
1257.0110433157656,1,0.556370260002353,14,3534,0
417.81065102336817,4,0.3317471155301895,1,3561,0
1311.152738998072,4,0.2685449833648084,19,1429,0
4760.207451939728,2,0.1775888671263489,6,2676,0
1032.953360743462,5,0.10102235193366448,14,1588,0
325.8325609037612,4,0.1394631973160022,4,391,0
1623.1167462757348,3,0.035050848719848836,0,2563,0
918.1357637494972,2,0.26726876638886105,8,801,0
943.7326936197029,7,0.09947063595320503,3,334,0
1763.9711346906327,1,0.5429379589475921,23,2326,0
2188.643890173593,5,0.0963016986019353,21,1260,0
1136.265362182959,3,0.1906075318950348,16,2012,0
1032.0678430710673,3,0.12341853297352047,9,1370,0
8634.676192644145,1,0.22967641617994136,0,2104,0
3642.9679486580826,5,0.439286823992518,11,114,0
2523.863441170191,3,0.2678268048136965,23,1403,0
1250.3839534358365,2,0.204846026196352,14,2473,0
686.54767487732,1,0.5495059877234183,22,436,1
3385.938454053086,3,0.05476192253817808,15,2273,0
1266.856794518518,3,0.20544203277753625,17,636,0
615.7438112363582,6,0.07472211832340184,1,1209,0
859.9373574432449,3,0.22102504562516037,18,737,0
417.3050268946586,4,0.1353545182968646,9,504,0
3156.847061033422,3,0.32244233918524,4,1198,0
2171.203895225706,4,0.10982311028626335,13,906,0
1315.0532808245594,3,0.42745073024608826,12,3000,0
1050.702667394462,4,0.06188621641662851,9,609,0
555.2015065692025,2,0.1148360730966575,10,3389,0
130.31145023909258,2,0.1352665427321248,7,2712,0
266.9531309130686,2,0.10874227764862424,15,1198,0
521.8366774515765,3,0.18584649178252322,1,2507,0
449.00481790535645,5,0.34748626893408624,17,774,0
1464.633946876238,2,0.05576933897135278,13,3120,0
2468.815455636069,3,0.1679505171563093,6,2604,0
964.4526912327295,5,0.22152593186911973,8,2598,0
4486.898277028716,1,0.23160646785515496,6,2888,0
501.2486475253607,3,0.2530138865046617,19,457,0
957.6313322345983,4,0.37204217844995136,20,2493,0
1042.1204605046612,7,0.04134241621764594,15,495,0
3268.8264929830057,2,0.02714869608996905,6,345,0
1219.1230674323897,2,0.45245407048081937,21,2714,0
1253.3420651394297,2,0.22431530057558396,8,1488,0
209.5907636649846,4,0.10775315289317879,9,658,0
445.8993664460277,4,0.03481031697793989,16,2356,0
3281.159922253726,3,0.3592850316732092,14,423,0
137.6422236573396,3,0.26910021001792284,17,41,0
4200.64201133238,2,0.12341820192344358,0,3237,0
1807.4358980069678,2,0.26639773280397955,9,27,0
519.2984009666167,3,0.2692823214625079,4,1869,0
477.2073171397615,1,0.4471084184987375,23,1647,0
7302.377797967258,1,0.06418550847545546,1,3204,0
4498.079498175319,4,0.2501333143910108,8,240,0
973.1704322460445,4,0.31549104333746203,23,1125,0
1254.6246578869125,4,0.16162652643921796,6,3223,0
574.6830314146573,2,0.23665898211655426,19,1084,0
1254.8658806236244,5,0.3128159925426168,1,1560,0
2063.2683415126908,2,0.5407656536182192,19,657,1
1013.7959952825495,7,0.21028366055950917,9,2470,0
6703.126777764569,4,0.2315084867216808,16,3242,0
996.6363442751123,0,0.18681392459964966,14,3618,0
384.5132000272451,1,0.5682239652008065,16,1365,0
279.6749265243618,3,0.3251420076767029,2,418,0
1245.2825829044268,2,0.18092223687038433,8,1901,0
512.399628758459,3,0.06937621020218092,0,3029,0
1403.3298305815254,3,0.2551006000066396,22,1642,0
217.13014208248674,4,0.1044636617107599,9,510,0
2186.921518505568,1,0.12789557168157398,22,2097,0
379.87229414863,2,0.2036065570787805,11,3445,0
1148.59789903695,6,0.30099711566997966,19,2097,0
781.8764866107288,2,0.014516695157460105,6,2603,0
6114.320747802051,2,0.10291009432279416,9,1493,0
1301.7817388568187,7,0.20212966696130102,1,897,0
20221.647014363793,13,0.6260917111134382,21,36,1
1921.2713360024418,5,0.24058754780247726,17,610,0
4561.496015654419,3,0.08860404659499488,9,1290,0
889.9824946294534,2,0.26870462501605463,7,2104,0
1549.2141006497645,4,0.24932004243484224,15,2329,0
3709.4674062110844,2,0.42838767804662986,5,1068,0
2710.6939428978617,1,0.14861878336746318,15,1389,0
1864.9570049845115,3,0.08583625190667937,9,3587,0
790.0254555935611,7,0.12352947438552252,12,2791,0
935.633187708339,0,0.402440475865395,9,2768,0
3420.910256803833,2,0.22266197782817335,8,3394,0
4212.919897952411,4,0.24298544548883003,7,3190,0
606.1559345574374,8,0.025809753762415972,6,3156,0
521.2558654153153,4,0.276103257728596,17,235,0
444.01849267321666,3,0.3108148417807645,5,2896,0
2514.17655582141,3,0.16063486739336724,17,2821,0
432.90788902050707,5,0.5028296858679434,17,2918,0
2483.945260616601,3,0.20108697114281793,0,296,0
1892.5688084051606,5,0.19865541946454562,16,2619,0
635.8153275155003,1,0.15674288080539947,8,1576,0
5238.860615341329,4,0.23408468644599373,15,1554,0
254.10335454175421,2,0.17954523992460114,13,1347,0
5764.839545307356,2,0.1560114215156218,5,938,0
1508.522334482903,4,0.3725806816428836,20,3026,0
137.9006699945766,7,0.3523371874680284,22,70,0
5387.731136302273,3,0.3988361530841116,7,3491,0
2899.264909092759,4,0.20084938348501336,9,2885,0
714.6467156418297,4,0.03744072946823375,0,1711,0
417.91557346102127,2,0.4222937566655319,0,1363,0
228.36226649921807,2,0.0631541266810224,20,922,0
12276.549315054444,4,0.28700998929825056,21,3640,0
435.55371332926023,2,0.08887282515993448,17,2397,0
309.95013757169306,7,0.39176896848835097,20,805,0
1433.5642781858855,5,0.19748250031735956,13,2052,0
213.1735309331632,3,0.15552304477136206,7,2337,0
410.9418012022839,4,0.06241027644817162,14,2907,0
2965.9990255582047,1,0.22642438621063968,9,1603,0
1744.4779046388337,1,0.19682483170883128,18,889,0
745.1831598128108,4,0.09649135427708305,4,1206,0
1116.8937491577503,3,0.2837018569455484,12,1967,0
704.528982642105,3,0.21252892325078232,20,1624,0
1030.7089965951357,4,0.28287710617681694,14,1762,0
511.93036884452056,4,0.18062846037464564,2,3635,0
613.8561887721946,6,0.20481199764686103,23,836,0
595.4526439471127,2,0.23347454372745427,12,1622,0
530.6693573700143,1,0.051885456640357014,5,1943,0
3114.7712589810812,2,0.2063734968400075,18,609,0
2368.7493442882032,2,0.23906240756275496,15,3130,0
431.6593483139912,4,0.33579353815659857,3,2182,0
332.15648806429994,2,0.16152509758929195,18,2491,0
937.0375506816212,4,0.2823562216832775,10,1656,0
9464.351997608674,3,0.41262009902207725,3,2928,0
392.40512815695354,3,0.06095945085775975,3,3099,0
933.3456560287359,4,0.18045792993382007,22,2024,0
1198.3733969594032,4,0.16814822578691738,7,2917,0
983.7362533931561,4,0.09383650661518207,7,3317,0
693.5269679831063,1,0.19691729202331418,16,1376,0
5306.8561054340735,6,0.7728694595649661,18,678,1
1727.5484869440097,2,0.11048653380461289,2,1778,0
2554.994432935142,4,0.2854503618732879,14,2170,0
1977.0872400068097,2,0.28315814838816494,13,1770,0
2681.0085351648286,2,0.345751640328246,13,2132,0
5347.614395037162,1,0.1620038450265023,2,94,0
4150.748534787328,1,0.49257172773259567,22,569,0
11212.718121450207,4,0.060390829805845286,23,3569,0
3704.6396828451475,3,0.20789192148505295,10,3011,0
561.4671247410225,2,0.12344085675578914,15,3389,0
2558.846990822804,2,0.3077093072535271,11,3301,0
2231.5131545421996,1,0.01673166345543666,9,1509,0
7482.295472439004,5,0.31271450376224375,12,1874,0
416.89795654337667,5,0.1313128663311267,12,2058,0
1915.915933248159,1,0.12731644852615678,21,1740,0
554.9786559355007,2,0.41409292477266185,12,3144,0
1830.8673661124135,1,0.3884440034062164,23,2044,0
884.7041854468097,2,0.08606328911558625,6,497,0
1771.2996190506906,6,0.19492572353062096,22,3151,0
267.6450905622708,4,0.09450435756006081,16,693,0
2424.1263769991274,2,0.18332718698945202,20,479,0
1347.571705620769,1,0.1972960616846524,12,2196,0
1276.9029845545547,3,0.14358914783174226,11,545,0
7709.651772529756,2,0.10802957610684,3,1560,0
2076.049364561864,12,0.5322770265443834,6,575,1
1544.2064376245771,5,0.19105084766204994,1,833,0
1212.295197224501,5,0.21881361438173186,22,3641,0
2969.7742300813584,1,0.3774675739117231,7,737,1
10115.294907538046,1,0.10246230280309836,3,1332,0
1168.8867655553695,0,0.15896496107799038,18,2142,0
621.8632420710845,4,0.07493858458656624,0,2287,0
7121.707516928796,1,0.2891570411241759,18,1802,0
806.1833794537472,3,0.13066516918013335,12,3066,0
220.262904379435,5,0.3990412699128615,18,2973,0
522.777683096399,6,0.19676197342864735,14,2037,0
315.26466927438037,5,0.14119672937715183,19,1805,0
636.5313859903613,6,0.4503003850228516,16,892,1
762.7917022347251,1,0.2277132464023796,18,3344,0
1022.2731802740977,0,0.32385733538550276,9,2459,0
3570.7392105887093,4,0.1752172625067716,8,1729,0
2057.8182777084385,3,0.5792175698235862,20,1615,0
1966.153368572643,6,0.09094405101109336,7,3285,0
448.89544324568936,3,0.03615886617306379,16,2131,0
2656.9477006695543,6,0.059574780657128845,3,885,0
4408.24899540712,3,0.37830023935868723,20,2519,0
1627.1265600223576,7,0.4881993512861075,7,2418,0
1673.2406537823133,0,0.1519810544636957,20,821,0
309.60822264693593,2,0.4119149990456425,22,2861,0
3147.726759377251,3,0.20579863168961404,21,235,0
6508.2803734288245,2,0.4977635968436544,15,761,0
1514.6692829738038,7,0.47921062521593055,14,3371,0
605.2506813995171,2,0.23757376697099356,11,289,0
932.6268216240285,2,0.09350633242342725,2,2722,0
720.236251295378,2,0.5110474788669062,16,1801,0
764.7510429734087,5,0.2384954161133231,5,2566,0
2096.4129909405933,1,0.3096880853106736,12,567,0
1450.2106658728012,2,0.025654119791274296,4,2050,0
2992.71597214678,3,0.10857762833996823,9,318,0
1589.067340452626,1,0.08741523413737934,11,1894,0
462.1604041816533,6,0.01869353628530751,12,1276,0
664.6814984015089,2,0.11281954541972669,3,2790,0
624.629658188148,5,0.06100981163664217,19,2246,0
910.0776480348619,4,0.1666604912271916,7,131,0
6599.26587927177,4,0.46053615276176596,15,2399,0
7745.750052796642,0,0.06560847443865765,5,2696,0
2531.5858421816124,3,0.11676512684007223,16,1744,0
1234.922873906226,4,0.0910419497970511,18,3407,0
280.99806424315017,7,0.10390145543375777,1,1341,0
1366.5004104446805,4,0.031098980764952735,16,2905,0
497.69761985420377,4,0.29681242673322483,0,1684,0
5600.000111119006,1,0.1496240517442658,19,3531,0
220.05869587719408,2,0.06966718422210978,10,2350,0
1610.7969464944144,2,0.14800841170979515,0,1732,0
457.4925600280761,8,0.1781492201204756,17,2732,0
1086.2479773358687,5,0.24508774129168517,16,3195,0
2134.671800252787,3,0.3112447062119691,17,2138,0
3047.1703619120008,1,0.16700831237482067,0,2524,0
1032.0576419334955,2,0.4741335415633289,21,2489,0
2347.7590353257624,4,0.40564489874644993,8,3091,0
565.3979962985521,7,0.32803215882058473,19,766,0
1401.8364202281764,6,0.30207652860649226,0,195,0
2987.545464712767,3,0.024763235366173014,14,984,0
1528.5876418252342,2,0.30041382718445503,18,5,0
645.907499322497,6,0.4096931222628012,17,3529,0
829.611594173446,3,0.2124815397460525,5,2835,0
3027.9953005191855,3,0.2777710563182125,2,3231,0
368.02666068997536,5,0.06969428740257101,14,1981,0
426.5309219703303,2,0.052964701678492036,23,2899,0
2001.3730716551363,4,0.20430976528524059,1,362,0
706.8768086040772,7,0.07220759670483398,23,1332,0
256.4520746414571,4,0.14983725007100557,0,669,0
4233.645270640265,4,0.09084432312160756,7,3425,0
365.18340693038607,2,0.4442667925351489,22,561,0
898.3591985238478,5,0.09411799979534594,11,259,0
590.2105610176461,1,0.1838833686462668,22,787,0
814.2899564749033,2,0.641062529877636,11,1128,0
452.7683121089905,2,0.10901758680893921,5,3627,0
2240.1077305619183,4,0.17655570496620385,18,3331,0
1225.156076568873,4,0.16339033596553504,22,1958,0
2932.62614327165,1,0.10624923695628952,9,3178,0
596.3524124992069,3,0.24446358269527563,2,3570,0
9255.94910209661,2,0.14712749314947574,1,1869,0
163.26117424733965,4,0.5503278126922979,4,722,0
224.72222682482075,4,0.20758529721077965,0,3051,0
6330.185677943238,3,0.10027252996679721,10,1718,0
1761.7125724403238,4,0.21577364537882138,17,2943,0
1542.8491493335691,4,0.0529003516045851,15,1906,0
1687.9588675907958,2,0.34963382215066696,18,3612,0
1941.4827614567291,4,0.12623556876190975,8,2993,0
1479.9561240905523,4,0.17576193779657842,8,1381,0
417.42108496418666,1,0.2908389594443057,10,85,0
2485.405004857249,2,0.24124868218730797,19,1862,0
2123.196917031524,1,0.19783585889326544,2,1623,0
4575.31645925767,4,0.171714846589942,0,2087,0
6401.202081218203,2,0.08829470595864476,23,822,0
1526.1081480931243,5,0.3958417805139172,11,1341,0
321.3243285508627,2,0.22666790780278567,3,2901,0
6454.436037870225,4,0.06997306425987218,17,968,0
396.17263570128637,2,0.13922943159624201,1,1624,0
1537.578712777044,1,0.40375117259032484,7,3576,0
848.3269142420847,2,0.3097898362316779,3,7,0
712.9238766267915,0,0.0694894344594778,15,2417,0
2355.009691035694,6,0.08489931831652817,5,317,0
1400.3249548373585,2,0.09284318388068159,15,2638,0
1832.1428026997692,5,0.21024518036003106,2,620,0
485.0799437540259,1,0.08736008151662267,4,411,0
921.42836308515,2,0.2585020222688861,6,75,0
507.9916549395995,6,0.09072847659829661,18,1292,0
898.6812509393991,4,0.11412465943375419,1,1181,0
973.8309978950799,2,0.2054636005023166,1,1071,0
6934.77697714759,2,0.19840099680015383,4,3306,0
846.0779421227703,6,0.11815080142370779,20,14,0
475.17281873979573,12,0.3601251141353189,5,473,1
4425.291970595482,3,0.068337581678683,15,587,0
1718.5898416378855,2,0.08049345048202557,0,873,0
961.976060717098,2,0.1868096680356915,20,3032,0
708.2411429842101,9,0.20575738857501916,2,352,0
425.4189056967789,5,0.15646393553661145,7,3169,0
7616.31622757099,1,0.2134764309087857,16,977,0
1154.9876019548267,2,0.5582126378897376,19,3108,0
192.91484164238523,2,0.2765940761896092,18,2897,0
1521.938352430945,1,0.0712659898063594,1,2952,0
3663.4906523528953,2,0.07679463985301264,5,659,0
1282.3308382604412,1,0.1993717004304382,1,3534,0
445.14787387297315,4,0.2434263128713272,16,2709,0
407.0458016897784,5,0.15080388310323248,6,1600,0
438.2024736983025,2,0.3232368273772634,9,2994,0
5022.373938629414,4,0.2779143752429051,12,3485,0
1020.7939080600185,1,0.5284120364199152,8,2566,0
204.6447574218238,2,0.10157787008769781,11,1372,0
1610.2326100661242,5,0.06832205205074436,16,1924,0
1262.7368980585836,5,0.18804115890046064,19,2756,0
700.0169388562277,4,0.4475497729024872,19,914,0
395.27955308628674,1,0.16007295589467996,3,1961,0
378.4579991823458,5,0.15253510083279273,14,2369,0
3250.7265866709245,5,0.09650962479620012,23,2420,0
1404.6070399854596,1,0.36444959176793273,12,1968,0
1769.8386525506212,0,0.12767746111838024,15,1523,0
1400.744009193779,5,0.23141736505139077,11,43,0
1521.8602358156859,3,0.35693237365038993,7,2986,0
686.4993899514737,3,0.2059676450966019,7,3571,0
892.628646960736,2,0.12261687354898193,18,2705,0
3515.4112832085148,2,0.3239776844463492,19,2763,0
4512.425838475032,3,0.32162378441470896,6,2616,0
323.0825981119477,3,0.15018150609000347,18,119,0
890.4626569197194,3,0.04510681046500481,5,2955,0
2538.390147789844,2,0.20675864771060778,18,1479,0
7201.752889265223,1,0.10064175264357855,5,615,0
6515.632583602137,2,0.2120913091136795,21,2213,0
494.8438137757075,2,0.171121302312845,16,607,0
3924.7036265480856,3,0.3213314813051402,22,3173,0
1162.8582966047375,4,0.09532522562969323,21,2355,0
3116.346617831089,3,0.09343067419714073,21,2270,0
2412.1619060475423,5,0.1703013567900557,4,2390,0
309.8337791658034,2,0.15461792936770655,17,720,0
1900.6932302325738,0,0.19213389318616098,8,1746,0
2997.987745720272,4,0.15738855363830362,8,2380,0
1074.7514934690994,1,0.37936998583966663,18,2392,0
857.2105514202794,2,0.03867143070626211,16,1856,0
227.769940860698,3,0.2641261240016098,23,38,0
2172.4645003612823,1,0.22329886778536645,21,1601,0
1351.200003135217,3,0.24558853664439817,17,3390,0
436.07580167478784,1,0.18130697633701057,3,2262,0
791.6821639490312,5,0.2542841518847634,20,2389,0
1279.8565100773797,4,0.2758774324100249,2,3266,0
627.261933984351,1,0.08843776545995514,19,3374,0
1844.660947562501,5,0.49182276569395383,15,440,1
190.57910406199096,6,0.16131656233041083,3,2737,0
4227.7351235131655,4,0.24977319186425917,12,1447,0
1114.2193286179668,6,0.33827059601796566,4,687,0
365.27353851994786,3,0.24316112682621638,6,2020,0
93.71808231842343,3,0.23578474300298752,6,3464,0
3069.0855845968294,1,0.18188770958694828,8,1973,0
1916.1850834123218,5,0.11138130324903991,22,679,0
1353.8202819638598,3,0.3745284824032191,5,2989,0
2600.991509871149,1,0.43686265713417755,23,2748,0
5849.633232975632,7,0.48881270965535967,16,666,1
1332.0016236466495,2,0.07137816458575137,9,147,0
850.4671465903323,7,0.2696917269622272,18,254,0
722.6018662406208,3,0.10028384466175233,21,335,0
1670.606517997933,1,0.23672121150495964,4,1495,0
4433.884649673954,3,0.3482016059241423,6,3279,0
989.3981497153127,5,0.05083616203213738,10,1953,0
4800.509830373362,2,0.44677897130116645,9,1835,0
1592.6466537169774,2,0.263318260411778,3,2117,0
1604.6981807708512,4,0.07158675070584261,18,2182,0
12150.303979249176,1,0.12135172805416046,1,1246,0
5725.460238630596,1,0.1057577817099419,3,3175,0
5875.869008347065,2,0.09194474863410355,1,2895,0
493.9263127722416,2,0.2302859327722915,13,985,0
9820.05991011514,4,0.2010016436139092,9,3002,0
1010.0783750459434,2,0.10814690710987754,23,2409,0
873.5006033025347,4,0.2011554559788707,19,2847,0
126.56444012761735,3,0.2213150929427091,7,3585,0
1519.7343435021521,1,0.17992280405191777,8,2306,0
371.1647528872909,4,0.12488732111051226,0,2483,0
1649.5434449024674,7,0.1113167379092722,16,1463,0
343.24170104103484,7,0.19125637118427513,2,112,0
6619.001705556877,1,0.07787007296431157,13,2850,0
1903.7367854838446,3,0.12200018657362534,14,3313,0
10720.055112999346,1,0.051001257320560586,9,1068,0
394.24635031230895,6,0.31868898923539274,21,1300,0
5162.515525925569,7,0.16108420196533324,4,1134,0
180.78122218484046,4,0.3501314184759126,6,3499,0
1350.2910981864459,3,0.05605323335844606,4,763,0
583.1106019214182,5,0.16207600319042426,11,768,0
700.6745155652145,2,0.2560152622240223,15,3468,0
654.2591861799789,3,0.32774343841710196,1,603,0
439.34448738132505,1,0.24274338665996148,7,2245,0
311.1613828014525,2,0.15013703728818145,1,2892,0
704.5597876254459,4,0.13396276303254873,16,382,0
1231.5494823269983,1,0.3517011851063393,18,532,0
3511.134054145695,3,0.1559913377254554,14,3628,0
1473.433096431118,3,0.4424875051896739,8,2684,0
3521.1404278128584,3,0.16429414984971594,16,3423,0
250.09056894667052,4,0.12701993828528538,2,2241,0
711.2547005606052,2,0.20758871322707226,16,1301,0
2232.78489943334,3,0.22468487124001502,20,1205,0
1545.6360010493192,3,0.011305929764803659,10,1367,0
463.5085749845518,2,0.13550365334723113,17,3273,0
2790.759031638076,8,0.0861188869314516,9,330,0
644.6624316733838,2,0.13706576817180544,11,2905,0
504.0303268619774,2,0.06026174712772239,15,2948,0
1784.596753870442,4,0.26062185264654536,7,3599,0
1103.4196015188868,2,0.15951470694020042,22,1666,0
650.074950674011,3,0.09545419286412107,11,295,0
628.3714514131152,3,0.2041327452532377,14,2079,0
376.23095626095557,3,0.06782536657450017,2,1885,0
738.2272868457572,1,0.46577456726364536,20,2185,0
3294.499160342626,3,0.06835711376519601,11,785,0
1400.4521993531093,6,0.010817868814905355,5,3232,0
2860.04912653738,0,0.06986863562407448,7,775,0
1837.3296837486366,3,0.09592075437933724,2,3455,0
594.5196645406904,1,0.017735858302074154,4,2539,0
210.78923019715893,2,0.3009495633124192,15,2264,0
434.0438801371068,3,0.3844058236131649,20,1241,0
560.4635386377282,2,0.2526025894699943,8,28,0
518.7474364286147,4,0.20413758241784863,1,499,0
2924.912740343365,1,0.04804577043465425,15,2169,0
2894.560215866889,5,0.15309417878628448,23,2263,0
10015.404535819907,2,0.22137755458836453,3,1882,0
510.9536230312493,4,0.2330654875661295,23,3501,0
5417.817326645748,3,0.3356963324139916,9,303,0
5384.432537457795,2,0.11884685992695937,12,1455,0
869.3416855653512,7,0.30995930762414886,21,852,0
1760.8561118286775,2,0.2695309683204308,22,2574,0
3792.3200043275206,4,0.07563239457581544,6,2590,0
1033.8814300253212,3,0.2013996571836585,14,3588,0
956.8132418103762,1,0.1411770409688613,23,778,0
585.6150010596119,2,0.20513294330646534,10,1871,0
103.54035927026054,3,0.43721887598116643,13,2836,0
1176.7028558762477,2,0.09450143045774403,14,3262,0
539.2237862264549,3,0.15967381318958598,18,741,0
374.1479758003992,4,0.0432968497066723,11,2568,0
1672.6954566625077,3,0.19223686849147448,8,2367,0
256.90021966579513,4,0.2594475907531837,4,454,0
2455.4857723863565,1,0.25279081388056746,11,1890,0
1778.6311227397514,3,0.31460534543056445,0,521,0
734.9531739727654,4,0.13821700143833157,10,3102,0
1029.357136611454,4,0.07808095096659191,7,3511,0
333.54537258962625,1,0.19018437296597165,18,2861,0
2322.3586399453675,3,0.24410105614189156,4,3497,0
1322.6125195404904,4,0.10169869766117147,3,147,0
1424.8900824281518,5,0.2177865567409002,12,3204,0
1811.46353367283,1,0.16445094952639966,11,660,0
576.8513375638223,3,0.24937408977645625,10,2219,0
240.07268342067553,0,0.23301583791731814,1,2369,0
2856.40287136234,7,0.00717340244091533,17,2222,0
3329.183642890276,15,0.4567038904480763,18,35,1
642.0339582291739,5,0.24364351628414715,8,3494,0
1650.956670420156,4,0.43008264691903314,1,512,0
3858.267157432867,2,0.46777561336889706,3,1128,0
9335.929481458707,9,0.8049188586093315,10,236,1
623.5576130939132,6,0.11164410412351489,14,461,0
247.45752585282733,0,0.2182214688022835,7,2035,0
293.7663902222993,5,0.28001959111849656,16,1289,0
802.9351789142343,0,0.18947863973317014,7,3554,0
4733.012321817886,2,0.3432779018843735,6,1225,0
529.2995813210551,3,0.09825069289616718,2,1811,0
604.0591641272091,7,0.22169193200297585,6,1722,0
591.7527537076878,6,0.09077267269245966,17,2788,0
644.3674923920181,3,0.22367773628387222,9,3168,0
1084.3902819639877,6,0.35460461570918966,5,1661,0
304.88962487286165,2,0.29668944322488167,3,1379,0
3243.343289781965,2,0.17627110679977426,12,1507,0
948.7818721602292,1,0.012208645249841369,10,2987,0
13083.858511266457,5,0.3130657119928647,21,2453,0
339.14542627357616,7,0.10406901847235324,16,3504,0
5376.8940473407965,4,0.5356455397234481,13,2303,0
4408.745222840799,2,0.47195382210242504,13,3408,0
726.5563118489112,2,0.04247874913692699,12,587,0
738.7350905264337,7,0.29115165230470547,11,2512,0
436.4623790710535,4,0.2860393433314198,3,494,0
441.50024490737206,4,0.23262629389052317,0,1462,0
1095.9688551005593,3,0.0667753443674737,16,3424,0
1119.565546637154,2,0.08989608212342037,16,2406,0
220.8855586116527,1,0.06881590287156042,7,2236,0
35822.32319092838,6,0.34084631608306887,14,383,1
845.9693611680078,3,0.044700559543653325,10,745,0
1170.998727849092,2,0.09618609558269274,14,2349,0
586.2595247791565,6,0.1879832494468099,10,123,0
839.6544691054002,2,0.27192942961323674,15,2245,0
766.7201630881215,4,0.04796391769539733,5,3160,0
1093.4242603154528,3,0.2230485416508107,19,1236,0
1080.7495309806961,1,0.08221460306210812,1,2933,0
2452.507742803779,4,0.053668869700931265,23,3642,0
1376.3907274659243,1,0.39251060484721495,15,1747,0
2217.82667559355,5,0.10755240561776717,9,3321,0
1085.9268904439232,2,0.12258485185013508,20,3333,0
1381.9523919956107,3,0.27084720042672206,18,1264,0
861.5165938117524,4,0.1097674240805495,2,824,0
2990.248383495433,3,0.030680084039404257,20,613,0
1514.169570710457,4,0.22853035023826196,8,3557,0
936.289895076343,5,0.16786239998389435,9,1259,0
908.768026689907,3,0.07818873558904774,8,2059,0
983.1489737368879,4,0.24037945642460384,5,363,0
1130.5323688930478,3,0.11872947281815158,1,1347,0
3988.540120828305,12,0.34754148472995716,3,21,1
627.1328152705527,1,0.06392189373618654,7,192,0
2356.4241429043636,7,0.2755054769278663,16,69,0
2510.0952824685446,1,0.3653288727933564,10,329,0
6528.006144527304,5,0.12706728521565475,16,1480,0
599.6644743330056,6,0.24062142007019507,19,759,0
2135.462917088109,1,0.228331427804903,7,2326,0
162.53001358787154,2,0.3833014379548592,1,1711,0
2512.523900658253,0,0.13730959663154269,14,1055,0
255.5499488334075,0,0.3613431025901194,11,88,0
409.79986092329443,5,0.08168924271719638,14,3299,0
1528.780028024474,4,0.2912245971829735,9,1778,0
589.0440476124136,5,0.2202099402873732,18,1583,0
513.7036228942858,5,0.13045068187518105,23,3403,0
675.3181934489285,4,0.1180442184961555,4,512,0
2274.751266312107,3,0.07444778334412351,23,2838,0
431.43186853421815,2,0.0993594467038225,18,60,0
1038.8245741319006,3,0.09072437490102028,22,3636,0
750.9534872765211,3,0.12697175463931323,5,852,0
2489.6334538387314,2,0.06747448421213809,8,2808,0
2560.4076269692714,0,0.10324407641323843,22,2223,0
174.98814041393996,2,0.20866075143588422,6,1614,0
3118.5063081023745,6,0.11558988474958871,23,2437,0
595.4063380426279,2,0.06155204214161517,2,1012,0
1388.9345183085484,5,0.04093963472058872,14,2492,0
428.8431608320451,2,0.49913564682250355,21,3587,0
1589.4361389224146,2,0.2224949330995961,13,1204,0
14063.653097380975,7,0.055396310066606724,6,2049,0
1245.3421137169785,2,0.09338688623199069,13,2095,0
692.3920090934319,5,0.12043629155172916,17,1342,0
869.4308179678313,4,0.08531581800854936,8,3402,0
252.38862006930898,6,0.37558008263579656,4,3000,0
4670.228534383754,3,0.4745832825177535,15,958,0
1499.4941660679644,0,0.15144261496174252,5,3091,0
384.1765043403342,7,0.31522827891432675,6,2806,0
1418.7760353233868,7,0.14965034024878662,15,737,1
1113.5210369433573,2,0.10899749080313681,2,1807,0
2784.978391205062,0,0.08749384222488035,15,1642,0
346.8908202064347,1,0.2919605756427312,6,782,0
3338.9422422221746,6,0.20509348803982966,7,3296,0
1000.6113558628242,2,0.10333666321284983,6,1318,0
432.5753863978738,1,0.17588829221268143,10,1188,0
686.9830183974933,2,0.08466175269235367,10,1969,0
6301.568673189606,3,0.20416352242772823,11,3233,0
273.63269105332176,5,0.1878834359712746,13,2087,0
527.4779397274636,3,0.1396566115881548,23,3011,0
2842.910370106176,5,0.09594016467978578,7,856,0
1361.6562156804112,5,0.24498207881755224,15,638,0
497.084077466612,3,0.21436618744826327,15,1825,0
2877.83408496723,5,0.18579819260290018,7,516,0
3017.8373155981885,3,0.21791648405686184,9,1395,0
1527.5045480957556,3,0.09813865236274542,3,396,0
594.4302670318663,5,0.11998550670027049,15,1846,0
693.4612624568007,0,0.24598062730578807,21,3273,0
1457.7888279742567,4,0.18881920728858131,3,2162,0
295.3233739308619,3,0.04910076469227027,4,2462,0
4137.24290972794,5,0.13146367762232108,10,2595,0
6004.167489454725,1,0.17968971323512056,23,993,0
866.1387803421517,6,0.10901086304705507,22,2502,0
1565.7253725515218,2,0.12682342707122707,7,1867,0
3589.621495262399,2,0.07043326791461377,15,1689,0
7750.873599940808,5,0.22797271841095623,10,1221,0
5202.951478090909,0,0.23077353781653875,16,892,0
193.34235675254587,3,0.045676210613383214,14,3422,0
799.8676781480201,5,0.15363146310896825,23,1799,0
1809.2872306536951,3,0.17130461672181527,13,1090,0
1555.61317824704,8,0.3070530049279133,1,676,1
6520.893888850484,4,0.2982917506234802,2,731,0
5593.582138441352,4,0.1021111332497935,11,3037,0
484.9616708994731,5,0.12149382639645914,5,1695,0
932.2490314257043,1,0.22610358949095577,13,2754,0
518.2438393368786,1,0.11771653865033768,19,4,0
902.231876118707,3,0.12126134099979802,3,390,0
875.3008454773833,1,0.2372880186501008,13,3108,0
2847.674327650235,2,0.038373655102866076,22,2601,0
451.0306675829689,5,0.2040170870559387,23,2353,0
80.09796075764946,1,0.05709657506125118,19,1823,0
220.40283006137685,4,0.14828095663633065,19,2505,0
392.17116397898616,3,0.27542700832514294,5,3075,0
569.2435709604356,0,0.12388761394611508,23,1169,0
1322.3614580346198,3,0.23048947722384694,5,1406,0
372.48847378102437,4,0.03499502518599105,13,1941,0
326.65331500909446,5,0.07430819099883239,10,1741,0
432.91983935248504,2,0.11353931208588501,9,884,0
359.3676642567136,2,0.059849885776993794,10,646,0
629.8654692467818,4,0.19343740727714115,16,3321,0
603.4798214502458,4,0.2330488091163162,17,531,0
2184.3133830396664,1,0.45675517129826304,11,2335,0
407.6751331397612,4,0.17859633882598933,14,2930,0
766.9360120916629,2,0.34827858931258987,19,3169,0
635.8593048531177,2,0.08961576873273236,18,739,0
2462.383287632064,1,0.08612751133738604,6,61,0
939.8504096992109,4,0.34132510396493576,4,2703,0
3135.9791203585287,2,0.17483580993162015,0,1700,0
346.4123484472073,2,0.4014470431734291,15,1549,0
1043.8106597114845,1,0.4178825662945389,11,2112,0
616.5312329065632,6,0.0579751338562166,3,3575,0
321.80761630968664,2,0.2633941908398395,6,1475,0
1025.0420949928555,5,0.24174256467202723,6,726,0
6203.864964825879,2,0.10720073842341399,11,1256,0
467.3559612953685,3,0.24428966329181223,5,713,0
3197.208317170685,2,0.4124595103547048,9,625,1
295.2340348853338,2,0.2820963928343873,2,1252,0
254.87474492157716,3,0.10712054490909087,5,3617,0
499.07065087896234,1,0.08735031681238481,4,3452,0
699.2560529361065,2,0.08760571273696809,20,672,0
731.0025580067169,4,0.21930831511595153,14,3395,0
874.7822383444827,3,0.11801962130063179,17,1737,0
210.95975048754497,2,0.1388368984026532,2,223,0
586.4302812584552,1,0.3275200214973798,23,714,0
1811.2246060342231,1,0.14917291664457422,2,8,0
281.957098702859,0,0.020816066427833683,11,18,0
768.8180266484524,4,0.24597439227029902,22,851,0
1469.744360074041,3,0.03869899989291734,8,620,0
501.5649336964423,2,0.10354396480431971,0,2794,0
1543.0625603480396,2,0.11536350053799496,13,398,0
239.57672503848104,4,0.3949844066220254,9,50,0
2666.3068001197507,1,0.2334568514555677,2,969,0
5540.617785470543,8,0.25821909266806625,17,618,1
1159.408689276247,2,0.14085633664963282,12,1545,0
3377.2533044923107,2,0.2567411768599537,2,2329,0
788.9089703665207,1,0.3464709394668347,22,3254,0
591.19380301738,4,0.2559781634561904,8,338,0
4326.630247134759,2,0.06951638557958939,18,3314,0
6910.282524394513,2,0.0648149986208974,20,1520,0
548.1573023723095,1,0.044258607074855516,21,732,0
978.7309298167305,4,0.19524204001512188,10,336,0
3118.297763398187,4,0.5222168607264577,5,302,0
1014.1995890749545,2,0.29229149557907363,19,2516,0
1987.411880594898,2,0.3571653980874519,0,3422,0
2393.240531512619,2,0.06569913092443318,1,3332,0
624.9648601797917,6,0.3397214587401525,17,1612,0
1667.8233355995228,2,0.15150745721111394,4,971,0
1089.8630285976521,4,0.1914909774646794,19,1968,0
324.7746010870503,2,0.23284477239043563,10,2864,0
407.62488564576137,6,0.14841063484846612,7,1280,0
571.1107081870185,3,0.06557544523533096,12,3004,0
2775.3158813034356,4,0.15812833030046491,12,3494,0
2867.96547119092,5,0.10387401472603029,5,2440,0
2321.3702569909474,3,0.5078001469398761,9,3470,0
1702.9387315949348,2,0.13283453754988198,11,3339,0
1657.1032172970613,2,0.02419887285544041,15,3437,0
1447.452580832594,4,0.2852919551137967,12,1039,0
1648.4604247869302,4,0.04741419054016454,21,2539,0
1764.0411847607008,1,0.32254872189384276,23,834,0
269.23317731063685,3,0.11332315413982905,16,2615,0
497.57826163993116,5,0.04651450705403146,14,95,0
391.9280886019659,1,0.08944127692232866,12,732,0
3318.0913687042053,2,0.07879135502697426,12,454,0
5733.606988711677,3,0.15430585491799728,17,1205,0
125.33022822167533,2,0.09247284772695598,10,521,0
5243.867679754869,2,0.1350746930669163,17,949,0
1195.98019323307,4,0.04993963685200136,8,1247,0
3019.1174095381575,2,0.29245338344665717,1,1818,0
1819.7731957486699,3,0.052962427218398195,5,1335,0
4630.383873098513,1,0.29120605582755943,18,147,0
1352.5438523272526,1,0.39822473071347547,7,875,0
280.4920945623283,8,0.16948984148812735,21,3176,0
986.6596195009369,5,0.03784294643069513,19,1594,0
1836.5719570353283,3,0.08332572883925703,2,3625,0
883.6304201498615,7,0.0472896575040475,20,2753,0
2116.950147391685,0,0.5052055691917802,15,1995,0
1026.902851864744,1,0.1338371125184955,15,2940,0
604.5538094416817,6,0.2591075586280696,0,1491,0
370.19193585429565,3,0.3226357951158418,8,925,0
741.1363507417409,4,0.3432294606548337,12,2716,0
1345.568191040075,3,0.4319486270307478,11,2033,0
154.56399160679422,2,0.08808051499831354,14,1748,0
502.66482157433944,3,0.07939143933536963,12,544,0
148.9049160944098,2,0.08722204000484496,5,1740,0
591.6558586605439,2,0.01186425599192187,12,2101,0
3631.1865033810886,3,0.1884470104373392,3,2804,0
334.9172941704582,3,0.12091145917280036,14,2391,0
2215.336846001659,7,0.13963639243801065,6,66,0
18936.09422801437,7,0.15501875870037252,19,560,0
4691.6430531810165,4,0.19294243690950805,19,2647,0
3520.9253656777546,15,0.28760720957711194,13,431,1
2587.466409869675,2,0.08421277156522283,12,573,0
278.7505225978901,7,0.08336501481748969,9,1542,0
227.37152340624905,6,0.2751633646461958,7,1526,0
1128.5603908352327,2,0.14057675489736313,17,2047,0
1633.7129118943328,2,0.4977908999076009,20,1370,0
3276.0846505627433,3,0.39959140160453016,4,2105,0
620.9421110074375,1,0.15073448723621022,21,3603,0
1330.613621493586,2,0.28767049286094637,12,1314,0
1285.7680930700897,4,0.12804716960518633,15,2960,0
2358.6992642256046,12,0.42026703128356785,2,456,1
1019.9665624875196,3,0.2693010232494777,4,638,0
1445.5390441096165,9,0.5565144983062449,0,166,1
1450.563540288169,6,0.24268654011461566,12,538,0
1332.8169383729485,1,0.37721418241977345,2,2817,0
706.263384682546,6,0.2699435813748498,7,896,0
2134.0444605645757,1,0.11020211232180337,12,515,0
3065.0880895558244,3,0.28237783238464,1,2488,0
2158.9478941583325,1,0.02296974864506581,17,1431,0
386.66422468374157,0,0.4445506525186925,23,3070,0
1211.537831623129,5,0.3364692339680484,19,559,0
440.78994074926925,1,0.2298790402885416,2,1750,0
1207.7987250784345,1,0.39275682468738154,12,3122,0
442.51010616585955,1,0.05049115985221464,7,2814,0
3933.0218869029645,6,0.24499701620944664,7,1942,0
2400.2579002969237,3,0.4677722076645934,6,823,0
5963.998417740087,8,0.5082989234154871,17,931,1
3139.196298334306,2,0.06877117908102258,6,3028,0
836.6453695614687,3,0.5812711015047208,12,1940,0
716.5086046465824,4,0.18896049399288004,5,2659,0
6258.675302614982,1,0.3945544625574014,8,2717,0
929.7171032585771,4,0.1946904438586715,13,2796,0
282.9922062547087,3,0.24030399600625335,8,319,0
3003.299310959802,1,0.3241290883805291,18,481,0
1266.2001268146141,7,0.34076619489089843,7,2195,0
4944.069833709345,4,0.14395444390363138,4,352,0
2838.598379419477,8,0.37396181632364145,17,655,1
1074.916768220661,3,0.13776298155794556,19,1799,0
5044.837936957391,2,0.14524742088855788,4,1007,0
235.45825932434423,3,0.2504014587890354,13,2775,0
610.7194542608962,1,0.011434736495039616,18,3281,0
451.5278382205978,2,0.2512035019362306,23,1066,0
122.10974889103004,5,0.18085128783106613,19,2159,0
2625.8933160691718,2,0.2927926164138129,12,563,0
628.0260120153849,3,0.026771957434097653,18,754,0
2711.800384040713,4,0.29345793816545485,20,569,0
1618.2271728173916,3,0.16392674173061697,19,1234,0
2012.5190329766199,2,0.10119306842127149,8,1106,0
695.4787929953432,0,0.24458503816307478,11,1329,0
510.68443530713205,3,0.06423761926469845,16,3210,0
1199.6209072246909,4,0.4911285712031795,14,929,0
2749.483028379525,3,0.14248865623943974,5,1414,0
1042.7513153665586,5,0.13424513745990926,9,2690,0
543.5184634469093,1,0.10355384114581612,1,561,0
330.62404316902325,1,0.1996867340201613,5,2720,0
1345.0184579488603,3,0.1112482517224088,17,1318,0
630.1339810268456,6,0.11257738415157528,3,2683,0
1020.7157874939583,5,0.2016377474828893,16,1264,0
863.6963132742758,1,0.08321009499181227,1,307,0
703.1491456727051,3,0.08699771326441699,13,133,0
1471.155699111992,1,0.1570213954087649,2,1432,0
1909.3231454857473,2,0.21620508943365963,20,1004,0
7826.564602721721,0,0.05533524234705784,16,1946,0
2340.143929244903,4,0.06671745780822963,16,155,0
5397.452324552802,5,0.1327363587812012,6,2913,0
483.6684390094307,3,0.12063330738389227,12,822,0
221.1973366850387,3,0.25655315303484527,15,30,0
1080.9220915061223,1,0.22777556558760992,13,617,0
2586.4129779098016,4,0.4187613721752521,20,2079,0
2210.9149606101178,2,0.45766442245465605,18,2880,0
3682.6267685243265,3,0.04206249267941185,14,393,0
86.78680908185642,4,0.1104661227978223,5,1592,0
3839.037238033014,4,0.24689586104524092,7,2460,0
1533.7371631866508,1,0.18128872040546362,5,825,0
234.1557880828572,7,0.09489997723394876,5,673,0
2260.9239739115574,4,0.34657791553874306,7,1792,0
1299.1722070645562,3,0.2912792878397563,12,2422,0
1605.5622706029142,8,0.03861003729770644,15,3465,0
2978.3035840716243,2,0.15743666801184808,11,2043,0
1686.2718554740136,3,0.14726684472898083,21,74,0
251.43258490260942,3,0.09346923912332938,15,1197,0
950.4862827573032,6,0.16421070112982097,1,1471,0
217.5339279958825,1,0.19882468094284914,10,2775,0
2098.6758570204515,4,0.1773507924599302,5,1451,0
4438.04943112536,3,0.4427316364266923,15,2328,0
316.88788538249617,5,0.3313239351358737,4,1177,0
560.3357958508202,2,0.16810703732223817,18,1018,0
453.7882496963912,1,0.4822364056265948,1,1886,0
696.5187603699679,1,0.11774818303898502,10,2272,0
1656.4352925080566,3,0.3759503662396233,18,2896,0
704.1073834944729,3,0.20519600479596417,12,3504,0
2105.9673151443853,3,0.061751128089658616,23,3100,0
3182.3645545506683,2,0.38574438095994945,5,1365,0
3300.2690067502726,4,0.19859327487110615,15,1356,0
358.460654844969,4,0.38030892264502836,14,1074,0
5661.440745115054,6,0.4620682966851532,12,675,1
4750.818912859156,2,0.3676846051476948,1,3278,0
5180.619544242018,2,0.29149399010700205,21,660,0
936.5333946852749,4,0.14087911609963075,18,2049,0
517.0592785758726,4,0.0680257254464544,21,2550,0
409.8367085426721,6,0.08001839918849875,22,2959,0
1423.2551451487977,7,0.48661397491754,8,408,1
1109.5284748976105,4,0.5070902039027532,10,811,0
2560.228666895052,2,0.14611373438045647,3,399,0
4050.3494526667055,2,0.0674373284105204,17,3027,0
674.8179046828772,3,0.26162317758089915,5,2221,0
1055.016549924878,3,0.15455617835736862,8,845,0
988.1282001812111,2,0.354273781842517,18,652,0
580.9819853766824,7,0.4568112420659239,6,2467,0
2288.7235279485253,1,0.38397435531635343,18,3022,0
1576.3199229669885,2,0.20458122436888013,20,410,0
1263.7302917006273,1,0.05523602410489862,11,1102,0
1569.1752458463898,2,0.10493523733139945,13,2142,0
2029.3102743202858,1,0.1979016275429705,2,416,0
2009.0897125227573,6,0.13503191480555143,11,2037,0
474.14351203581583,3,0.18208256223778752,19,3432,0
2687.3975445281394,2,0.33280704076930945,1,1828,0
1415.6812141821897,6,0.2725924348151773,13,883,0
710.0843778523266,3,0.06641698279831493,15,1709,0
1386.072783122067,5,0.2042669369755829,8,1809,0
1547.6260833134236,3,0.4051656813152423,14,1316,0
3234.998253841686,5,0.1406973978821277,22,416,0
830.975216986295,11,0.7937917061023922,21,204,1
4125.672656240775,2,0.0334624941778573,4,3481,0
1122.3347091093024,1,0.12358604522179599,16,354,0
661.0614159662281,6,0.3243391045121347,6,2853,0
641.1361905712968,2,0.06425306773430699,13,459,0
402.8773775826181,3,0.0932578999056514,6,509,0
192.30547363751054,5,0.09761298743515197,7,914,0
2158.998812214378,2,0.058501851396391955,22,2776,0
7949.67558916921,1,0.3016726869308208,7,1950,0
217.54041539269608,4,0.1825353256185852,21,176,0
423.93158414749917,4,0.2084384957425233,5,323,0
2325.250813890558,4,0.13119980747387608,15,1210,0
1047.7110291641627,0,0.29758913369886597,22,2428,0
2526.068049751868,5,0.05428040328268158,10,2998,0
990.5689518106531,3,0.3239038788502096,0,2502,0
613.6179484801029,4,0.18656289456788652,3,1354,0
874.9422545036342,4,0.21812711716394542,23,1775,0
101.28218963125185,7,0.27159860186120016,20,797,0
349.50422641639983,2,0.10650573835264934,16,1444,0
2830.7001821386257,3,0.37073582244763337,1,1489,0
3611.5771666179035,1,0.22133060325713783,11,109,0
4474.572319553771,2,0.2688442019881928,0,2347,0
1704.2311446319134,3,0.17094767477863326,5,637,0
114.88494229144813,3,0.44829477865713063,10,2934,0
581.1410339260692,5,0.3755671606461117,20,1471,0
7991.621581772427,12,0.3352425210878262,13,219,1
5558.336982757431,8,0.23005998725420673,19,1091,0
4284.022754267696,1,0.23017715849545242,15,353,0
865.8810428652405,4,0.2617634775427502,1,754,0
296.9085364893019,3,0.14473731612390636,13,3254,0
1052.9683029737187,2,0.13423938099119997,8,1948,0
1112.991838350526,3,0.17259855890986,11,2238,0
5247.803148417613,2,0.22348555811640852,20,1774,0
1377.1773709414942,4,0.12598059607678672,10,2435,0
3732.5406154234506,13,0.28949178145892684,17,119,1
1180.2660381922822,0,0.18146399654389928,6,1798,0
1635.7534939867314,2,0.1010438350078676,14,1824,0
2051.733010660637,4,0.2765858156666314,4,1609,0
531.3721195849653,4,0.33198120430574735,18,2689,0
380.8401012870548,5,0.04909245933986835,6,1947,0
4318.047111061702,4,0.24595865288514887,8,110,0
212.50355243466038,2,0.08800228900700563,0,604,0
5640.6097999430285,6,0.18614814724631482,18,1208,0
162.27968589244293,4,0.07126084732939074,5,2310,0
611.2211658048244,5,0.36559389898419603,7,2571,0
2898.2256114243214,0,0.10507513504521525,2,2134,0
1097.008149427209,4,0.3709570780532282,19,625,0
293.9833685668801,4,0.2775342133635222,20,2758,0
1679.7968695855384,2,0.06457014390834148,12,3512,0
1172.6299688381907,3,0.3372222935285352,15,3536,0
883.5533825044365,2,0.0542321034099945,20,386,0
587.6183715526379,3,0.27959491613403287,6,530,0
1309.3455970220305,2,0.7686807643662226,21,214,1
612.8243713085259,2,0.0626145957999397,15,2785,0
12513.116196058581,2,0.07133226019848822,9,1767,0
862.6274000352422,3,0.2874125255413128,19,1645,0
754.6416842370829,3,0.062364511726771696,8,1140,0
638.0163146134054,2,0.1966072233836163,21,2087,0
6483.079077932792,2,0.10913839360248838,18,388,0
212.92353743965484,4,0.23941324990762824,17,524,0
1570.9446760785634,1,0.034717375657371895,15,3469,0
863.2549135065119,4,0.06777413449861915,8,2738,0
264.17186506203734,1,0.10730723565511822,0,3553,0
483.4382886658353,2,0.29605548588349895,4,2411,0
1505.6108781117928,5,0.18098771188252277,11,2715,0
462.0193532444679,7,0.2918049970729169,22,2631,0
1421.636466468947,3,0.5686110850757391,6,1729,0
6180.492431107683,4,0.1464362313911882,3,3220,0
1300.6256243904613,3,0.1492568814345017,20,1394,0
256.33559949355015,4,0.5089096447558389,23,368,0
470.22144257147437,2,0.3449215506892637,1,2912,0
824.3492286128289,4,0.05345077584014273,21,1903,0
771.0589894943298,3,0.2672238031089989,17,3119,0
1276.6743925779626,2,0.23917031135323855,11,1605,0
1498.8342856797556,3,0.2929536417554977,22,1200,0
6188.9947602679285,2,0.0262563127741511,11,2890,0
1092.5616274151512,3,0.2950980970681893,19,233,0
346.47322853648535,1,0.19830268649062743,2,418,0
3476.586255501583,3,0.18327201875835233,3,2670,0
3877.8051004121135,4,0.06043382836584299,21,3056,0
1383.5986398429418,3,0.0876310047674411,8,3468,0
857.1437191171414,3,0.057472184606273666,11,3403,0
2043.759744426004,2,0.28135791213010813,0,3584,0
887.9542188557024,5,0.06668376442014176,0,2462,0
140.37130231346077,4,0.2229598250241176,14,795,0
1926.5272002649183,3,0.19941565686374166,8,420,0
2676.46313719712,4,0.14398117482428785,12,2217,0
7479.372768348069,5,0.2873418366846669,13,494,1
528.0767098959561,3,0.050602476974337694,8,124,0
1374.9399217333737,4,0.03249645152263912,11,1556,0
1405.009801433805,0,0.13369059408841963,2,11,0
1194.380069785403,3,0.2029691343611459,7,2037,0
1230.1065102125842,4,0.2778992557848966,3,3410,0
1138.1233666724002,1,0.14754787725713014,11,675,0
1355.2610906556508,4,0.16451867027936518,11,497,0
2300.0382540977803,0,0.03069374053209849,8,2565,0
3715.570546819161,1,0.2111412269292172,19,3258,0
514.7429136906359,2,0.12387346066114775,22,1357,0
923.0640683078631,3,0.4694969415557686,16,140,0
718.6625248240596,1,0.16508991283904625,4,1087,0
622.8636551816281,2,0.46790824933627667,6,717,0
217.88525798249458,1,0.12566742478984164,9,2367,0
1123.520632399133,2,0.21995284595464804,22,3477,0
1771.0367163319029,2,0.05924381580785597,21,1069,0
1420.1089313038053,11,0.3591031771325406,1,713,1
1086.8535001887155,2,0.17552993240332967,9,2245,0
1666.426725874806,4,0.3549416648829809,11,1931,0
4496.792730819699,5,0.10886592131859606,12,2128,0
720.7090149658941,4,0.16546374350375684,0,1918,0
339.81042401021404,1,0.2003473490527672,12,2738,0
1001.8062032478244,2,0.23973323693513082,21,2761,0
7212.430418128411,0,0.1929754710867945,17,1647,0
343.46988664385265,3,0.09712941322305571,10,2696,0
2100.9306570831773,3,0.34287081382553025,10,2887,0
3490.8943017308175,3,0.01045322727634633,2,99,0
102.97289318225573,5,0.6009630203248777,4,1552,0
1652.794091652375,6,0.16609343379857397,20,3274,0
2005.0226512794623,5,0.446289921891916,19,1425,0
839.381069830178,6,0.19286816453626612,7,3364,0
574.535241842421,2,0.38083790733009804,16,186,0
607.4911744628571,1,0.4939743176005399,9,3606,0
789.5250041993892,2,0.1424367098187479,20,1956,0
810.7047801595509,4,0.2833728594738859,21,1181,0
1992.8015958788367,14,0.6529849846295217,7,469,1
777.0655791973808,6,0.11971875677179032,3,2685,0
3607.577681850321,0,0.3070945730050314,7,2625,0
325.56795828971684,2,0.23121259959478535,18,221,0
190.74578572360727,0,0.5097841966234286,0,2025,0
3665.7385459315983,1,0.27072314821544335,2,2849,0
905.0428047605994,4,0.12129182606837155,0,532,0
743.7966722659503,1,0.16707702487161774,4,2034,0
981.2064405031334,7,0.483029302617658,10,1386,0
1351.9140752567844,5,0.0775899119301388,15,3306,0
649.3350068929797,4,0.1920906625165661,17,2080,0
1818.7980096817876,1,0.02000126470455369,19,1654,0
418.9440698599413,3,0.1323901228027269,2,193,0
2195.1499018062264,9,0.4433490518822839,18,531,1
119.73772726273754,4,0.07087795476601329,2,1999,0
3541.2573789777666,0,0.3236789668941947,19,1397,0
919.5756406256506,1,0.1829903463543902,9,3480,0
2143.3045339289097,1,0.1139327912495175,7,3611,0
1766.1804999024084,2,0.09220980574955155,18,1563,0
1900.3888086886311,3,0.1608316096601392,22,763,0
1088.1393208020315,4,0.18725513322945306,2,3610,0
1616.837553283455,3,0.3217900579101871,2,3156,0
419.354065180838,1,0.3795205316025069,14,2462,0
339.9577835155662,8,0.3299349574945189,11,748,0
991.1779323470861,5,0.14884256285682765,8,958,0
2201.5354987605433,8,0.48627586487750474,5,184,1
4561.7617348103395,5,0.1547649130002129,5,1201,0
1595.8222973642432,6,0.06820897781809195,20,454,0
535.6701660866847,5,0.19511764032249534,23,725,0
835.8586848156393,4,0.2396750532481259,3,3642,0
1252.6374682022852,6,0.06064582473050797,20,187,0
1387.1491975070433,12,0.2469905052098478,0,945,1
1439.0609084704838,5,0.21545619175137176,4,1075,0
1174.566643447412,2,0.1823293359633764,13,3550,0
272.9649098375312,3,0.32142008944816314,10,334,0
127.62489228598241,3,0.29801952340489113,9,1829,0
754.7533107340322,1,0.30726624994627627,6,1382,0
1920.7916641135641,2,0.22394590017892113,7,894,0
763.28460182352,1,0.4860417037511169,11,2881,0
3776.5422201907368,4,0.24500943779781428,2,3358,0
1046.4024276488983,4,0.28503744266325093,5,489,0
4260.731185194304,2,0.26490990467970976,5,1959,0
3469.977675214016,1,0.34659456567158037,1,3285,0
3137.8303388307827,1,0.022828005771119438,0,1407,0
329.1417028515885,3,0.1425677545069582,11,1982,0
1115.5922044597212,1,0.012561742573080466,22,2554,0
3724.8188079976644,6,0.2997131171993661,15,3324,0
1439.9227204244394,3,0.19345298266220415,13,2000,0
1909.0478807510303,3,0.015554686906810293,9,1252,0
273.7219184554813,5,0.2958729891121029,0,1608,0
7471.043276881003,1,0.09904371788828514,4,980,0
497.01767926939914,5,0.06182253373444848,17,519,0
149.24285198825578,2,0.5991393524272245,14,2835,0
771.9148624748251,4,0.03798122369260627,21,2829,0
94.87081731560498,6,0.2503566024775027,19,3159,0
370.50793266505286,6,0.14168925512318886,20,945,0
14164.750993384838,2,0.008625031847195977,7,3302,0
749.9145168467676,2,0.1247801705818185,17,3027,0
263.0154648132229,3,0.3510120449152356,21,3493,0
1124.7295509316236,2,0.2427817705820147,1,916,0
446.83806351821715,0,0.08502117662674946,3,1193,0
9717.673612755672,15,0.5724856106804287,5,245,1
450.54376530201245,3,0.09391454870802732,9,1439,0
1437.6048514277534,6,0.010657048651656507,5,3479,0
348.2570871224635,6,0.2712279590369571,1,3265,0
14750.439306125067,4,0.16744795099035298,15,228,0
1814.6061393316602,1,0.12725255385295417,17,3599,0
948.1324450999523,3,0.4926273908850494,8,3175,0
818.1467728086258,3,0.206343824578599,22,1504,0
630.4286701135995,2,0.3984991904664957,17,1798,0
1114.0554694387065,7,0.6369496829585491,13,241,1
498.49984268185995,3,0.4210466069267058,0,3281,0
5874.22168132665,2,0.2131201676540703,10,1720,0
631.0505954427307,1,0.16122552300040313,18,3113,0
130.3966675231039,4,0.022521117503936237,13,2901,0
341.7338709822283,5,0.12299104149395944,20,1832,0
2773.109741936527,6,0.02048564847769455,18,2550,0
852.076186331714,3,0.07330333882421898,23,2962,0
959.0262050140271,6,0.15006060819417472,10,351,0
3532.6884174841534,1,0.03382575255523236,3,755,0
504.12961661346185,3,0.17449990664511383,20,1235,0
2064.034253457012,1,0.10450071322992657,19,805,0
562.3457364822447,3,0.2916502781438757,7,1911,0
1950.569454261416,3,0.0734418395783707,1,1072,0
741.6405925711076,3,0.22363030083117708,7,2667,0
861.3068468016643,4,0.29727424632019833,11,1607,0
2490.2382248458575,1,0.2139157431795193,20,3485,0
2316.9913883065396,2,0.3712991982618227,9,3347,0
929.4304829095386,2,0.23735486532023484,18,510,0
684.2862539516652,2,0.36451611508645493,15,963,0
5427.031533231451,5,0.1901618706456439,0,790,0
1976.9900919480026,4,0.10292680828105373,2,921,0
741.6357289909449,3,0.21275230538600975,11,36,0
570.7296538673277,1,0.15917208396576168,9,1145,0
3056.1080518500694,1,0.06617528262472318,21,367,0
1230.7759289939534,2,0.42597057903560875,17,637,0
931.1747907986789,4,0.18495038371273634,11,1090,0
1230.2530704820888,2,0.09724198053501361,7,2520,0
1537.3214681115517,4,0.32582458260218494,0,702,0
1036.1952316139368,7,0.3266898442974559,0,1082,0
3654.3987824321757,2,0.2878224407762591,13,3008,0
3863.537433008299,3,0.2848446046383386,0,2970,0
1866.6265919039615,1,0.17546142929042885,1,2987,0
4336.049636107063,1,0.40194365762606704,2,3485,0
1105.9906942170214,0,0.2133114774721517,4,1899,0
2187.09838293783,1,0.16183607981336015,21,594,0
2994.271729483817,4,0.2017535486518359,1,618,0
3038.2539778791156,4,0.07609605174963148,14,72,0
2740.783610526795,3,0.071756817364504,21,1364,0
2061.500086448448,2,0.2638162497802539,2,2468,0
7763.030890842631,4,0.23638934406312231,13,366,0
639.2554979336766,4,0.131070876389203,0,3631,0
938.965946121919,4,0.36515589622503924,9,969,0
884.9131665928022,3,0.07245102357858717,21,2243,0
758.9476898836691,3,0.13637023650797958,10,3631,0
150.08892572218815,2,0.12935300742654002,14,3292,0
4336.681944205636,5,0.17333148510492788,11,2059,0
393.05892654748453,4,0.3914312583322611,9,2984,0
1299.6040352007822,2,0.21017585109272988,2,2496,0
264.57871924828083,4,0.2924254468845545,9,1288,0
2040.0217136337706,2,0.3533702649223777,10,2757,0
499.99793282307843,3,0.6427858883375799,14,992,0
352.1432580469756,3,0.057836262550258685,11,603,0
1331.8756148320329,1,0.02851967437276914,1,2433,0
544.1720251212043,1,0.298088242629851,14,3255,0
617.5999414534133,0,0.08037308741125103,10,3383,0
1302.1729072254313,2,0.21874656092362627,6,3541,0
2440.5762382795297,1,0.17449352031339024,8,2335,0
483.7651260271311,2,0.14664489929960267,20,2169,0
406.9976966168412,4,0.14299253938196427,21,2474,0
1122.6908940614621,2,0.12220292215169329,9,1361,0
1880.4240337492736,4,0.5100645412366978,21,1649,0
4735.086112631542,3,0.13890487824980538,5,3280,0
375.6547117666022,2,0.05466774983769937,0,703,0
797.9395947076192,1,0.2574840198428738,13,2135,0
3553.8472394289033,4,0.028438937849933572,15,2517,0
7887.973495230611,3,0.2375698118402359,10,3442,0
406.22573421270573,3,0.07726336977224925,4,3250,0
523.8409355846179,5,0.28956708390179564,4,1909,0
1605.3548389871569,9,0.17536333250075622,1,383,0
615.390396708065,4,0.03668611895071355,20,1020,0
513.2526635644942,1,0.2631684542244983,8,3616,0
1400.3403684403158,3,0.3256194237403086,14,244,0
5163.758339611716,4,0.20221277794154202,3,1481,0
296.0468458772557,4,0.2871282817764037,18,564,0
4906.588181062791,2,0.17329922224254662,13,2378,0
617.2232447625338,3,0.47713637692072197,19,1196,0
1549.6616895106192,0,0.711058018597652,14,3093,0
5382.190471354734,1,0.28794959473903053,9,2812,0
1518.2651180867313,4,0.2173506912214572,5,1323,0
814.4466713473695,5,0.05010856837392932,22,1571,0
2248.8530792831302,2,0.004433051943700252,23,1953,0
922.2661037237863,4,0.026735559599491154,1,2464,0
1847.0610801831924,2,0.19573836749271517,3,3105,0
893.6542913049075,3,0.31271700221528215,5,2622,0
2594.509854399952,4,0.15046727246803573,22,655,0
271.990817748822,1,0.40746429214502516,4,103,0
398.0104956458984,3,0.06610020025056783,6,77,0
268.02267231744526,3,0.11556983210596038,4,113,0
1036.4643853605742,1,0.23602840426030333,14,930,0
237.56987273373718,1,0.10627890174669719,18,2944,0
549.0384222440282,3,0.2677179201188414,14,3549,0
362.3068104091865,1,0.11817071320097072,2,2730,0
4815.890401368706,2,0.14499418609285983,23,2345,0
407.206182396704,6,0.12303420734658957,5,2462,0
302.9156236951901,2,0.0649821057699713,12,1665,0
1405.7672719848613,3,0.12674359494184434,4,926,0
5924.319781257286,1,0.20511051340791941,3,1156,0
976.4591542865835,3,0.19975319918858986,18,879,0
1054.9838033557996,1,0.11432542227615947,6,3436,0
3986.852937022743,3,0.20679803599473492,20,63,0
2639.1952977470237,1,0.21200497089774015,0,353,0
1678.0958124825,4,0.2458934093733557,2,964,0
612.5675803512898,0,0.18106474538076053,22,103,0
1730.1405142211038,3,0.2604518244101328,2,3586,0
281.2421113655762,2,0.21013214064739758,23,2930,0
587.7633792155668,4,0.12495640533083567,0,1635,0
4589.207595271166,5,0.33904173355077477,10,15,0
4031.898697231965,5,0.17178637300444366,15,439,0
1698.4726743012632,2,0.16556105808707988,19,1367,0
159.27723155725894,4,0.584116935286798,11,2015,0
327.59512536069485,3,0.11290213513369877,9,831,0
555.8661741953655,3,0.46962967636667863,18,2244,0
923.620218916026,3,0.08450792222787806,8,456,0
314.06150718924874,1,0.13673848383791062,20,1124,0
857.2128690844864,1,0.1531787651488696,1,367,0
6420.78226990155,3,0.09874257205879218,6,480,0
1637.3524832044643,1,0.20951059144626974,1,3179,0
1364.886602342325,1,0.10885217824043049,8,1853,0
396.408236693152,3,0.14853334930106493,3,933,0
212.9410173022059,1,0.23771434197781804,4,2952,0
321.11636796353724,2,0.5538412542956705,22,3122,0
204.50876842734758,3,0.04253243693586756,7,1626,0
1182.0851830428905,2,0.07922690675487619,9,2085,0
1609.8331263991217,5,0.07800965035074504,17,2343,0
417.6776852565821,3,0.25836993666165026,12,1232,0
1271.457729744867,0,0.15496855401297138,10,636,0
11576.598912242725,7,0.2726681934822622,3,989,1
7767.451073293256,7,0.06324939876854814,15,749,0
2369.443391761069,5,0.2052759671613396,10,2337,0
920.7232440534572,2,0.3114512055076961,13,248,0
2294.1191676479657,2,0.08066794312779917,12,2092,0
8750.433980478041,4,0.3581894534600599,20,690,1
147.34427600952296,6,0.05851325314834851,11,1559,0
4827.427701457452,3,0.3092596823992005,13,1636,0
636.1365104666402,1,0.15837507781267998,19,490,0
642.2881566102371,1,0.2862005277413475,5,2660,0
768.985433669548,4,0.14994659191414314,15,2556,0
1510.3310418221874,5,0.14411498965026462,21,3337,0
360.95227461158004,4,0.2474660438612916,3,248,0
824.8371437300082,5,0.14850755045212843,16,189,0
1854.3271863967232,1,0.05629875749966168,8,1263,0
1364.5380825333027,5,0.05715392836651078,9,1678,0
1604.8964468104753,8,0.018398236852950937,0,2360,0
793.1650134915026,1,0.12834473001541122,4,1160,0
2194.5009728974896,2,0.21048781519098006,7,3342,0
3153.9664242082345,2,0.09050221011566913,15,1095,0
2970.3626008196893,2,0.16594903263687924,9,294,0
1681.7836957753186,2,0.3915876393390364,14,1073,0
2804.2533824837515,4,0.03442208382483137,7,556,0
9576.872561506663,9,0.8047554984775729,9,115,1
15938.740061975635,1,0.1141690838076573,6,3335,0
3707.3294442289216,5,0.0762949344590181,7,2669,0
1003.5067185837662,1,0.18234300342565174,0,692,0
440.68075981285557,1,0.32540116672075564,15,3194,0
844.5971306799613,2,0.22828311258201514,22,68,0
786.9896872058897,4,0.0545115363877068,2,877,0
1828.813303992907,4,0.17308756417720542,5,1918,0
544.4323840709353,3,0.17503363090558002,12,3189,0
3612.5788946092166,3,0.28415226296894064,14,3641,0
273.2636265106355,4,0.3188648143183176,23,2040,0
214.32099411431602,3,0.09135589950359685,2,3451,0
2694.745509873576,9,0.29852623598544376,21,748,1
844.2110170501826,10,0.637592039684029,8,967,1
515.9174044452068,11,0.3783219203069914,6,798,1
579.9431288321191,2,0.09791756978355977,9,1628,0
512.0970566894206,0,0.2473541373641009,9,3403,0
1107.8033074916298,3,0.07276309862077127,11,165,0
589.6500419534574,4,0.10461242924346577,21,2062,0
639.6144940055885,2,0.3198850624011651,19,3314,0
1091.3102109704605,3,0.2784203069179964,15,1426,0
3023.715253717469,3,0.23282249816848916,18,1279,0
4773.072304256498,0,0.22721520099669157,6,1335,0
1271.2647658086994,1,0.3375942141791557,17,1837,0
1374.0847041986326,2,0.2005926837691553,6,2994,0
913.070396939532,5,0.1058229976323033,8,749,0
1774.4550133975033,6,0.19007013294037226,0,2832,0
1620.0614515849827,6,0.21924031513727366,18,1470,0
4129.236008833125,2,0.19246578333424233,20,93,0
165.88509847751652,0,0.0823708564036391,19,2089,0
867.4017563883514,2,0.24875223098529903,2,2771,0
1539.4644406749555,1,0.35822817268567353,12,1760,0
1068.1848044847616,2,0.1686829028111276,7,1072,0
428.7298361145912,4,0.5603072576893993,13,1127,0
299.0567398462301,2,0.06614748167471077,8,312,0
2456.0813852354654,2,0.21389290152559756,13,2144,0
514.4375405740591,2,0.14304732904455655,20,2428,0
189.63468455262068,2,0.2523852495654044,10,1995,0
2582.6540740049954,3,0.10010981470322275,0,2853,0
1735.382103062502,2,0.2452623458080624,17,1422,0
976.6476113033505,3,0.3896208357524899,3,3321,0
439.4168061799432,3,0.13527788542166094,6,1769,0
979.0263492574984,3,0.3304227214693652,21,3017,0
3698.1486203261547,5,0.04967903062003983,13,904,0
218.17570272575097,3,0.18006973403259993,5,816,0
831.1882494712094,11,0.6603058479557748,20,144,1
1784.0742662295036,6,0.5702115332799325,4,989,1
1067.8006162710267,4,0.10892320719448735,9,1276,0
667.6126246547005,4,0.4142256281003861,13,3062,0
2085.6098285126996,4,0.1114333212600238,9,2230,0
3257.8864779007818,2,0.21552255521430205,5,1892,0
1449.2026311504098,2,0.10160777514337409,1,3368,0
1920.6757260496527,5,0.30403220113822094,15,1455,0
1439.5697339069002,2,0.13777246090344245,15,2242,0
1107.1097735771818,2,0.25909541102732336,21,621,0
300.79870900214416,2,0.031102534898475812,15,1469,0
392.29271865861966,1,0.05997554519178756,21,277,0
284.0304705366747,1,0.3653067904656615,5,140,0
945.2932577734874,2,0.10263717236901634,19,2874,0
1383.3702780918718,7,0.11766669165925026,23,2601,0
257.4273682374386,3,0.25459361148488413,22,923,0
1179.2041574737789,2,0.17481190706022146,18,3294,0
457.0458306443627,5,0.11218285656508317,22,2558,0
376.45580496662757,3,0.12088056924238207,22,2528,0
586.7803643401629,5,0.09544407048242264,4,1742,0
357.63878681129955,4,0.44016907271962885,6,256,0
2011.5465196323532,5,0.19375251582115097,14,647,0
927.0389500073597,4,0.12868975312867773,6,2963,0
2478.017333171305,0,0.12732689200638164,9,533,0
703.8066319430417,3,0.6402134496792531,10,3209,0
730.9272533059325,3,0.15170041778028776,9,1055,0
7139.390166370645,2,0.20828245581382815,2,225,0
216.35910022909476,2,0.16369590882229612,7,6,0
3961.908939077158,5,0.09229938720681771,2,1027,0
5736.038175308534,2,0.2863190163407964,14,3014,0
2358.58583571937,4,0.3236849673078858,5,602,0
788.0247757171055,2,0.18005572999012914,8,825,0
4568.325803223064,2,0.21135545463044075,6,1468,0
794.9177419931351,3,0.13699531766452147,7,3311,0
541.4303393409112,7,0.08862472634913222,17,2862,0
743.769857608032,2,0.2876921558614875,9,1454,0
620.0538076970003,2,0.1202132389371393,8,833,0
425.54762763236477,3,0.14239165687934452,18,2002,0
3327.604098604888,3,0.11126835971221721,22,1928,0
506.0075789706791,3,0.2083488366698666,16,1392,0
1064.59849927699,0,0.36870360689916326,8,2359,0
258.8446592686101,3,0.16838579246329122,5,674,0
1130.9470768092672,1,0.06763749531363439,13,3297,0
345.1827392468215,4,0.2300302288667295,21,989,0
336.80838464154755,1,0.1107864228417855,5,57,0
983.1012244823263,5,0.1956141590118889,1,2420,0
3155.7209689627725,1,0.1489596813702688,13,218,0
1703.4547737635196,2,0.12021908552198617,7,2374,0
1824.6078863421822,2,0.32130137743830334,22,554,0
963.0283205350471,0,0.1726764785745448,2,2023,0
783.9613611194509,3,0.027987956968620477,7,346,0
2419.0752995238513,2,0.2621282014924755,13,721,0
624.4197619719995,0,0.10515730218843454,7,1420,0
2526.1057191953564,3,0.2369701403062747,21,809,0
3774.2121538458455,5,0.06093389614970127,20,2878,0
472.77198787066203,5,0.183961437698925,1,1,0
547.6051534618379,1,0.432671230628002,19,3149,0
635.4316257569651,1,0.1160952969086555,14,3460,0
252.910930718536,1,0.16680100598423322,23,2316,0
685.8077004369669,5,0.4724268915020467,18,1831,0
4029.710182005118,1,0.11815603721112292,17,2584,0
385.45500115344777,3,0.30902927167495453,13,1505,0
4126.546380557569,2,0.39581415907105927,16,2389,0
710.9168976621755,2,0.2926165847471121,20,715,0
9081.872175789716,5,0.09658783724068055,1,3168,0
554.5666149183813,5,0.45265082257908923,12,2557,0
949.578355902179,2,0.3549982286812436,17,1653,0
441.3406096466065,3,0.040516495502480265,9,280,0
551.311081692634,2,0.1696285305116109,11,235,0
4180.470867318545,5,0.39511282844159856,2,1048,0
4523.848079360674,7,0.34919061519518085,1,688,1
3068.112342062634,0,0.09930364483738527,13,1002,0
294.24439543525006,1,0.09136726609027694,8,583,0
2110.812984892949,4,0.07795231592194506,4,3577,0
415.115453722,4,0.405463315518276,8,2987,0
287.91966117489886,3,0.4103310442032964,16,2122,0
1392.3749132386135,6,0.2845075242488535,1,2912,0
1378.2065526513604,7,0.1609604743283956,17,2542,0
1156.7224216875593,4,0.1721345569745654,4,2929,0
2247.4654927834563,4,0.2701233925436092,9,2886,0
2626.917324220751,1,0.054797577747329455,9,2502,0
4768.2247232741365,1,0.26106559307936444,12,2306,0
333.5047145022079,1,0.3718738001866794,16,553,0
4924.6882172011765,0,0.34227501637006763,17,1050,0
7203.4221427888315,6,0.18707749861952902,4,875,0
760.343255696136,4,0.16985961382496922,13,2143,0
206.74958299043058,3,0.17089462158312274,21,1366,0
274.9257570713303,3,0.17268727316943117,6,91,0
691.0060775780724,2,0.249809971261895,18,2295,0
8218.488499539168,1,0.1428918754352132,19,1435,0
1115.5245260213926,2,0.2276987513190535,16,1662,0
591.5912162318776,3,0.23789360724325156,20,454,0
552.5797360617116,3,0.11059654196744143,1,2536,0
292.1530109115928,2,0.12140137722907118,13,138,0
2629.571093834846,3,0.10447475799718235,3,1338,0
1000.1759917835152,2,0.1503607642914314,1,2279,0
8953.766043646008,4,0.2668522441982042,5,279,0
2055.366376470422,1,0.17982416151833588,11,2477,0
2514.76921790062,3,0.14811504778383613,22,60,0
860.8283895228484,0,0.17144220966326787,23,2589,0
368.32645902406904,0,0.053394199676728246,21,1842,0
457.7938710843741,2,0.44553360602920195,19,1163,0
278.8720448771812,5,0.1586997710583217,4,1657,0
7529.26564488388,12,0.6896492438699473,18,932,1
746.2680206978802,5,0.12727986776525693,19,1603,0
2842.674290295423,5,0.23667176978022963,13,3252,0
1256.2852138093765,2,0.23315843186575824,13,1219,0
818.2612353437277,3,0.1720726788595984,6,3580,0
340.4938844848804,1,0.09940348631308994,18,2669,0
1482.7188362495535,3,0.6354129093242382,4,3035,0
3178.6446915462316,12,0.8062332288508078,5,585,1
2703.1794356338182,2,0.030046898137805735,10,3518,0
536.2440229276268,3,0.19730223641575728,16,264,0
2030.643005781304,2,0.5941384862734767,0,684,0
5658.128236407872,4,0.1529075759615354,23,3528,0
1440.2268496755787,2,0.10302115570221294,21,2902,0
2404.9669800625365,3,0.11157583513667545,15,1488,0
1942.8092005513822,2,0.19070790427344866,5,488,0
7317.993698753704,3,0.31028721919607444,22,600,0
1590.1130951244684,2,0.04027070702159351,13,836,0
2208.257124069492,5,0.18517942635637089,21,1184,0
1057.5645735174455,0,0.30447648343279965,16,309,0
505.53206278736366,3,0.13946777325635265,1,3355,0
327.61014341958776,5,0.17314979274034603,7,3137,0
3892.956079523824,5,0.400198592302609,23,3242,0
400.07043882109747,2,0.2814610572810203,20,107,0
2311.9913762356555,2,0.14821169191280636,2,1597,0
1662.3983542893143,2,0.2555171683564627,0,353,0
2745.683565260768,6,0.25001937506449645,11,2238,0
655.4276854357933,2,0.32546568655705616,18,1273,0
959.9386294386794,10,0.5831929772721144,12,517,1
1600.9809884028516,3,0.2224602416723296,10,3442,0
818.6513791865353,7,0.31117373063427745,17,1274,0
320.2082813856102,1,0.18691753698928604,5,2612,0
7619.953469828637,1,0.14211015361130325,15,3008,0
497.00089854740264,5,0.07421681912445262,7,865,0
406.005736176302,2,0.2745132333514831,18,1789,0
860.8017581109943,2,0.15385045586485233,3,1176,0
3838.583008037629,0,0.2687555981411804,3,206,0
125.62043713953636,5,0.3487338998597527,0,968,0
3532.9327578151056,5,0.1379517234378089,22,957,0
440.77145502704667,3,0.09803402739667123,15,2485,0
1428.707173859515,1,0.15978839907794687,20,3553,0
557.7958517030173,4,0.49932746974709996,0,3532,0
8037.849521953165,3,0.14196742435283244,17,2100,0
1242.1761580844075,2,0.17393411667343717,23,1135,0
540.1832585432187,3,0.3586287781303511,8,923,0
811.5197125544391,0,0.022215850631027965,5,473,0
1199.4724029674835,3,0.07660194002402941,19,2357,0
1309.8613982855188,3,0.17429764588552102,23,2551,0
3470.99764339868,2,0.671276144287623,21,18,1
1095.0939003493797,4,0.18781182123439183,22,1741,0
276.67335413184287,1,0.0867298476566266,10,900,0
780.3420343135203,5,0.17709387285454298,9,2540,0
2011.545024815621,2,0.26961139184620064,20,3210,0
561.2223616798813,2,0.0284134491242538,14,3113,0
2149.050250774565,1,0.15324350613892027,23,1324,0
1131.9738218910766,6,0.062571335903875,9,2761,0
882.0597903604547,0,0.07808369510541185,18,3304,0
3619.69082074963,4,0.1964990324419536,7,1932,0
192.84148990269435,1,0.4210960680292771,7,503,0
558.1786663570942,3,0.13447118293028795,23,3343,0
3760.956941341423,2,0.3838542550711547,22,1471,0
6836.622917303152,3,0.12076470968108062,20,970,0
10785.872820591861,0,0.2420710713016335,20,2526,0
1153.268691912584,3,0.2083576483332922,6,2500,0
1733.499331719349,3,0.058515812402410855,21,1164,0
2483.5091708082305,2,0.2619838481927804,6,1610,0
3924.8180488389535,2,0.46070531174976137,9,1830,0
1499.8073337511778,3,0.05704311302829022,16,1493,0
2768.7436032330834,2,0.13887536482765436,0,1603,0
1736.7551596687963,1,0.181807058280276,4,2184,0
1848.6740694836988,4,0.06619411658149323,18,1228,0
437.7424672339027,1,0.09580912980194185,14,522,0
789.0157484219317,5,0.23562399218088428,16,2192,0
650.1680070799821,6,0.19044544616482928,5,350,0
333.98782707238774,4,0.26341113590259435,13,1900,0
210.2704955247039,3,0.14712636200410967,8,1301,0
717.9303088166464,0,0.4134279180723608,13,1095,0
842.2843571538501,5,0.16595461819453391,5,2958,0
1218.0872457338146,5,0.308569295622435,8,3489,0
1911.6802394426186,2,0.19722808680678816,10,2082,0
1323.615443270345,3,0.22369582223483148,19,1065,0
848.1765606806903,2,0.38391180678362036,11,3344,0
439.1643357851049,8,0.12037889356569355,3,3034,0
2636.134971607941,2,0.2571491800812388,15,1387,0
990.4682218743378,2,0.13056225161720858,9,2767,0
710.6714341014882,6,0.11062009132992436,10,1294,0
910.0920221014806,1,0.3230177168285491,9,2881,0
527.0290406628935,2,0.12660490751217818,20,2456,0
645.0488669176133,4,0.1351604689519485,13,3507,0
624.8687868838151,4,0.0965231080382154,2,2916,0
822.7583873011221,2,0.2605053710459866,18,1556,0
4117.078855380743,12,0.46199264651577676,8,998,1
3996.6316851330143,1,0.5735233975069041,14,584,1
5149.9248807063195,5,0.14850733111146777,21,947,0
3683.906776589939,4,0.03424060084548299,1,2577,0
7757.549469052883,4,0.1154499447210862,1,719,0
1918.230603930053,5,0.06792148161524678,16,1036,0
1887.6826079427556,5,0.22313034245837832,18,1122,0
673.5648116743829,0,0.22779840224351922,20,2768,0
2504.9270654230027,2,0.49741667043022875,0,468,0
569.0014997895763,3,0.15511678940056384,10,3137,0
252.0290794806444,4,0.06288649011054574,9,3457,0
5045.860041274928,2,0.31930183151185304,18,1086,0
314.44790085761093,5,0.30021230476636046,20,3544,0
1700.7962276432452,5,0.13384505365048138,8,59,0
454.7139896680347,4,0.712738844449718,4,2721,0
13201.551945835026,6,0.7813161220240148,12,898,1
3877.5158617992515,7,0.15304723292615574,3,2516,0
1861.5743015993673,1,0.32985909732766855,7,3275,0
3813.7365506258006,2,0.15801598762378102,6,713,0
4406.829885973282,5,0.384285834293759,18,512,1
10241.206161092114,3,0.19487132838192686,9,568,0
2312.6867745381187,6,0.24404407058523525,7,3499,0
445.61192074514616,9,0.33178000677760816,14,303,0
1175.6855564619013,4,0.3523495214507906,1,790,0
941.5222438477546,2,0.6016818269736638,11,345,0
853.6966684815878,2,0.19256354117706956,20,2561,0
209.1100716833562,4,0.028113238451836744,20,2178,0
1614.6355498186747,2,0.3732318533918428,3,74,0
274.306754203843,4,0.07413485816051348,21,511,0
87.7588506596201,2,0.12824553829411234,18,248,0
777.4243644542893,2,0.11792876137493075,20,3316,0
514.9688156053538,5,0.16131832312908925,3,563,0
463.34086251846355,2,0.2765774892831107,19,1418,0
49.249738090003184,5,0.009595749464103537,10,1811,0
468.32248261931306,4,0.1750277161041723,19,112,0
921.8275203265936,3,0.3956015234114106,5,2916,0
581.6367197100744,2,0.2901697423688189,8,3278,0
1615.4093584352993,2,0.13891813290520547,0,2654,0
4414.547642132293,4,0.5030230401923007,19,3249,0
1837.8789484165131,2,0.2913344749811285,21,2122,0
3060.68582025901,3,0.06502511131816442,5,575,0
3324.673290109074,3,0.1502865934374102,18,2317,0
395.8911235548247,3,0.16338379479792559,21,2899,0
1701.243431010965,1,0.017234117091158616,17,2847,0
2966.557158084116,3,0.1323888315499186,20,751,0
709.1304647544401,1,0.07469459101459616,5,749,0
497.38946448342,3,0.16157301792546253,17,884,0
4961.727653006259,4,0.3533885004409368,21,79,1
249.22874470941068,6,0.11982529759597002,18,1076,0
369.4426124404764,2,0.29633153463061873,19,230,0
562.979746032209,4,0.19162970662960319,22,2476,0
1720.747749006206,0,0.33344407153522015,21,2275,0
1365.0038410288696,1,0.2172438136001389,19,1106,0
3079.0330428587813,3,0.09383657012870279,6,699,0
436.21269005786854,2,0.09093947160024747,14,483,0
413.4460476702076,3,0.28899939581253026,11,1706,0
1851.797316254347,3,0.015809765896150733,23,830,0
493.40636085399063,2,0.23600708789719127,3,2943,0
599.7399139605786,3,0.34934884140291417,9,84,0
171.2689556165318,3,0.16007867805468892,18,1623,0
1466.8110967014145,5,0.038493258347069334,20,153,0
18034.23119141577,11,0.22601595167809987,10,868,1
391.78416305460183,3,0.21244321383890055,17,3593,0
3046.3627339916475,3,0.4946529631032438,5,3487,0
1033.3915294171234,3,0.36267205796451135,22,1274,0
187.65128278146193,3,0.19134146835956248,12,1867,0
448.2150521556083,4,0.11937092307742694,5,2602,0
421.3790004023882,4,0.34874965629691523,3,20,0
799.0889089517038,5,0.2185825002740129,8,2734,0
1668.2230357309472,2,0.22299626591797783,6,131,0
18373.651127924797,8,0.4109276105210521,9,797,1
262.1335757849343,3,0.17627433468721618,20,678,0
675.3442785084981,2,0.05319512049513135,16,3143,0
447.6533439620738,1,0.2682432293364187,12,2019,0
308.59216122185336,2,0.5571746991824017,13,2251,0
1206.4623596505776,5,0.1607190498255499,16,2141,0
1098.2573674491864,1,0.3008767665911354,4,3303,0
178.7874469244556,4,0.1272569095580695,1,1435,0
1116.7193654139483,3,0.16495563666149213,9,2190,0
328.52206581150097,5,0.17741705768862837,14,1080,0
1109.680837453553,0,0.4469335420363532,20,243,0
3902.983318713075,2,0.11056197533799567,22,842,0
1742.485743692216,4,0.14385729952940401,14,666,0
1309.6524745626537,3,0.18258413229284134,10,49,0
646.2809023289997,4,0.1111935444854189,16,1412,0
1172.4696918815152,3,0.2658222638754376,6,2259,0
1926.1032939368029,9,0.1307415194008739,3,3297,0
1744.4007096914886,2,0.20812283732706582,14,134,0
993.0502194061356,4,0.49605229897590536,11,3275,0
1362.908535195401,3,0.14780082282118126,6,874,0
293.95837625682384,4,0.16517502663608352,21,1433,0
526.1904530379833,5,0.08892983630756329,21,2000,0
2225.1058189453074,1,0.08757487808004803,21,818,0
2545.37419948867,0,0.3059362117318705,14,793,0
1204.2335564747527,6,0.2907838036940504,22,1179,0
4812.469949732676,1,0.06687730172640562,1,165,0
1822.600153826244,3,0.4378677478304014,21,1881,0
868.5911073501765,0,0.18283323729726733,1,1274,0
323.83924878935164,4,0.2164671223518499,6,1153,0
4622.695474716356,2,0.30921743311160327,13,3106,0
2369.223295870019,4,0.1597593582517239,9,250,0
6623.051026739363,4,0.1544057351391249,1,3611,0
9574.393361150369,4,0.0918688107836175,16,3328,0
302.79611560173004,5,0.15147669024881033,11,1774,0
303.5864021671902,2,0.2720170242964418,5,2412,0
62.60217910166379,3,0.31546772850539856,0,1743,0
2747.267710761144,4,0.1881491713481871,18,3053,0
2114.307653899895,3,0.160768571151328,14,373,0
1209.2782827809592,4,0.06207131315086076,15,491,0
321.7795774174507,3,0.27401681978885917,18,2296,0
1003.216192778445,3,0.19372829689954868,13,2283,0
1319.1006993247859,3,0.4152863396554392,1,3428,0
2398.804259276636,3,0.15284990684414035,23,1675,0
1440.8477209558491,2,0.2820370047860633,10,2039,0
2129.8382034382043,1,0.05362237589999496,17,2775,0
968.616853899784,2,0.2378495293314507,4,1487,0
3574.1472454209124,1,0.12640715683178524,1,3155,0
2062.6154191507285,4,0.1167507334784067,11,720,0
334.64388257109647,5,0.2810350787605618,0,454,0
4399.386452880768,1,0.27117016175187797,6,1202,0
3735.25557667243,9,0.24290635497053006,20,2322,0
2673.450684972335,10,0.7151854815959534,11,510,1
1452.029780248544,2,0.10241359540608869,7,1677,0
5759.532394466602,2,0.10048829057734238,1,159,0
214.15223352473814,2,0.13953716696301985,5,1718,0
3794.1835337434964,4,0.0723519711527784,21,3562,0
681.1573259531257,7,0.16225500723551659,13,1474,0
3278.6185746921687,3,0.30916737348014506,10,812,0
1236.9152372028261,3,0.30361229510047383,16,135,0
316.42111746161976,1,0.2546579535763864,22,3551,0
667.4604849626738,2,0.11889454559153408,13,1106,0
3046.4402997789066,1,0.4415206875524882,6,665,0
1396.1607503182038,6,0.6376037633013121,17,466,1
1393.77851511334,9,0.3507804440032716,3,421,1
585.1264292191444,4,0.2028117015436208,11,2445,0
2084.423135298226,1,0.17031068301774094,5,1135,0
6314.6968579453505,4,0.09191385514462011,21,2954,0
128.91027624265718,4,0.03358375603819289,18,1350,0
18046.092301715464,3,0.16825680249227842,16,1547,0
1344.4579894241162,4,0.34144686655995016,16,1117,0
4489.417349551673,4,0.6837561454458,11,575,1
708.9168578364996,2,0.06393561776043126,3,3256,0
1092.785123079025,1,0.4554974520349505,18,2402,0
1329.4399098831634,4,0.21293920806354488,14,2887,0
384.1004118749166,2,0.0876673483896198,0,3234,0
489.9574554596054,5,0.13422418557975513,23,480,0
3585.192834655288,4,0.2736766493124825,23,1709,0
232.2125589641617,6,0.12707951305881532,22,2109,0
1704.520474126266,1,0.054481129921817764,7,2489,0
757.0907221912163,2,0.1131019605883734,3,2875,0
419.59621270844985,4,0.15269757460280822,2,696,0
7878.807602871246,4,0.03651575993633742,18,92,0
422.2077277342585,3,0.11329904747827957,8,1322,0
354.2128488085724,5,0.2060966995684096,19,1760,0
909.6203334649048,3,0.013189982138126253,17,550,0
508.48787262773806,5,0.10039756338069417,19,3109,0
1103.6527695108723,1,0.19861972099684327,3,733,0
1281.003836286459,5,0.08325505576543284,17,480,0
1386.666668119515,2,0.18412014666829332,7,1488,0
968.849371807402,1,0.22248607403226453,4,797,0
543.3959788089765,6,0.2603073453924308,6,1471,0
2086.8333296572464,0,0.08526124217657577,15,1643,0
980.7398477269207,0,0.25619974486681535,0,3102,0
965.5295621652792,14,0.22819749618090204,3,251,1
4817.419542684226,2,0.04448151894761259,3,1743,0
971.3511492279432,4,0.06126872914997115,21,283,0
3268.1736841637958,6,0.052124728050415306,11,515,0
3739.9908620722026,5,0.1638083866017677,5,449,0
3974.573935976673,2,0.3031878051543771,2,3490,0
2188.9074304350215,2,0.22346074487896714,0,207,0
1095.9386647517472,1,0.46188409053548607,21,1085,0
1028.6045011718404,2,0.14610361192899854,6,1075,0
859.095319526587,5,0.30880359671488006,2,793,0
125.60026073993926,5,0.22613379850260937,23,3499,0
2250.2729652925914,4,0.20483658373466476,2,3631,0
1400.3333107652911,5,0.33354482702153804,5,1053,0
2503.6983712759193,2,0.2479821823433698,7,2090,0
975.5471065348225,2,0.024098396584679483,18,174,0
2132.0199911494547,2,0.12134169289678443,14,709,0
276.5780161269982,3,0.08869274272753609,15,3542,0
340.60872713865723,2,0.31704950413996863,17,1466,0
92.18416782729238,2,0.1674595922139713,12,3562,0
958.7696080635795,3,0.23331380849857053,4,955,0
506.4747204726677,3,0.08648147181212434,2,3048,0
444.35248154397755,1,0.2136069763755312,4,1501,0
1532.4949583207413,2,0.13505961978711398,3,483,0
716.582085891445,2,0.05536592219033196,5,1858,0
261.6241660533733,4,0.23154472078658442,10,2147,0
13971.38757630648,4,0.22705892149654852,21,2193,0
1056.7879803462192,4,0.3858011550827165,10,1226,0
371.2356169203444,3,0.042514435158226144,11,967,0
561.2489336318984,2,0.14615668919483946,6,495,0
922.2875312792002,1,0.11721291362461382,19,576,0
920.3500048447854,2,0.06941708760484999,22,96,0
4032.5905832524404,3,0.10481393125098547,20,1938,0
1012.8972243286522,4,0.22808122897539787,23,1770,0
7010.807541305903,6,0.29812462489374586,15,2251,0
1323.755451185361,8,0.6887869977912358,12,540,1
1679.8101167408045,2,0.12464435921349301,10,509,0
3047.205421471648,4,0.36251201303812625,12,2444,0
3623.3428020741962,1,0.29617623391424763,22,1881,0
4071.929388868338,5,0.13848066740140436,15,3410,0
2177.773688983762,6,0.8774083468373607,3,37,1
1090.629945269545,4,0.183872461013097,10,3393,0
91.88864223636449,5,0.13685470517426748,4,1136,0
901.4368239723482,3,0.16693385599557928,18,1917,0
3265.780873120305,3,0.08206938559491495,11,507,0
2688.762904078779,2,0.2658802175414243,7,3506,0
1005.7742068432474,2,0.1781116692176785,6,1689,0
5997.748590827899,4,0.5556438658056438,19,3573,0
746.9473611549521,2,0.044502697435860175,19,1633,0
535.8531641077252,4,0.29855941550473686,5,3334,0
686.6593136446077,4,0.2890022930756423,7,1821,0
356.9283192354024,2,0.2507329247795786,23,727,0
2043.4504021987289,5,0.045036228073795884,21,942,0
1463.3473729243262,2,0.24187336346910232,1,285,0
2018.2366152080237,2,0.22123719704622116,18,2523,0
724.6065718676223,2,0.21379189185271694,18,2644,0
1034.7623032836566,2,0.10969766127004789,17,724,0
124.16126894107614,3,0.15175818553940673,13,213,0
1597.5485089188078,4,0.30992571236409105,13,2955,0
1210.5637692236246,6,0.5267106937837198,16,615,0
364.8449024590072,4,0.18122824188242453,22,365,0
987.6639101006957,3,0.0329264082282338,10,1289,0
847.3812385491431,3,0.09467563355050383,21,3649,0
6401.655674346087,5,0.021039746618866515,0,2801,0
747.1815627331798,9,0.6153673220359082,5,222,1
1527.558791277871,2,0.2435047462268296,22,1436,0
368.4229678552099,3,0.16494533375902876,0,3431,0
627.7403062915711,3,0.3818665750597895,1,3363,0
1446.3796985506417,3,0.04013375766479903,20,1431,0
887.702806079718,2,0.2681297928916311,14,2477,0
1090.0830268959264,4,0.08594007919547424,0,1470,0
1529.5396828432033,1,0.4024469756837642,3,890,0
669.3522333365445,4,0.42529015870153714,15,3170,0
2654.8582298103242,3,0.18846699652925153,3,1061,0
807.9662248849047,4,0.28345441042911124,19,86,0
994.7033365169235,2,0.20834671450403366,0,2324,0
1573.8990242299917,1,0.4425706864125208,0,918,0
1376.088318190265,0,0.07142468143484101,0,1552,0
2088.5554307904235,4,0.13185883342597635,5,302,0
1505.6265479573003,3,0.23600067551078605,22,2786,0
1752.9067019238903,3,0.06964781478373767,19,3548,0
792.052348194115,4,0.26991095600131093,4,1024,0
376.6170549775621,2,0.037688156383479034,17,2273,0
263.0544637518214,3,0.09761220359304441,20,1173,0
206.2914247576938,0,0.3543634160830768,6,1747,0
6391.515698317924,5,0.2950535257135031,8,1634,0
119.96818577687485,2,0.42282669790422284,7,1420,0
3618.1694458408933,3,0.11655010134250247,8,626,0
482.57241320639594,5,0.29808043850955984,22,3171,0
3591.9157423584215,2,0.2737613573975049,8,1811,0
121.20216931147307,4,0.43039531851627466,3,82,0
866.8848018523215,1,0.2729254680518386,2,3474,0
4693.9250215263555,1,0.11063048382553338,11,1541,0
2237.7128261893463,3,0.13275262146810202,14,580,0
782.688305374078,2,0.13903259426398878,9,1597,0
157.1220196123057,4,0.17750768219177346,13,1942,0
292.2213251053154,5,0.12444981276831607,12,303,0
4399.064116818945,3,0.08070244953315074,13,1078,0
774.1446935941827,2,0.17136529932509187,10,1914,0
1020.6305449296691,3,0.17574957530302907,12,1946,0
1456.1264968720639,4,0.09007196273828119,4,2545,0
298.0201456022155,3,0.30860455539101556,4,463,0
1647.9546301475489,3,0.14390200797135166,19,2449,0
720.8164438245389,3,0.1205936025021054,20,2494,0
1471.0074505957737,2,0.20493106542887674,14,2927,0
615.2010220150951,1,0.12349888921449395,3,602,0
227.43942516798316,7,0.058234249750610645,13,1239,0
715.246664266144,7,0.13928104043746806,5,842,0
2081.361689904862,3,0.12797250802690224,22,3378,0
1626.2956319960313,3,0.301568894592574,7,3198,0
1131.083008514254,5,0.15407900401588687,16,3607,0
2692.2481121986025,3,0.38511960016982927,20,2542,0
1217.6887865286492,9,0.5064897394934964,10,371,1
1160.1172006214615,0,0.27796469950335123,10,1410,0
678.7365941805945,5,0.22151925369370454,19,3255,0
2854.402952500876,3,0.16108164684274737,20,3546,0
1467.8126049492582,2,0.20094160618294962,21,2013,0
628.3151613243812,6,0.496111871496983,22,2639,0
247.39104267747368,5,0.09433094322832843,4,2358,0
3310.8534496128023,2,0.07902129770150854,2,1159,0
521.0963454865046,2,0.3710782541866982,9,3611,0
1178.578526204672,3,0.17618260539862945,17,339,0
11528.755632886867,4,0.10156901169477262,17,789,0
2444.2889502835387,2,0.2255272082670155,12,3187,0
5492.559234560393,3,0.19983038347852303,16,3205,0
640.2605401250509,4,0.23628587707924112,16,2264,0
3200.224993612981,1,0.09424352174890949,4,2150,0
1126.2727324924642,3,0.07401462651437814,18,2340,0
1581.3226890335952,4,0.43339254657960685,11,3073,0
8273.738264574507,3,0.3353811651435305,10,2829,0
829.9406364225234,2,0.09393738895242812,10,3122,0
1117.9528213524254,2,0.2841343499364269,16,1507,0
444.42679400659136,3,0.1389247189606449,6,328,0
2666.3574150378117,5,0.4689350270350556,17,1539,0
626.0142295256269,0,0.21202856098044529,6,1520,0
3049.431368976483,2,0.20194730647179596,19,2512,0
210.62657066776387,0,0.26594077050009607,15,2204,0
1898.1558182714477,5,0.22663462719499672,2,3158,0
576.114654556502,1,0.04559716764590507,19,140,0
2276.7804469133184,0,0.24328046849374416,4,3626,0
1081.8640744324678,1,0.09894507991395939,21,519,0
642.0467273860244,4,0.1276810885060667,9,415,0
745.0418439096773,3,0.19504420338767126,0,1789,0
468.5354191249561,2,0.21261452832947136,3,423,0
2534.591490533004,3,0.021434336415476964,7,1696,0
384.276617210749,2,0.22216236052720212,15,1376,0
839.5964512875796,5,0.275561634292953,17,2475,0
1548.805983304991,3,0.10794917628347775,17,879,0
5505.454050709976,4,0.13958191306949871,13,2412,0
1086.4832673896603,5,0.24594223896213527,16,2980,0
860.4791742674906,3,0.12789578895958026,21,3274,0
1441.7816217023867,1,0.029857158471756892,3,1045,0
280.7948943889069,11,0.4993449927500877,22,336,1
330.7471874178854,6,0.015909098382329845,23,472,0
753.4280314191058,5,0.06629180803404287,3,1187,0
537.5548757812887,1,0.2962959083588655,7,2494,0
221.221997466888,3,0.12747034732492957,2,359,0
2585.7700937077584,5,0.10505452359294616,16,1473,0
1898.499340590284,9,0.530028463454376,14,349,1
1261.7630239291168,2,0.13463478685572114,7,1234,0
547.8540113692211,1,0.18732877882431606,11,256,0
1187.2475984740101,0,0.1272220819734181,2,1501,0
1834.357310151669,2,0.06400763715621514,6,3185,0
841.4309430037271,4,0.20695837265089773,3,1757,0
4480.4392585548785,12,0.8266835514393339,6,310,1
494.6940636065409,3,0.2887771187219164,1,3018,0
1208.9231854516115,0,0.27585805228561655,15,3144,0
3437.494984523661,6,0.26707168922723484,4,2821,0
3759.4190015351114,5,0.2663251600929448,5,156,0
4136.43177445295,0,0.21409606262715478,0,535,0
1459.0902666141112,5,0.15065180350294605,2,155,0
1131.8559011514749,5,0.1929257617511194,17,1333,0
700.0915301416242,2,0.26945027789591464,21,1548,0
179.92052821558306,2,0.24000844923240044,10,3074,0
285.74514255548695,3,0.42244845911386963,16,2585,0
926.9920857424413,0,0.08315406998249272,18,1341,0
984.084286967906,3,0.04582180880194425,20,2035,0
13506.846245195133,3,0.6550975598531892,1,696,1
4083.865026402372,3,0.3101217938302474,4,195,0
551.9811286770347,3,0.2003775478601365,6,653,0
2485.7400849318533,1,0.11413797641230243,3,1566,0
680.570308356007,3,0.02557148759150762,19,143,0
2170.2905747914065,2,0.2150730536210819,17,1737,0
2455.333136341566,2,0.17751391177842044,0,2474,0
3797.479408787306,3,0.14815346645469457,10,2999,0
670.0528870848716,3,0.07996870616568238,14,75,0
3023.903081994781,2,0.3333759374871174,22,2329,0
168.54216634863067,5,0.513858247407744,15,3400,0
4008.6735559970116,1,0.31034267916786534,19,1938,0
1069.5393034129952,3,0.053340613755056124,16,2842,0
1092.5525232486978,4,0.2500180100270747,7,2515,0
142.9598032097447,8,0.3707702720309551,23,2479,0
743.4742358311737,1,0.3883948427417312,20,2127,0
4253.42321309815,3,0.1516972717969712,4,244,0
715.7264982471467,1,0.1470015246086008,2,1906,0
2238.27948121661,4,0.44728473846093286,18,2842,0
1675.7456101510622,8,0.4487980824457399,0,668,1
3173.750020885847,0,0.2847299512564412,18,1293,0
1328.0951349102274,3,0.2978025660599799,8,317,0
431.8975765879302,4,0.19695093407701955,6,3509,0
1160.3195030611712,4,0.15476191960883465,23,3152,0
5438.273421404388,3,0.2369731480436456,8,1324,0
1803.7896251216634,3,0.09605836262050388,15,1681,0
976.0889237929017,4,0.06138527743224617,9,106,0
10464.49962017293,3,0.17558113212742874,14,1973,0
3495.444060595005,1,0.31932473011034035,16,3005,0
2481.7864321802854,2,0.43513975643860936,11,2579,0
1506.1958784055023,2,0.17028891159372578,0,3160,0
2276.2254250759306,4,0.3087797817099339,0,1722,0
2351.3198156860694,8,0.04686531296844551,12,222,0
123.61657703638356,5,0.05432474119810716,11,1595,0
5252.567306888004,3,0.16144094960826047,0,342,1
933.7363712873785,3,0.290699586448741,16,2944,0
665.2904597433005,1,0.46901117956143107,10,1177,0
901.9532775137365,0,0.06656698297942201,14,1982,0
231.4008095353928,5,0.29423130200883124,21,3507,0
180.43848204092362,2,0.39141543668410317,13,3580,0
3814.2617687155957,4,0.381307318841002,1,1984,0
1740.9005568169503,4,0.04991516055037396,11,3306,0
98.19819877588053,2,0.13973804459549607,8,2169,0
616.2270347879102,2,0.18462761113582843,19,2035,0
2645.3316749742057,5,0.1720899332438021,4,621,0
828.8055983757238,2,0.23123747289730656,10,3063,0
3808.554324776289,3,0.3004649184621234,11,3584,0
3133.01725762801,2,0.32528991962364745,17,2288,0
282.38991428393075,0,0.1216218323834051,4,3262,0
950.2032424664417,3,0.07809992972630121,12,1600,0
700.5814094248502,4,0.3086372531983915,6,3127,0
273.35237277218687,1,0.21609305119776157,21,934,0
256.1403855285922,3,0.213907939925037,23,3558,0
489.7908453514063,3,0.053278763725703,2,3255,0
577.7114892386189,3,0.4911943785507186,19,3532,0
1455.6819693350853,4,0.08266466170334975,17,1613,0
3115.713547520832,5,0.0780063996400187,23,2313,0
1832.882156502134,4,0.19738829640779873,3,1819,0
2322.4367582404025,2,0.03488139407181479,6,3454,0
839.9834409847266,3,0.2367642431811655,22,542,0
6920.242699269141,9,0.7042918227423253,13,15,1
945.4159774428495,4,0.12103858169563013,20,44,0
705.2325571723289,2,0.3389862225063326,12,276,0
7310.748554193546,3,0.10704101731308018,8,1226,0
106.64697102678669,4,0.2868621588292139,8,2252,0
168.45955691800398,4,0.12718924317837862,18,1150,0
1607.9249152197438,3,0.2560533416035509,23,166,0
841.3583351654079,2,0.3165167101416016,1,2084,0
260.60755363756317,6,0.16229590590434326,7,3612,0
381.9879443579664,3,0.24937770387299704,15,2400,0
435.1079682383426,2,0.17352083252914896,9,2041,0
2676.690807252686,2,0.19492988729410776,21,376,0
3686.4176210448863,3,0.11919317029707883,0,305,0
5650.857402209168,1,0.34271794277066336,0,2386,0
223.85281898401024,4,0.22990606121954185,7,3624,0
279.46483409510455,3,0.26610653485753893,9,1750,0
515.2374942446148,12,0.6789245954979206,16,5,1
3979.283296354686,3,0.2906680223382362,5,813,0
1664.4074520526838,4,0.3475143094404776,14,2077,0
1188.2052049786296,5,0.1592355168956023,11,2632,0
1379.710114112055,3,0.1614188538149351,5,3234,0
1036.1028799512412,7,0.16943197525638953,18,3429,0
357.4008398438697,5,0.21624103076729226,4,2688,0
1832.016936095401,2,0.15421286477450033,8,1684,0
910.3794533908138,5,0.26788649476378007,23,2637,0
330.1933812187878,2,0.06876918353891481,8,2768,0
1947.4681929363614,4,0.12935427084431617,6,167,0
716.3811543005515,4,0.19899576393283203,11,3649,0
1376.753522693061,3,0.1596591847719891,6,2935,0
967.7955329772288,1,0.008559409171733836,6,3513,0
2674.128394023614,3,0.2522530399456189,6,3418,0
1366.7117813576426,1,0.20602912878333893,19,1574,0
453.184725599776,3,0.451496854063963,5,2284,0
1513.2322780800355,5,0.05924559074436948,3,21,0
3307.5043779590983,6,0.6021352272779693,15,483,1
1828.649461205925,2,0.10821541618380155,17,1452,0
3089.8389683521095,7,0.29528015113756756,0,2436,0
592.3023405017116,3,0.21365174801446923,4,2070,0
2138.661975083646,6,0.09779106726089613,19,3151,0
195.42618976134034,1,0.18273677873513763,12,3265,0
972.6411289548754,0,0.024050167597721248,4,1157,0
833.2553311543114,5,0.158254516783498,20,3084,0
4665.009828693424,3,0.16149861304683336,0,1994,0
937.9199188708488,3,0.16248701703891552,11,3079,0
2014.222971996525,3,0.06210977528779922,17,3329,0
188.33482769817806,3,0.37656448516671626,4,390,0
771.4269914012718,4,0.12225669269294936,16,1517,0
470.42668936305074,5,0.5715277188817683,0,2592,0
13036.535573396624,10,0.06565564707616295,21,3005,0
562.9569967404586,2,0.502149411488127,13,2507,0
1180.0110391896922,1,0.0831166353335294,20,1628,0
1244.6078785172451,2,0.07559903044939872,13,2603,0
223.7482887460444,3,0.15523676756261104,3,3044,0
648.0478845009333,4,0.41214623534423456,21,901,0
1643.80098452941,5,0.22009404223856743,5,3106,0
1194.7858881802586,3,0.18205479861015308,21,3014,0
109.90199652555036,7,0.12135628761299341,21,3594,0
622.0425852921052,0,0.0917904554647426,15,1015,0
3043.6771779835813,3,0.23163602291797447,2,947,0
1974.8010287293307,4,0.28347498255049614,1,658,0
3707.2044417735606,3,0.15723906860576323,22,2695,0
409.26082330181396,2,0.09624738101435477,12,3586,0
3947.862354296545,4,0.1583103601996886,4,1337,0
1049.001409137879,2,0.17396962262787866,3,3084,0
5389.57871808802,3,0.21794060562363304,4,1946,0
1100.2629042396009,4,0.08582669526473932,2,1662,0
141.53181138894914,3,0.2817229808186523,23,1312,0
2563.822457522709,7,0.16046921532497263,20,1685,0
703.7944379876125,6,0.12230882554863648,4,899,0
752.778018832191,4,0.07476143752427465,4,457,0
256.4422694556195,2,0.6878310037905554,7,2353,0
5553.588081423621,2,0.4715235885681009,19,3120,0
651.2534080845537,7,0.18773074309003748,11,2955,0
5297.74096104941,5,0.2143694167804543,5,2046,0
712.4835601530082,5,0.14471264536876163,7,1966,0
433.6573897713027,2,0.009313609421747726,3,1671,0
4103.227647269095,5,0.06216111668119399,4,1452,0
1019.0898978800474,2,0.33529783332246965,11,2029,0
1029.0877329981718,0,0.018549542121668233,0,2773,0
304.4095685776012,4,0.27464189123811394,4,1093,0
693.9338544014665,1,0.3848514553216913,7,758,0
1683.6104160185655,3,0.0724028482396546,18,1851,0
299.11257460934905,1,0.2695142543734318,23,1218,0
639.644341722793,0,0.16523202288846808,23,813,0
720.2177253323895,5,0.4994828871658547,19,2355,0
1171.96933452548,8,0.05575277241384764,13,3115,0
4815.3289788080965,2,0.2994140445299365,9,270,0
812.4439010974207,4,0.26268228260522525,5,596,0
549.7696309073634,3,0.05067435314735516,10,1680,0
17092.082644476643,3,0.4500817754579878,19,2288,0
711.1011232452723,1,0.12684777139529357,12,2019,0
906.2741361712682,4,0.08430210493980113,7,2262,0
766.7445007465702,3,0.022742248370252037,8,3073,0
831.4996676140859,3,0.11293178815155086,9,1053,0
1185.304358273742,2,0.14094603107016562,21,1228,0
2753.963642771062,3,0.19637873280360152,8,3524,0
6252.186845273815,10,0.48086355764949607,16,482,1
3219.867740662357,6,0.19482822476997094,21,2453,0
3115.137821195833,1,0.20057732079581525,7,271,0
1350.9348396742503,2,0.056822735838740826,2,2162,0
5670.949307183601,10,0.28098225917429914,22,837,1
3323.376875868269,1,0.12051673915526455,1,2736,0
360.9682744270764,5,0.02283527858667776,5,1107,0
13335.85034168284,3,0.1496288542328553,7,2819,0
656.8231928937694,4,0.1315761549620756,0,2108,0
772.0390089151441,1,0.20996348987737212,15,12,0
326.3919713886659,4,0.21763490856376827,6,576,0
336.2480703103492,1,0.1429564628296382,1,1895,0
2904.550920563644,4,0.23701465586971263,3,2305,0
10616.803678925806,2,0.16146982640503574,12,2999,0
621.8879234920338,3,0.10099302585045183,18,67,0
1552.0261163202513,6,0.2797867447921999,22,297,0
3993.3095708919977,10,0.333392307991829,11,541,1
2981.6871064852685,5,0.2732010061983162,14,1935,0
10084.092533322026,2,0.11095217422772304,10,920,0
5018.936903168089,5,0.30629990910492944,10,3086,0
863.7995322460794,3,0.0629164766360867,13,1013,0
3004.504536042665,7,0.5002360497093207,16,31,1
2055.0549017268054,3,0.34581012376269854,15,1009,0
1074.8209503036367,4,0.03570985259802434,19,1639,0
366.52394978970335,2,0.0654993218665778,13,2907,0
493.3524273539832,0,0.2549720725529208,15,863,0
3456.9869014780584,1,0.12905305777326848,17,1435,0
3832.6356157034493,5,0.12789596526693534,10,235,0
891.0785965181515,3,0.10124272961897773,7,133,0
1423.7583706761247,3,0.027283422376811185,3,2992,0
3631.001633642851,3,0.1284046760162387,10,779,0
199.48342057049257,2,0.21139139856299075,9,3552,0
701.7993725995224,2,0.25906104193370044,4,2183,0
8249.198981659027,5,0.10494048952674076,12,2111,0
1479.2754945705492,3,0.23718801085101243,20,1719,0
354.5267903377452,3,0.13791950541997694,14,3324,0
1233.0946862102028,2,0.10975301498818375,0,1543,0
3045.5463589286696,3,0.07200476173772541,11,1800,0
85.92433321904674,2,0.22678585109779842,0,245,0
1308.0409216476419,6,0.14580639556573272,21,787,0
755.6553949003566,5,0.23655030275667102,22,772,0
212.30031948071112,3,0.12065526558720481,23,146,0
1190.2602445921123,2,0.2865950687443459,23,2094,0
956.7286110726932,2,0.20677971772923712,11,2588,0
1070.5306593156295,3,0.08397953946387195,17,1837,0
774.1296606312792,3,0.012983554254749246,3,1819,0
394.9117996908459,2,0.1434875443093272,21,1700,0
256.0050488618672,1,0.19443889616134657,3,3234,0
549.6655815344308,7,0.13167653397227916,8,69,0
2589.582938383458,3,0.16490280053270975,13,713,0
1384.4667047200858,4,0.12615640893574273,20,1350,0
1023.3395947610388,2,0.09205389607652337,0,3205,0
862.222042238253,10,0.43553367930687414,19,542,1
754.5224760884024,3,0.27899200892775705,4,2885,0
2291.9483859389225,6,0.029889677284690018,7,2002,0
1816.7123809267935,5,0.17009274378727157,18,3457,0
680.481836428798,3,0.21068084423913577,4,3359,0
108.73970387813478,13,0.647173266334343,2,784,1
558.4428970367385,4,0.19211647329138543,4,1077,0
676.7524051026825,3,0.2382907316411019,3,1467,0
442.70076257758956,3,0.10402236090730493,6,2200,0
725.4732618536325,3,0.2907744247408869,23,2878,0
2481.330353504867,1,0.04335751382600129,17,1019,0
2404.0631020901756,2,0.5969434662492733,15,143,1
2950.400042906685,4,0.012392371816375983,7,3626,0
242.65190202029737,2,0.3420332382924981,18,3373,0
808.3021543691108,1,0.2546063624600415,14,1030,0
157.74469775409833,2,0.2647266735303109,13,2822,0
715.8155128648874,3,0.12137536476319347,2,2067,0
385.4234286855748,4,0.42767206993004536,14,1674,0
3949.1388972303466,1,0.046608305423054656,18,3124,0
1651.9505262526159,5,0.03802066169245986,11,3401,0
3025.493493761942,3,0.0650408183877747,0,3301,0
713.8352366580652,3,0.08180066437351934,4,1922,0
395.5518596494512,3,0.16886851296334296,0,1419,0
383.1540031894111,3,0.2653746086931938,22,953,0
1430.0136673144866,1,0.0593115331490556,16,3064,0
6702.001513956296,6,0.04890086004572002,21,116,0
1656.3676017110595,5,0.35242340116710213,16,2357,0
753.8792963015895,2,0.15757039079122023,4,1369,0
907.9861678804454,3,0.08698477967304168,10,1241,0
1062.8398072419845,1,0.35844576319078103,17,3422,0
8321.872430004521,1,0.14538948299219287,9,1529,0
3765.3969483112373,2,0.30336680936481497,6,3047,0
1422.1982317811876,1,0.30003925705423307,8,1710,0
1223.8194791075298,3,0.1395549778005001,18,1896,0
1479.3430607888788,1,0.17568083273687826,20,2606,0
1797.7221482151765,4,0.08070540036598699,17,212,0
725.4571784087585,8,0.5417119177780173,9,2832,0
471.5009196851519,5,0.20744518495750827,15,2334,0
3078.569316913158,5,0.2410181527075348,22,1429,0
1121.0070707296018,5,0.08974531160132367,17,3169,0
2831.970210352525,3,0.19103863676388633,12,2586,0
5688.254698946991,1,0.2641636536191303,19,685,0
1845.7015610684607,4,0.01735368322415594,9,194,0
1569.5566651335066,5,0.06345428856228266,12,1493,0
26909.72381860065,1,0.12564897624167423,12,146,0
1348.8668225994843,0,0.17821108692249202,2,3482,0
368.50459910188965,3,0.3004991483592396,22,1357,0
827.8026394555843,4,0.5200565440791415,12,1578,0
5175.4662554449515,2,0.2634559744395767,3,1627,0
300.61568343288207,1,0.16380942922757818,17,2880,0
516.7402837884431,5,0.15617258344322693,10,2236,0
3315.7091654441865,7,0.21002427314092492,8,664,0
835.7916482877868,2,0.21449898834074943,10,1510,0
982.1599854158278,1,0.20910278132120846,22,1856,0
3207.9032839286174,1,0.18977619843602103,8,181,0
535.4881840327484,7,0.3005332550843669,11,1038,0
252.49654071373394,3,0.2404739841266954,6,920,0
273.44869820190223,3,0.12097858349431073,7,810,0
2627.710844792351,2,0.7598103646372989,0,262,1
5063.576139339492,7,0.35539631379529857,21,487,1
548.6350611682747,3,0.04001055301223718,9,2966,0
344.19500755819655,5,0.33372541130977623,11,3648,0
836.6676132663578,2,0.12050074501503205,17,3495,0
3349.3356316821646,2,0.18128817387569782,1,1893,0
475.4121186921664,1,0.05541892693734923,21,3367,0
565.2770574067818,3,0.17962022942411557,7,1379,0
333.44516620222214,4,0.19036854040601048,20,1662,0
1848.3095566920895,7,0.27337499802794496,4,620,1
1537.7552324002666,4,0.07342066616472048,9,3244,0
9092.172495702713,2,0.11544884268842098,21,2002,0
1363.4608824746429,2,0.07824245803455321,0,2056,0
1039.3199611627194,1,0.08854445365972892,7,1838,0
2599.1418347921467,3,0.07199799800015173,22,2095,0
2200.006407473772,2,0.16066662711461938,11,585,0
2104.400609626834,5,0.4310838662076841,13,49,1
10960.575556803607,7,0.23124739188254637,9,1628,0
1070.2169326551805,4,0.2280278491970056,11,2989,0
1389.0499737873802,0,0.3154866656426072,11,3004,0
1903.3077780271951,2,0.010443994134222393,1,801,0
1549.7863591591854,2,0.18865310804444788,12,1518,0
5041.191132089607,1,0.33541977011532015,4,265,0
607.9491604992063,5,0.04780971285476903,8,645,0
2400.3797880866236,8,0.18035952690389964,11,1971,0
1292.803565053657,8,0.37311583503369433,4,224,0
2929.898896522736,2,0.1043618777857429,1,430,0
884.4929562520463,3,0.4758862018656298,18,2764,0
772.4634114619342,1,0.07196915399580178,12,1597,0
2280.3255285253235,1,0.08571874127452281,9,2214,0
1568.6854538696698,7,0.2332596858961565,3,2542,0
482.8498316117917,6,0.19380190181615145,19,1116,0
4211.660581908072,4,0.46855701742720735,4,1359,0
2281.3197109953844,0,0.28798355773282325,10,1421,0
1018.2042439028052,3,0.1629419096762303,16,3346,0
686.6116772739164,2,0.1852108553557977,23,1208,0
2599.9730581878857,11,0.3612651422470069,8,444,1
2122.7872060780105,2,0.22768925248307306,23,1094,0
222.72212673740148,2,0.07385097027625263,9,712,0
1596.6786749001055,5,0.2385116556409931,22,127,0
2106.0189745549847,5,0.6465050293817903,9,1497,0
104.3292120561122,2,0.30966994563625627,12,1633,0
1334.336787153992,4,0.08950174035024473,23,214,0
2196.4751159479656,3,0.19036219011803035,3,3138,0
1960.3500128469411,2,0.4984989440723209,12,2781,0
2446.5847581405287,2,0.12755884895718125,13,3571,0
790.3164287460382,7,0.05595246073758054,9,2440,0
387.6463928015678,3,0.12234510809497988,9,388,0
181.31859335426202,1,0.10876772988439472,15,2412,0
3268.9471532627044,6,0.23670130337493173,1,636,0
2215.128055764462,3,0.07407263286579684,5,306,0
3528.0088683510494,3,0.10635015669909197,11,1548,0
531.0513076529204,2,0.16687061113074106,14,2596,0
2449.9831418201475,3,0.1251473932428565,17,495,0
244.03680352633467,2,0.072676852201199,3,2184,0
459.66889705058793,1,0.19125223678178396,15,2270,0
1243.8630968853342,4,0.36236472861977526,7,2754,0
2128.5741679343237,1,0.25810329366983675,19,2539,0
5878.23865704177,3,0.224180293763063,14,2047,0
862.5869320435487,0,0.3576788489847239,22,2552,0
461.3930478946254,3,0.26957817101512477,3,2224,0
438.27699631589326,6,0.13988745984010306,18,3403,0
551.2310528789517,1,0.25545085062460143,2,23,0
10107.437282754732,0,0.41043698658771754,14,575,0
2337.5848994754174,11,0.1860113130681567,17,3263,0
3336.013633872287,3,0.10159644646659526,15,2861,0
863.5177150857309,0,0.019188585306930427,19,1104,0
1094.826648232256,2,0.21522085821509504,14,2260,0
2206.7243622558203,2,0.29639055618574983,23,899,0
661.2958004531074,2,0.11544621585660703,5,2732,0
819.4981276654448,3,0.1315070554183019,17,1690,0
558.5229354001466,4,0.19344103452658556,3,1004,0
700.9995886591355,2,0.2643859719201166,7,2896,0
2950.3004175558435,11,0.512621142623638,14,624,1
482.1666850314119,4,0.31297537185913155,15,2599,0
1459.6894390982734,3,0.20498378587351632,23,2318,0
1457.6513361846091,2,0.34142668057009345,17,2586,0
916.6735005808413,2,0.03130726332159133,6,1016,0
479.4023118815342,5,0.2193685236839932,14,2396,0
3579.75690314969,5,0.6275687051383252,19,614,1
661.8873908743558,1,0.24016111580324984,16,1323,0
1148.9389773771063,2,0.25545405123854353,11,3648,0
3288.304848646802,2,0.4298697445868315,20,494,0
313.2682595989369,5,0.20858056616712076,14,3102,0
9638.16808522775,4,0.3603743177492613,15,3464,0
1019.9168753599158,4,0.33424423273484627,11,2670,0
1655.4684082602098,0,0.07670696673153612,20,1903,0
516.5901997241733,2,0.20717759505863304,7,3298,0
3436.5094812478064,3,0.4712541029394113,23,1913,0
967.1692737518581,6,0.060092767187800177,21,3207,0
739.4315314228227,0,0.08223426864860724,12,3560,0
616.7630896184039,3,0.22430163938266706,8,2756,0
838.4106147511471,4,0.27038405307950425,16,1445,0
1666.2774124706957,2,0.19334862853046897,2,2036,0
1303.503203038459,3,0.19115005788334627,2,3585,0
1053.7813575098057,2,0.16458344001327296,8,3366,0
538.3875112675125,4,0.08169808918385707,5,1196,0
508.17533012583164,3,0.012583066086986143,15,981,0
691.6815884455993,3,0.3163306853850703,21,2424,0
1737.6270762258548,4,0.024606869014802205,11,1812,0
2126.5577588140272,3,0.19423459597708367,9,3373,0
2433.3986897231543,3,0.06942724552003002,5,921,0
1095.0256936120359,3,0.21297555372220195,15,376,0
1609.3118446418582,3,0.12338698085673977,23,1469,0
926.6253170357218,3,0.3709217531332079,15,1793,0
192.03967841179286,3,0.33119382618466253,13,2776,0
883.6607397925457,9,0.3290482005538985,3,3319,0
753.4580738462568,4,0.3581019957362898,22,1578,0
387.98038940330173,4,0.2341636783371815,17,1670,0
621.7921197438314,2,0.3164622632729004,15,330,0
1255.2517314631225,3,0.04996184674041744,14,3176,0
353.100674909129,3,0.2620309908268275,0,482,0
538.7300058318307,1,0.17961703019898564,4,2433,0
5155.926019631967,2,0.257423752827057,17,667,0
220.80802837141295,5,0.1042519392448546,22,2889,0
913.0748323620878,3,0.0653514006334946,9,1210,0
341.61713929498006,4,0.32564509829907146,0,1508,0
517.1656359305126,7,0.2078475663866733,14,786,0
899.8812141914344,4,0.1199345072133383,9,2032,0
408.47220786003095,2,0.05286308866765423,14,1900,0
1946.7772953965955,4,0.2571241934665815,23,1158,0
4235.050874031872,5,0.175354705904169,21,1003,0
2544.4712220556353,0,0.050854338393802996,23,2446,0
3055.2390512341453,2,0.16774476869437788,0,1519,0
994.0774022417705,2,0.5239902135067017,18,602,1
859.9970664876523,4,0.38466091458021684,14,2012,0
1750.087502950351,0,0.37219839137006305,2,2162,0
2620.6847409450634,4,0.14259093504245032,1,3403,0
6331.8833125028805,0,0.37083578862680533,11,393,0
3194.032779723842,4,0.19472130230413826,3,1972,0
2687.8277639372354,2,0.2169968238707362,9,2084,0
15269.239303076669,2,0.48716342370413485,10,2105,0
1207.5020480190226,1,0.13768090834941057,6,587,0
821.3436212327628,4,0.243225275846842,18,1943,0
1309.4440066009124,3,0.15762292768774974,9,201,0
439.1966419414096,7,0.557324958886354,3,2798,0
1173.3683060445544,3,0.056399143785220186,8,3244,0
195.02891043635967,1,0.21566796767057206,0,502,0
645.7942557043067,5,0.21425918023371202,20,1568,0
977.1753539106704,3,0.11923396686685601,11,3344,0
2834.5409789140954,5,0.43283485651964443,17,1285,0
3331.208880876815,3,0.11019781527801654,3,371,0
418.3769980455497,3,0.032583895034847855,7,2898,0
8743.21660860835,2,0.10360136034589078,11,1651,0
1272.0352788233802,3,0.5144352765257337,7,1030,0
1394.1566591482567,0,0.14046726793801173,1,2530,0
217.5234182856744,6,0.416920168344299,3,2212,0
589.8938526079831,3,0.1425669935025994,20,1753,0
3133.24288139207,4,0.282118060635543,4,1295,0
1299.5566706523603,3,0.026807508076427893,5,100,0
1221.4753693788612,3,0.06500927918611354,17,129,0
1376.3249836363675,3,0.16084192665249125,9,1971,0
258.991617138197,3,0.34824303116482336,0,2590,0
995.6456752979071,4,0.3982205203457268,6,1896,0
4484.267124793762,4,0.09682043953453472,7,801,0
3250.966520599311,4,0.07216922858134005,15,1828,0
967.5823696647371,3,0.1863705272143375,18,3526,0
7601.776606090969,6,0.22355511757069046,3,129,1
311.3449598799527,1,0.4992881799185016,14,3418,0
415.00988330659703,2,0.44292105839195867,7,1495,0
7070.04679130033,1,0.266401158066718,7,1954,0
1954.663076748994,3,0.24074792810382048,7,60,0
821.4841619780037,0,0.18342714106541583,8,2292,0
1037.6163952082395,3,0.032587014574388076,23,676,0
489.4923760490237,0,0.05395943149415573,15,2276,0
1446.0523448297236,6,0.09351761815470364,20,2173,0
1335.9373326688833,1,0.26230767456535337,14,3261,0
1118.6576401187742,4,0.03190300453236506,6,937,0
343.86315905536935,3,0.15627375863805162,21,2824,0
1429.037058936218,4,0.26189051405405456,15,341,0
645.7991664366377,2,0.15763978828374867,17,2817,0
409.1258209876522,7,0.25423977562538497,20,1897,0
3892.249283699867,4,0.3357993614230894,9,71,0
9601.94880941993,1,0.4696784785087347,17,970,0
7651.217992243592,2,0.1926451355059649,0,3,0
2100.9034884059606,3,0.19769307549869064,17,1216,0
840.8513755914073,4,0.15342687562607463,17,76,0
1022.1304631840435,3,0.023689605699693462,23,229,0
1645.1753667792154,3,0.11766510896583345,11,2959,0
720.3608359689428,3,0.27249349460516925,18,1766,0
4100.278019888784,3,0.49081714318772096,8,3193,0
143.2043320294761,1,0.2793392576385625,0,2457,0
815.8858422815731,1,0.20952413450086801,0,3126,0
2443.2184648053085,2,0.10533161045272646,10,1157,0
470.99164392359575,3,0.28121581074998125,16,717,0
862.5137655379604,6,0.012239185990511211,14,1668,0
1985.5344798409326,1,0.2867322458913635,14,1919,0
5005.3824731320265,1,0.18638426290519317,23,891,0
300.6845527880507,3,0.04138516760859749,21,781,0
279.19920186799345,0,0.29271191308535954,12,1962,0
425.8000254205929,5,0.262966239758367,9,964,0
235.6774539102789,4,0.23258601138290474,22,1100,0
253.05871694537763,2,0.4961441865685233,0,3340,0
414.6102002405553,0,0.11314035164402653,4,2976,0
3764.9638863383734,1,0.2965239211083005,9,719,0
1401.8189933387603,9,0.3072361311136623,9,649,1
1131.5855911224928,1,0.26216372397162147,2,2309,0
421.80188764406756,4,0.3260850692061192,5,2066,0
2066.3459298033144,2,0.40683976715906356,15,1037,0
7156.412077273241,2,0.31611637078103405,17,792,0
451.4073360215331,3,0.12170173746623239,5,3289,0
6153.328113376735,3,0.23085774469663753,18,135,0
1578.806377384688,2,0.16575430184383944,23,318,0
1115.2830400833038,2,0.3872162995160065,5,3155,0
1636.187030295926,3,0.26325861690586605,19,1197,0
1620.5591110606351,3,0.17442887948304564,15,2592,0
7024.114377979249,5,0.42173305488788504,18,2792,0
1844.9744936917034,4,0.12249039652942666,17,203,0
1883.9146868844582,2,0.4001385544356882,5,2821,0
719.4594599865189,4,0.08908501943350564,23,241,0
2537.861652797212,0,0.2719025317264159,15,894,0
421.2190580957113,3,0.07963243079129044,1,3595,0
1222.9288893778544,3,0.20853806735644748,4,82,0
19599.974727035795,1,0.2668333530930549,15,2634,0
89.64075579576304,3,0.23533894122139237,11,1151,0
1384.5729010007174,0,0.3058553385190203,17,301,0
1438.8837536294145,1,0.10495615160099057,19,3232,0
872.9785259248134,8,0.06293334816155814,9,630,0
893.7988402355625,3,0.18297421420929463,19,2193,0
1201.6005913695233,1,0.043261197570393754,5,1771,0
852.3495601351236,5,0.23557641161469597,3,1983,0
1369.1970181115298,0,0.2071325067395965,0,1471,0
673.4335277075784,4,0.21806636619264824,1,1802,0
8286.581665380323,2,0.3083070564519741,19,3190,0
852.340637929122,9,0.6338575794244747,17,1028,0
1938.3868928207753,3,0.18556188931439677,2,2393,0
561.6977535518455,5,0.4446690363675727,8,3004,0
2788.176370334206,1,0.13279248367171206,5,3585,0
2283.5072038288254,3,0.4729495752542544,9,1798,0
5081.340928135336,5,0.5234243637313958,16,357,1
392.5502850452673,5,0.30990816030049484,7,1277,0
516.7695133003677,3,0.2581525419645201,17,1043,0
5920.4810661242645,3,0.20590530453358477,6,2872,0
511.08008104001885,4,0.06358891293562016,1,2415,0
2081.620946110179,3,0.11811915607488782,22,2564,0
426.37902034289124,0,0.3096147749105638,19,3257,0
3006.0531023273147,3,0.1386472896594859,14,2686,0
552.0301379391883,2,0.4672567700408338,14,3178,0
418.5565944553381,2,0.01601070040082003,15,1496,0
537.8918530411539,4,0.27081466545674326,1,1868,0
630.3009497493065,1,0.12737186382223525,13,1322,0
4477.098454075438,10,0.6547098619123651,20,288,1
1175.423404749899,4,0.17084321477478018,11,1631,0
366.80996965122773,4,0.22599647774194667,15,488,0
1066.409829413137,2,0.12723796007430946,3,727,0
349.49826335106064,2,0.3804781784769387,16,2616,0
2087.155399472215,3,0.1795711358200279,7,2022,0
2507.1524320242243,3,0.17762728048485082,23,2381,0
1070.6836636906912,1,0.32806682223787725,18,350,0
1438.9276145163126,1,0.11883103533218213,7,2446,0
6324.106954511259,4,0.36314782579261823,23,1152,0
936.7317990625763,1,0.036440010239375584,19,541,0
426.55531339343736,3,0.30703412991882495,11,3132,0
1957.053365263728,0,0.3904759209040034,22,1966,0
353.3101327432162,3,0.41474328327958976,18,2285,0
2786.734800974575,11,0.5030470004466191,5,176,1
602.4531806716053,4,0.23632233670818217,3,3531,0
543.5817812871933,6,0.2276187161926021,15,2632,0
853.9839539748979,3,0.10434950955533535,23,245,0
2696.989220313072,5,0.028462451002657693,11,1734,0
6834.288972505666,10,0.3776518901715982,17,301,1
2768.9012589982394,4,0.15930508742224414,16,2904,0
1535.1050422733574,3,0.2670523383658078,3,3161,0
2432.8732518005977,7,0.26551138496105287,14,900,1
103.76980210901965,2,0.13181874844558353,11,3149,0
1583.9246365030767,3,0.08106300217931069,11,2287,0
112.24323698619716,1,0.2715647154317201,11,2065,0
160.23359568281268,5,0.3318655256151793,12,2586,0
932.9320272363701,5,0.2911488363854103,5,2387,0
1428.7814750254986,4,0.15147893226671502,3,3241,0
698.48597249625,2,0.13318410256072666,6,668,0
7388.300112647004,4,0.19141948695613323,21,120,1
3947.0276021035093,8,0.37789507251644855,23,356,1
854.5645946509985,0,0.2568463519595776,8,2580,0
4386.600994242609,0,0.1396102625622442,2,1874,0
5245.434444209774,3,0.2620360199974542,12,794,0
1830.892246623829,1,0.21759530938449217,18,1757,0
505.0928835793002,3,0.39622398965417266,13,1848,0
632.5312136183591,2,0.07960015844808062,7,3424,0
258.0778508812378,2,0.16767049610081874,8,1844,0
1051.0901264020683,7,0.10626886837379597,13,3294,0
383.73743609792007,5,0.23226829718701922,2,3593,0
789.1253899191418,1,0.07105661261739891,12,2651,0
1423.1105784618271,0,0.11905580998576465,2,971,0
150.85081344437418,1,0.23496595263702816,19,1338,0
309.902809778438,0,0.3434032073018321,10,1132,0
660.6022673204861,4,0.3962628440908451,12,3171,0
1040.516632986528,5,0.22053671921279575,17,2177,0
669.2175541152914,3,0.22806529342697038,19,2963,0
836.7137933743029,2,0.18362302911137798,3,202,0
541.2129389357792,2,0.027898830967879366,23,949,0
257.39198546852884,1,0.08912101256926604,23,327,0
642.4244501937055,3,0.11929435464390285,4,1484,0
886.1014744861927,3,0.21303857079288147,15,3555,0
804.0085443260888,2,0.002349238997261905,5,2433,0
1226.3479909981504,3,0.2837925015516498,20,714,0
1667.1895282098922,1,0.044603077082720315,18,2706,0
2168.3596237064535,2,0.14586465207213314,17,2210,0
581.9876132844892,4,0.3526643193874123,22,3041,0
226.83053482991488,2,0.26686628159524367,8,2079,0
3911.187697199616,3,0.1492069945303427,5,911,0
1612.3466052391934,1,0.2048855462504082,15,2314,0
422.1402685881758,3,0.364571373554717,21,3391,0
1447.6619076523075,2,0.1878311048119436,23,1667,0
3190.6972107712268,3,0.0953820114782615,9,1224,0
6180.6364169546005,3,0.19748493126457262,0,2966,0
1408.9644432896548,2,0.33849313242555773,1,1878,0
9432.196083242836,10,0.586134839530581,23,525,1
327.14317780592506,3,0.017072538532712636,23,421,0
1057.9594116507844,1,0.07627227982324225,22,2851,0
784.4535421642935,4,0.04899744238981408,11,1529,0
1544.676607215622,7,0.15910290364145985,8,897,0
5492.80281633941,3,0.15084410287817315,19,454,0
1407.9491123658765,3,0.0824731165329407,11,2096,0
429.36581051003935,5,0.13789907307722657,16,2772,0
309.9966280357864,3,0.19817977254750174,10,492,0
5686.101044205267,3,0.12435676661388652,18,3611,0
1833.1542801043179,1,0.09851857319279368,10,357,0
1716.5664883313766,3,0.04293768068756962,19,3631,0
777.6438254456108,4,0.06969650064691797,4,2181,0
1433.4820804222281,2,0.2218556033578392,8,2991,0
408.72399274413897,2,0.3302979857694473,16,410,0
1615.174623315706,3,0.23298007194618311,0,2660,0
338.70511562871286,4,0.22669998272790434,5,780,0
765.6395939003121,2,0.20963007916363594,8,3181,0
576.5758214411401,2,0.3002590723263379,3,640,0
42.208953101104825,1,0.1985408204603015,21,1018,0
775.2855192692089,4,0.18030013661332084,0,2560,0
446.3634701141363,4,0.13622061161088084,20,567,0
888.5670563054304,4,0.3799817408804965,0,2895,0
1688.6819767140853,5,0.7238341002220174,5,467,1
6424.871714707423,4,0.3544782874109566,18,773,0
1487.287094097932,7,0.3472522654675516,10,3201,0
1531.668025044018,0,0.27858683626969843,14,2600,0
1800.1294090546182,2,0.15018740412162576,15,173,0
2622.3037708349034,3,0.1107941045968569,0,2172,0
1727.2389913823583,5,0.08817986160569898,3,2633,0
1453.4757331845867,1,0.06745173448997634,22,817,0
2233.3252974843617,5,0.36636387263800396,8,160,0
96.86958401501663,1,0.4451476638204079,8,3124,0
8857.781199434483,2,0.11306038926978076,4,1131,0
5376.161080869159,1,0.11472913954714398,21,1850,0
1362.5806968907027,3,0.4400692475482697,18,2450,0
266.9318946355013,4,0.4451376237574165,14,1266,0
3678.831422473439,1,0.3540356527705005,20,193,0
547.9168275773908,3,0.1165698125897291,17,2051,0
1870.275483868003,5,0.281126020538877,14,2677,0
304.02027650590844,2,0.08329670547859273,22,2832,0
10161.962876447013,4,0.11816693940808125,2,2103,0
259.2475088221361,2,0.056460292635604696,21,595,0
1174.956107212274,1,0.1299805757302237,17,2660,0
283.2228183305461,8,0.34433336248117763,11,146,1
1052.346327534843,2,0.33865145274071357,18,3635,0
716.7411769322227,1,0.22083115440290763,1,213,0
3419.2735455299853,4,0.20651481604920308,2,316,0
716.6736441347165,4,0.04371864593843868,23,373,0
3424.201493210439,6,0.14560864604002866,21,427,0
393.81428189101587,5,0.01291901080079368,9,3625,0
827.1932940831247,5,0.10135815687481214,17,2247,0
843.9454856767327,3,0.13910442186086383,8,2564,0
1800.08336307792,6,0.19379701541819358,10,1330,0
1585.0550640081046,2,0.0812784827219949,16,2437,0
2257.978346366483,2,0.06992546951920374,5,19,0
1432.0046622690106,4,0.19154423324743655,18,2066,0
2124.549006530467,5,0.22513431155967953,9,2174,0
446.8111719768314,4,0.1401562957517647,14,1311,0
1617.761474650622,3,0.2636517148491398,15,2171,0
5476.4147736279765,5,0.1078389086206446,18,692,0
204.38536022771356,2,0.10839576356930816,1,2084,0
1788.2771601122654,1,0.4469751891601866,1,174,0
2157.660426834696,4,0.23449215811334176,14,699,0
4727.663465305508,2,0.14014851656587754,20,2237,0
2266.624350195017,4,0.14853504300367593,18,3501,0
1544.3488364627503,11,0.6764653049220226,12,777,1
1685.9309714278588,1,0.029672716278388214,9,1227,0
525.8216913499409,3,0.33985588113431264,7,2598,0
743.993224280871,2,0.0871144527676344,13,182,0
288.3852212881434,1,0.09913160563039254,5,2525,0
4851.433534317631,2,0.31546225396652805,7,1413,0
1720.1337337253315,3,0.38195749309749266,14,3481,0
438.73146973913396,4,0.30516558015820966,20,2068,0
1438.5011215571444,3,0.3026074141274681,17,711,0
3495.9055156501054,3,0.21578128375520259,15,1823,0
2959.5494575754565,5,0.14199008939903537,18,3479,0
433.7036153349198,3,0.20751830091590065,20,258,0
47.75869688790216,3,0.04910896212237269,11,1813,0
1628.453523566497,0,0.21414335531562942,17,1890,0
451.75064992841703,2,0.37755233188676707,3,2795,0
2043.312421391511,4,0.21050035644612097,13,2466,0
2836.341760531232,6,0.1479919293466325,11,40,0
3339.689478578964,6,0.2414817660038897,7,1280,0
6277.584087341659,5,0.2504614245386549,11,2601,0
3775.7598193447106,3,0.11529016205031319,19,3103,0
6307.841549452584,3,0.6708553191838588,0,1242,0
4354.914877778613,2,0.28215257857618853,20,3428,0
12835.933806352838,5,0.3248601011360865,12,680,1
1052.7192534747637,5,0.1557683966133041,9,3539,0
302.07446770029196,2,0.1281530811202399,14,1800,0
13124.949692267872,0,0.2570790562488378,20,3536,0
1167.8887787907067,4,0.19457549855021247,16,1351,0
3746.9897526455243,3,0.18314925682820993,21,1950,0
632.5284304855674,3,0.14935879224215584,1,2540,0
9547.455488385407,2,0.6114979699854572,9,839,1
250.53324046384236,11,0.26081903470857254,5,180,1
727.4582499391277,2,0.23258315638984753,23,1252,0
993.8526106198902,3,0.14818000364895761,14,2249,0
1741.6857905159857,4,0.05702432631550478,3,2358,0
3203.581483731116,4,0.1022391287391019,19,1930,0
367.1817945370146,5,0.4422500691876187,12,3423,0
2121.6899342571414,8,0.010275635588064238,4,1893,0
3739.3496190500728,0,0.20005041790594172,14,3619,0
11451.907428547314,5,0.07665640922062955,9,2335,0
2223.033500580854,3,0.2327378579937895,15,2522,0
692.6286649180133,2,0.015166239583615203,12,3046,0
307.4262874473259,4,0.10005332678296307,1,1420,0
6830.8356695207685,8,0.25379233215002633,12,2513,0
2292.371008006502,4,0.4655436609653556,3,1377,0
1072.7968207107301,1,0.24765202759414803,14,1092,0
217.06171320931452,2,0.5553175104453842,2,2392,0
432.16871202616335,2,0.10660015432519822,11,336,0
2061.7703558829157,5,0.010048815295193405,20,2306,0
1562.1729131704572,2,0.44700181532373895,12,2360,0
156.59587481520774,4,0.21487212501018485,3,593,0
2064.4364374507118,3,0.2473461078703866,5,1369,0
228.50624760576977,0,0.40315885833572834,1,3102,0
4247.173868472248,4,0.2801627599887315,0,2210,0
1350.939985785385,2,0.049916337259437435,21,2670,0
689.9220024337351,5,0.04605027338276371,19,255,0
2951.752495184558,3,0.17285213006965153,23,2617,0
1561.6516473181673,1,0.21236559160560806,10,588,0
4125.438550972681,4,0.16977213686494433,19,1852,0
1188.5336666282335,3,0.15384971075901008,7,420,0
1259.9399831692576,6,0.04732016000635218,19,909,0
2414.891236957727,8,0.660025960236245,21,586,1
1426.482842323248,1,0.18685187762573055,11,1397,0
5990.624122704449,2,0.11873857114222974,8,3494,0
663.3056071688588,3,0.142620564390465,9,369,0
4961.005616548125,8,0.739952181770545,15,935,1
454.6629689944391,4,0.07141085394470462,8,1241,0
138.83245998872056,1,0.02468403027145087,1,1412,0
1349.4585816629221,3,0.05556084935941865,7,1714,0
1588.277577536824,3,0.08500430779999452,10,2416,0
1728.2936982740496,12,0.2465697190645791,7,403,1
827.3237616366845,4,0.5528956754075156,2,10,1
1486.6805199307014,1,0.19524454437891678,10,3431,0
1431.2645513592784,8,0.04276481830040873,23,431,0
450.88817912625876,4,0.01229507220247346,18,2035,0
283.3005727455002,2,0.15394769979496067,18,772,0
852.021765013936,5,0.1328104417514599,17,1378,0
2106.8079198311534,3,0.3903787175689683,7,696,0
1663.4594715344228,1,0.14167651485895408,11,937,0
454.48413302221377,4,0.0597495019481715,22,2909,0
1257.55556141043,2,0.18346080812537602,20,775,0
2662.781162751117,2,0.4212916087615944,22,3491,0
339.4525900084688,3,0.13206200764406986,16,3040,0
1168.1252217491228,1,0.25412317640841553,8,425,0
4186.586404082343,10,0.15317635846112648,15,1191,0
306.45405582344176,2,0.34717547882260485,13,2877,0
3482.571689377868,3,0.08301531441525743,9,930,0
5536.885581842483,4,0.3521447803668431,10,1001,0
878.1298492892269,3,0.20736902353459194,12,3420,0
778.2060858849644,2,0.4122816055242296,19,3224,0
3081.2616509325235,1,0.11465558277491293,17,2628,0
910.3868553740906,3,0.5700631348437214,0,2125,0
104.25849032247554,1,0.18773273904477084,16,3136,0
993.4715299949086,3,0.3722714330297587,0,3092,0
3876.327082632069,10,0.32435517151154714,9,526,1
4514.054881518977,10,0.5825706734265421,23,102,1
454.5785996766782,1,0.3521135915664059,3,1496,0
837.3137748010347,6,0.18318661961566104,13,1018,0
2912.9082628973533,0,0.22460813022037052,14,1107,0
1032.7716387246237,3,0.13864642797760815,8,2182,0
607.6170126538773,5,0.7638255359119176,22,602,1
3780.600013021563,0,0.30766508834070905,11,2371,0
885.2667195477518,5,0.3605380737618853,18,3536,0
3265.6652640789653,2,0.2521771372627406,19,1499,0
271.6578320909757,7,0.2210174972928241,10,3360,0
971.667096429518,4,0.3198487621362073,4,149,0
1825.7315293038685,1,0.4567592634850639,3,1588,0
1005.1128859353078,1,0.28298844358972125,11,2176,0
335.9605685864355,2,0.024507718673126542,8,927,0
100.80588059346503,3,0.04509998291221606,19,1329,0
5030.452048351837,6,0.1938385066800525,3,199,0
1405.3451386723063,5,0.09727672048167736,10,802,0
3522.059042369507,4,0.2170598177717309,2,2273,0
2775.7301241080863,5,0.18087461787664225,18,187,0
1991.9051591040725,2,0.4482636485515778,3,679,0
795.2548623512452,3,0.3013834399192635,15,380,0
1789.6349252137477,4,0.16082869582996498,1,3615,0
4594.140409126663,6,0.454110292041454,8,645,0
1191.5507967949754,4,0.008313887523562465,18,3040,0
7344.456165420598,4,0.09014850586848365,22,137,0
244.83343287948276,6,0.23281253266000282,20,839,0
219.88207694024032,4,0.2964209746884529,13,603,0
2945.621809422672,2,0.13583584641302066,16,1772,0
483.59948967580027,2,0.08917250571830097,14,1113,0
8461.966906441568,5,0.30197670449735214,13,2299,0
4176.969953843368,4,0.1105067679679333,3,601,0
5364.570021565502,2,0.292710088886667,11,3624,0
6257.679307487488,5,0.3689277014336301,9,101,1
436.3376526567392,1,0.10117478026967153,10,3414,0
343.0290282986274,2,0.6165163257663269,8,561,1
4891.697548642563,2,0.30885294152038917,4,2896,0
244.79761158367563,1,0.10071828722102626,2,1136,0
5350.181088995177,1,0.3198103405388535,9,2512,0
2142.2560040499156,2,0.07132058411300964,6,2741,0
1016.1206246901568,4,0.04152974973770987,17,2208,0
1706.240488368744,4,0.07926675633983467,13,640,0
1746.36355338494,6,0.1720870657439708,18,2724,0
895.6857369256498,3,0.14990734033950823,20,1602,0
4562.77940249764,3,0.06023826988558328,16,2937,0
4408.989750152112,4,0.31510422622777795,23,902,0
1281.3369472095114,1,0.2139177163418356,23,1606,0
601.8484162181318,4,0.2350971521591233,21,2527,0
4047.9021749349886,2,0.24579870469559095,21,2963,0
145.1023883614538,3,0.21415690928376138,8,726,0
1709.3912757222786,4,0.2617766489165269,9,3470,0
2297.495988520436,2,0.08425279059413433,19,1825,0
478.97488563990976,4,0.13714020346754635,1,2997,0
2903.828992810785,3,0.24105755615172758,20,3604,0
1068.075957967335,1,0.2827297830418739,8,2273,0
635.4286929071342,4,0.1855721026255005,23,2864,0
2873.319727195633,3,0.261430095494946,13,610,0
370.30077147741156,3,0.28850071360428764,21,468,0
2615.4549451395937,7,0.3329354035482515,20,310,0
151.05647691333368,2,0.21985274422026196,2,1440,0
1459.2887620578765,2,0.24644815788135796,2,257,0
1145.7834939979562,4,0.2839807753727411,21,2288,0
639.2555096958057,1,0.1451301457881647,22,988,0
1619.0986231119614,0,0.05899424471839425,0,2983,0
1012.7552547170493,7,0.4058055543115009,5,1803,0
3148.544707055101,5,0.3938613298116275,12,1166,0
5608.051927640155,1,0.2333417230005404,19,577,1
1724.5031049606603,5,0.08845166421824102,17,3320,0
1468.3009626050407,3,0.34721776862932097,14,2002,0
683.9149333581552,4,0.3910516126626246,13,401,0
810.9419311611175,2,0.4378642328404036,10,2254,0
1405.5948039955554,3,0.16469838720650937,10,717,0
922.0878609540802,4,0.1034808486511684,2,1735,0
3332.4159500117307,3,0.057221360582944976,19,1756,0
1204.054859914484,6,0.21343530430058139,12,930,0
1597.1348876935597,2,0.08608303392932995,12,3591,0
269.7015739626688,3,0.17534531121858918,15,1155,0
2816.443709220701,3,0.2131039142727906,19,3168,0
1230.326962749441,11,0.44830798608684486,17,457,1
386.58293234593634,2,0.1699163334878858,1,2852,0
5688.409764795635,4,0.12922923414403326,9,1887,0
3040.9297508558034,5,0.698997899784356,3,105,1
2913.4572659946452,2,0.26257078211673845,1,1616,0
1727.6133748213374,3,0.38798903921764405,14,2684,0
999.094335476052,1,0.0755553416184384,15,2916,0
829.1457815307023,3,0.1618606437738823,13,315,0
2390.147086395202,2,0.27181563416252685,18,3297,0
3403.3619886619454,6,0.12747088928912859,4,2751,0
1024.3527739424762,4,0.17901005643263654,16,607,0
8712.751007534696,4,0.20458159535599088,21,2605,0
900.2580552571636,5,0.07392193541871832,22,1118,0
272.05154584094214,0,0.2604910215740167,3,1794,0
196.07108244245921,4,0.32292977208062346,1,3440,0
202.80088429178707,2,0.1929691050651021,4,1057,0
725.0120007146232,3,0.34083896921244855,23,2782,0
869.555341169337,4,0.15407259543261587,18,1667,0
2170.254319687205,1,0.08146917796110786,21,659,0
1065.7051425683449,1,0.13240325103698133,8,2857,0
2548.7824018161014,2,0.12466981763863223,16,3151,0
1146.985909757541,2,0.18785025860876844,9,3601,0
1111.5619041849768,4,0.08496672382195011,6,251,0
615.530886790865,4,0.02513212684171131,23,3057,0
4548.6622621519,3,0.09260002972895363,7,2832,0
237.1079928588583,0,0.13530157104923987,10,2227,0
1482.2408221237783,3,0.20671473174318417,1,1914,0
914.4744587556288,7,0.3198511911172442,2,1444,0
2396.4759845657186,1,0.5189461479543217,23,29,0
1074.0271980790938,1,0.17434759020020232,22,2698,0
4382.815608667296,11,0.34895234419013627,18,921,1
839.9651288402893,0,0.31441340327393086,13,238,0
4417.17841743252,1,0.11302135268343402,17,430,0
1099.2747081192397,0,0.12174457880956012,5,2751,0
7860.8593508290505,4,0.09317698817985665,0,680,0
5314.591443874668,8,0.3434608625136549,2,816,1
1120.7572375598822,3,0.09177301420525266,10,909,0
948.3020220204065,7,0.15040164529630354,10,2369,0
1928.0162425327355,0,0.08195322426243845,12,1761,0
608.87112450231,3,0.39109319898711603,22,2852,0
1268.692852027931,0,0.414003521766809,1,522,0
1105.5928811689018,3,0.1950074384106765,12,11,0
1518.149896708372,5,0.335709339601469,3,1843,0
1556.2437221760092,0,0.5228975140367371,11,3396,0
1639.2512803206228,1,0.20711146817538653,3,3322,0
1205.8075002415942,4,0.09683635484199053,10,1270,0
5265.563742047304,1,0.2588480918008198,5,2979,0
1673.326459569914,1,0.12015216114560509,6,1393,0
14853.432887038534,1,0.11742322636994855,17,2688,0
1152.6874505760443,4,0.13823072856767538,10,370,0
2860.9622333471607,3,0.12135993793180852,8,833,0
530.5694117501594,4,0.22217792321021046,3,2363,0
4450.578004206855,2,0.13794071416513373,21,1494,0
542.2439883887557,1,0.15549505920327342,20,1537,0
1730.0023017047183,1,0.0970882936189159,23,431,0
3113.384108585213,5,0.7075743426902132,6,600,1
1723.3197505603998,1,0.17601127535233155,8,1441,0
867.1428815358286,3,0.059549861086115444,7,1155,0
498.07322585198943,5,0.16020662384694515,5,812,0
835.8153455863383,6,0.22920018204957512,15,3,0
5123.43363010813,0,0.04327658094266155,10,2088,0
1749.8341106414275,1,0.11068456100553076,10,1770,0
302.2184106700757,1,0.13725103934945002,7,833,0
3279.2915960573664,4,0.03732893713054276,20,2919,0
449.65733713929006,2,0.16850335573562306,2,1573,0
2306.2065974045217,2,0.1396391006411034,0,737,0
1906.7683936509009,4,0.34584621677847266,1,3348,0
2031.054644121827,4,0.20258316195807569,6,1206,0
6996.666960677879,2,0.5180878024778954,20,1143,0
478.8364387436053,1,0.2728336464470511,10,3378,0
2019.8828140922626,5,0.20299531724339243,9,67,0
3864.503964536397,3,0.2852746266005677,11,643,0
576.3172546414044,7,0.2254869028011901,8,1773,0
1248.116063240586,5,0.3226630598975172,23,394,1
822.8817109346645,4,0.1487148842369115,16,1190,0
1517.36876148347,1,0.24433240010397,7,2195,0
267.6081345708951,5,0.232137386578883,21,932,0
1903.4094241756168,2,0.1736166033395718,20,2634,0
268.16789500420026,0,0.10224216717408434,10,716,0
3997.1257759620953,0,0.08423326637639224,3,3432,0
1833.1055476377169,7,0.020069412462811322,6,2488,0
19144.854474147804,10,0.6408607765976782,17,563,1
2140.476529598184,4,0.13121797887639453,14,2369,0
808.5475976843236,2,0.2354516463138919,18,447,0
493.4013127847519,3,0.16738169423663887,7,3529,0
1392.5488584970456,3,0.18209416708989823,5,439,0
1063.9561019898363,6,0.047219377367056094,2,660,0
3590.8313729377774,2,0.05993051052275145,2,2816,0
433.27870595111426,1,0.041145197371377215,11,1070,0
8274.237081956018,0,0.1357652431411626,13,1535,0
3923.647330769709,3,0.1232712094904626,10,671,0
894.6891770489336,3,0.29354087153575603,16,1850,0
6619.803049367244,5,0.14313383194469162,9,3551,0
501.13318543260584,3,0.13791931101771843,21,2539,0
1346.9388657783966,3,0.23553772427564576,13,163,0
305.9828175046906,2,0.27889029026870027,14,2803,0
6950.50262648507,1,0.1746448385270698,17,215,0
211.15937643775592,2,0.14380057904179397,9,3518,0
259.708098888737,6,0.23540410629263217,20,2094,0
581.3115785832779,2,0.2717423620411643,21,2675,0
4114.710156048134,1,0.14759223171279984,7,972,0
2849.3463215017405,2,0.022903041043157702,11,3566,0
1238.9885350904005,2,0.22089343292339295,4,3237,0
3037.9135033305442,4,0.10065225131789404,4,80,0
977.0973367598301,3,0.22170576118749744,2,3289,0
1673.0921485020679,2,0.09823320176297498,23,2178,0
5720.011390145939,2,0.2403252138516973,10,3253,0
1712.67826458903,6,0.4789326196783986,11,501,1
509.6006497252994,2,0.2471973348737012,5,672,0
1755.2590192517846,4,0.2507502621507034,8,3544,0
2299.1029577978693,1,0.2592647842385794,20,1296,0
1224.6957651392818,2,0.18122163150410547,20,1544,0
2991.054601430945,2,0.3121133002752229,3,2006,0
896.7174910290574,2,0.24441107794752623,23,1440,0
1245.8159921425454,1,0.291879658989755,18,2158,0
1594.9136607516477,5,0.4489237348773126,6,2506,0
1461.7082105998106,1,0.22926632917807246,22,2748,0
5504.227042897578,4,0.025595372245367634,5,2949,0
1586.929426844341,3,0.09735970109481049,22,334,0
809.2418851020418,7,0.33328322796525583,14,321,0
1859.3489926519644,2,0.48953844155949483,17,2286,0
3007.459075485479,3,0.34321700854164544,14,2107,0
2378.524083972037,3,0.0933238851231139,22,1813,0
7321.840550707269,1,0.7479206686325007,19,320,1
245.16951186994433,4,0.14747893252483615,7,3412,0
90.69365358374385,4,0.24013646347093678,22,2426,0
3925.5609555678284,3,0.20462191519752662,16,1060,0
1700.8058484123126,2,0.14390608540281238,0,615,0
1073.224109529863,1,0.1292829028906134,16,2830,0
2195.824821418525,3,0.3297806634231531,7,1168,0
7534.968538466753,2,0.32143065329029835,4,3479,0
4507.649700026805,3,0.4132530194118192,2,361,0
2870.439901528277,5,0.13888811268645987,7,469,0
451.8157062566922,4,0.02594440489853406,7,1266,0
514.507018731346,4,0.45703430872928136,14,1476,0
100.84607239578678,6,0.168467962830947,5,2140,0
2066.29716217727,4,0.3904669806813555,18,350,0
3323.0130564467877,10,0.16258154271469202,17,1971,0
3605.364110669866,3,0.3142507194804713,5,917,0
2154.7510445137377,3,0.14968176412965054,19,1962,0
940.0500718516832,3,0.27170500121180646,10,319,0
623.7330910054936,2,0.23112558126490076,16,3238,0
480.407741085485,2,0.5026133050227437,1,1637,0
931.2941247329172,4,0.18815248202521434,15,369,0
412.4742361902442,1,0.2648590264184986,7,637,0
6348.374437426486,1,0.0651371124779896,18,1929,0
298.15946085666155,4,0.28896574708548256,3,1336,0
900.4969009298698,2,0.07037633180171599,11,471,0
158.187586728501,4,0.11392061299186204,14,2679,0
1475.2088637595384,5,0.07960690137793212,3,456,0
1094.0222163690478,4,0.1569902912489363,8,3439,0
767.5546225387012,4,0.2814012335755522,10,2321,0
431.47809047339894,5,0.20997898649216837,19,2195,0
1099.3362148394856,8,0.08189940812655185,7,228,0
636.2166245499158,1,0.14116880648076494,15,2076,0
956.3577998280651,5,0.16615537571512656,1,926,0
7765.374797137843,2,0.0665370452478431,9,372,0
1302.6777281747657,1,0.17788935980329915,17,3422,0
1868.4550800220736,7,0.2703847868596806,6,1658,0
689.202563598389,2,0.09300587502018759,13,2671,0
500.47842469580837,0,0.0919415669830776,2,1654,0
1071.7437635834174,3,0.3671759913255649,14,3224,0
13412.280277061516,3,0.28053425622362876,0,1644,0
822.6841145824282,2,0.1822779079282364,10,1187,0
1574.0981803478212,4,0.4169416081069091,19,3576,0
478.9525274644027,3,0.1766751167914058,15,3342,0
69.73678647930042,5,0.2577770094894711,6,854,0
497.78520467540295,1,0.18826065483378193,14,2582,0
11857.424937543601,2,0.25870252857422804,20,2932,0
1989.0059985760536,4,0.42394164658038813,6,208,0
5658.557052948246,5,0.45656216926886356,4,3579,0
774.5465528850189,4,0.10127324114661151,3,2271,0
103.87298931812043,2,0.3228798446793743,1,1788,0
727.2899148880748,11,0.2806986720469077,10,209,1
1631.124219118272,2,0.14355572394212704,20,1459,0
1390.7714343778152,9,0.016775211145145675,17,1816,0
1085.261448625341,3,0.28116248696555846,22,2246,0
645.323013500262,4,0.21381506417954815,14,304,0
2806.562452114362,6,0.16462346090543378,16,3217,0
664.2465069569769,1,0.10375893517144069,16,56,0
1491.9165837152477,5,0.1070376087959386,7,2170,0
1333.187759412405,4,0.09018796666430992,12,3244,0
758.6173929121219,6,0.25527217327056967,11,2836,0
454.2755485034665,2,0.3642385602564817,8,2713,0
715.2770236188038,2,0.07266255253655078,20,742,0
7141.097697750721,3,0.21466902337817464,3,872,0
3335.7334635395373,3,0.41906206748701735,4,355,0
3042.3597635157744,4,0.1247620859462267,20,2719,0
499.4643844905147,5,0.038763469845145,1,3569,0
260.4239101659999,4,0.053024981983845226,2,32,0
3282.9386027519454,4,0.12190581614412566,13,2022,0
2710.171674658938,2,0.4259483394395938,6,3525,0
1257.9629391390051,4,0.37358887047050393,17,245,0
757.073325798245,5,0.20996348041363863,2,1307,0
253.67536163929245,6,0.1954925281218953,20,2277,0
5785.0499795731885,12,0.6529270192862945,14,151,1
3590.817297224646,1,0.2318156866210937,1,2136,0
556.0774435485096,5,0.08318486972292986,23,1369,0
511.5270150072151,0,0.2098257437632758,0,3503,0
3793.5666532556183,3,0.2940475197581936,5,1978,0
577.1692419509187,3,0.19300966704686226,2,3249,0
6496.768691269775,3,0.17805725744132556,12,803,0
983.3334134440621,3,0.22471860229091886,15,1781,0
745.040286780813,5,0.3416435404340794,22,3349,0
4121.873549257622,5,0.5846280392005582,3,956,1
744.9881153008305,1,0.34896963641649953,14,2514,0
3381.9656961731,6,0.11225874803428305,16,2469,0
2659.278540403831,0,0.0895919198705744,2,258,0
3255.516733553635,3,0.0672156968259114,3,2564,0
1318.8556934359108,1,0.2626394035963652,21,805,0
694.8149156572919,5,0.6003019674363638,15,1795,0
1086.7381791621724,8,0.277744853522255,8,301,0
716.4462366894074,6,0.11730642139034791,19,1142,0
4753.310079526375,4,0.3938741327790555,23,524,0
2987.7435735108647,4,0.10961949054029928,11,2042,0
1000.7219146156658,6,0.08427980424703856,3,203,0
434.2085910726365,3,0.07248562978167805,10,2559,0
5119.641459826153,3,0.16321594453918964,21,3559,0
1257.252590556521,2,0.2834741900252614,1,2156,0
962.7873237569277,4,0.24838329436831472,22,2409,0
5164.96042677496,1,0.1437672771538721,1,2648,0
658.5570716643506,2,0.15722912131104644,17,2056,0
797.1740996572804,4,0.3601942980998415,15,318,0
870.6508641195472,2,0.05775773672741401,17,2415,0
293.95621520043886,2,0.05448489928319792,15,3598,0
1503.777215319876,2,0.16107967038246443,22,2553,0
511.65739738110636,1,0.147314705451058,19,542,0
619.7265099206023,8,0.2614721258017256,9,2066,0
542.1618215362224,1,0.10954306901011165,3,3318,0
609.6772975007402,5,0.0873638553235063,20,2892,0
749.410214048263,3,0.517912987689048,13,178,1
1404.1875771492594,3,0.1471865256713334,15,2119,0
938.6164295427066,4,0.019485348719326917,9,3313,0
1150.5646929757504,2,0.10150669824338956,7,523,0
11542.464473176575,4,0.4280024619688227,12,736,0
938.6463825722999,3,0.2787411436314402,0,519,0
2008.1067108162488,3,0.23912370519285212,11,3222,0
2250.144238932511,2,0.18010182728214147,18,314,0
1029.8241882508567,2,0.13643032130157665,1,686,0
1442.0184774739896,5,0.16273769938777613,11,720,0
1119.5680164194598,5,0.12484214356296905,4,2574,0
1342.861945605981,3,0.3469007613663624,19,153,0
610.014794804961,4,0.10038849244033839,5,101,0
669.0030976724845,0,0.11831934764377633,10,1576,0
1115.348569341791,5,0.3158409828057762,1,1181,0
152.6421596345377,5,0.1566749977669995,2,728,0
4895.505360434439,3,0.4607533052204164,13,3511,0
9517.219520956933,1,0.29687325758118244,13,2262,0
1300.2999660198332,2,0.09186180228305744,6,2681,0
2133.3934868669407,3,0.3984488347972465,15,3538,0
3232.65050677872,3,0.14721327944367518,4,2549,0
291.58462150528794,3,0.2633741889511659,10,1032,0
2774.644598273863,4,0.17920657196689965,23,1990,0
715.91411279295,3,0.08572552838477851,3,287,0
10837.029757292492,8,0.49217084103111913,19,2605,0
1331.9244658645616,7,0.6142026794826563,2,852,1
2719.4426308724815,3,0.10251281060744567,3,3366,0
917.4398962787003,3,0.11617767154225207,6,1116,0
9864.450908406294,0,0.2648520737819251,4,238,0
656.9775076460709,2,0.19926812406932867,16,1285,0
3516.033502444099,3,0.3305949601269694,12,1086,0
2052.2209633789894,1,0.019565628451067362,11,3617,0
1643.050676860509,4,0.13677540048141712,17,2889,0
1378.853176380568,3,0.19746579495313119,12,1279,0
562.8355459174779,1,0.23617732115480503,19,3638,0
82.59454932647014,2,0.13093585439364397,9,1205,0
3211.174729302664,2,0.09325209913200946,21,2646,0
672.6067868033455,3,0.3035352908879967,17,749,0
3531.93141614217,4,0.18736903715797332,14,397,0
1558.840832445181,0,0.12050793536528166,21,2774,0
3641.8853543125024,3,0.05597861281456259,5,2233,0
2445.2252393743884,2,0.18982666283939714,12,2180,0
93.25193598305496,4,0.12314677082540766,21,464,0
2028.1830383765039,2,0.36031405842249653,22,409,0
777.6872992397381,4,0.2772437617318914,0,2772,0
3515.7606686222084,3,0.28647152474773524,6,2900,0
4499.7778146351875,5,0.3778092542205866,23,457,1
2004.1374305368954,4,0.1956790348979692,16,3075,0
835.2718195665869,6,0.16913101648912007,14,518,0
440.2724799660364,3,0.12932411725706192,22,1808,0
711.3133436081381,4,0.1499237012245059,23,1629,0
181.2917729210759,6,0.36182820123936005,23,534,0
607.6847629108555,3,0.15411311446403395,19,3481,0
253.6209679815876,1,0.09637841724545611,2,2402,0
701.9447518135868,6,0.369892305078953,8,68,1
1232.1043586792316,3,0.10941824859827241,14,2727,0
1870.6643974553178,1,0.1560404098137166,8,387,0
1062.3157986843141,4,0.08139035320753094,2,3374,0
665.9466103328218,2,0.04497053776447445,15,2165,0
425.21368795821866,3,0.14189350333599238,7,1483,0
798.5575259962683,2,0.4818936379664944,16,1913,0
481.91943788921577,4,0.19764311456757766,15,1385,0
1029.850842755644,3,0.28074846883674953,22,1560,0
239.47959764135516,0,0.06511193332453603,23,1764,0
2211.2595807738003,0,0.12528539600388128,11,781,0
622.0179046428431,3,0.10160945338795936,21,2224,0
1597.5985912061597,1,0.4232433411472675,20,438,0
2663.0357105827984,0,0.23326893077881594,9,1778,0
1522.1375090326903,3,0.3323314005393172,5,3053,0
2438.47174879504,4,0.042228495835542675,7,2600,0
138.8453518509373,3,0.26646904411580685,16,1157,0
669.9099740692401,5,0.06028310822327307,14,2117,0
3304.6196643193784,5,0.1619663936927652,8,207,0
1824.8070571467056,4,0.13327069424071944,0,3434,0
17666.373870105363,4,0.3306910112153366,11,431,1
6029.265531915689,5,0.20420311296795818,16,520,0
1479.6962873517546,3,0.41299877714032235,17,3464,0
852.3705764191001,4,0.1721949741219548,2,1451,0
420.54912043092526,2,0.04199693977792629,9,896,0
681.4285711816754,7,0.22883715330652385,0,23,0
729.0578553725965,4,0.048169547622184304,8,1696,0
605.9217229146412,4,0.11676720536068215,6,2992,0
437.7562515930972,7,0.15263427082852135,23,520,0
1638.5657369279866,2,0.13302996699777722,6,2658,0
5982.774353927607,4,0.19462291057886633,6,671,0
2788.493509496768,2,0.2927897729385396,18,3255,0
794.3943033770039,3,0.42242497372432664,2,1255,0
3023.072107938628,1,0.271382975441491,16,2627,0
1550.9933363946086,1,0.1807170809215237,22,1994,0
1052.8916907570342,2,0.32979152824993546,1,2026,0
989.1809469108111,3,0.2741302036869056,21,1289,0
897.9010402042597,4,0.18201723722282176,9,2752,0
2102.886329685838,1,0.2701648519529798,16,950,0
1261.0122901586951,1,0.2740481120050795,15,1412,0
529.3115513358597,1,0.23072819353345983,9,1985,0
504.2881802628144,2,0.030116133472374036,3,1183,0
1489.065440899922,3,0.11360473511498602,3,299,0
1683.5353152881974,2,0.11024944769093077,13,3451,0
801.8065390863666,4,0.42603838745725114,19,617,0
353.539202466283,2,0.2342375634585089,10,820,0
3831.321711712214,4,0.03492987836879853,11,2496,0
3098.2868526082157,3,0.30710640164305675,13,585,0
287.5402700888899,9,0.6811941752350349,6,352,1
4186.343351088241,3,0.10851455400724062,22,1588,0
889.8244558618056,1,0.21570356484295009,12,2596,0
1326.0860725004718,3,0.22741883202895335,14,250,0
3422.8302970781615,3,0.14265412572045164,22,452,0
5724.661995711147,3,0.2056445165878088,22,1578,0
2989.5115297003385,4,0.06661695050937627,20,517,0
1395.531323708516,4,0.21322275952159744,1,2784,0
277.09469686330425,4,0.2559969637949059,1,1225,0
144.57062984875526,5,0.1356066489013229,20,1253,0
4566.531699550678,5,0.4336998332196104,2,137,1
4196.601649784005,5,0.27992647280147315,6,1144,0
485.5853833767172,5,0.3710529499574706,10,3187,0
837.3314881384739,2,0.13750237821207317,8,1378,0
628.121809363691,2,0.0259761069260396,22,1497,0
611.613120462877,0,0.3526113545962952,3,2017,0
3213.0026500067224,2,0.12577016330847765,10,2168,0
1364.267771773904,2,0.14911109693665692,8,3535,0
872.0281352682316,2,0.09816540779051718,5,355,0
15638.952255365612,3,0.45458206360960973,12,820,0
261.2764653680487,3,0.3613460661897952,11,3604,0
1896.7763788122181,1,0.37571539389142583,15,2289,0
384.14562590636774,3,0.1058979391626458,21,1419,0
936.887422247476,2,0.211873516693844,10,2298,0
1272.3722932670332,4,0.10400241437890848,6,2497,0
2551.905769574622,2,0.07614772045443327,23,2346,0
844.5619620482096,5,0.11499846029003179,13,2133,0
759.7974633736657,2,0.0824278665369515,14,2993,0
829.5761454199342,4,0.0868343809018092,12,1633,0
372.4293344686957,2,0.24692644037595674,6,1119,0
2063.8115148186307,1,0.40441144351971803,17,235,0
1452.9254734898445,4,0.3137600201514463,15,522,0
1694.5435157727766,5,0.2831460409706915,18,949,0
1022.9613635697688,2,0.20289825555055688,17,1708,0
904.2646211875667,2,0.14045963185550123,13,2631,0
3553.1873980133523,1,0.41295596169082455,0,3328,0
3046.615161303747,3,0.3715664668472057,12,1180,0
10057.850550539382,7,0.3763845419729557,17,45,1
1591.7580106591956,2,0.0865536263052279,10,2450,0
4241.465370022828,5,0.19048933602854867,1,1812,0
723.3674772180384,2,0.06652053591582338,18,2183,0
897.0828433897954,3,0.2595518061641484,12,1200,0
3623.1560198361813,4,0.19624185324956103,9,1136,0
2548.9111278199543,5,0.22267774352182523,0,3478,0
820.2011319810653,5,0.3104252482436347,13,529,0
385.1919432627516,2,0.19811587150933982,3,1809,0
894.295084632525,4,0.07325736791146667,9,718,0
552.8747913087867,4,0.07490989442715192,14,3576,0
6151.8214180492705,4,0.18057326649184235,7,2453,0
2344.999912389328,4,0.320934121622979,9,1931,0
509.8300437414278,0,0.1951087765674976,16,1915,0
385.6803969565697,1,0.049923080886901956,5,3473,0
780.470762362155,12,0.7370336393271922,10,492,1
627.1431108345877,2,0.051653058868873655,5,1688,0
928.2486198284441,1,0.16003624704836122,15,3239,0
3342.741276724558,3,0.15556014820091413,21,60,0
417.1655346627898,5,0.12843685891593018,3,58,0
10824.173997154396,3,0.07905016892146982,13,1300,0
426.9640267409378,2,0.3404044985323066,6,2003,0
267.990697451192,2,0.25871361532646797,19,1278,0
5933.116045066483,5,0.22986184341907018,15,2094,0
4110.317683821942,2,0.3299170916745439,14,3032,0
913.8360712439875,4,0.4180567118446553,5,2254,0
1605.7276786029186,5,0.13099897793037202,2,3090,0
1646.7667830718829,1,0.11673544141799852,18,2219,0
1257.2881627578067,3,0.16640832611646736,14,3276,0
299.92140635873017,5,0.11687291809921739,7,1058,0
91.6551181582577,2,0.17674262273871985,7,807,0
471.1958465501394,1,0.38488021155772306,14,558,0
6742.286646113156,7,0.29039841451469217,16,2644,0
7012.247224237066,3,0.3115923164892153,2,3130,0
844.0088965763924,4,0.2833824880807571,12,1732,0
420.74871436054195,3,0.11818539593893984,11,2905,0
1448.2644966968244,6,0.03621370554639229,23,403,0
1701.0163349024824,2,0.13251914730581096,4,1357,0
1999.6341529690435,2,0.4490058460936778,11,1983,0
87.61667355027517,2,0.22292751820684578,14,163,0
25790.363253412812,2,0.1839194440265784,20,72,0
3403.21097056524,3,0.39900136089155175,20,1219,0
899.7674097021811,3,0.36822387115111377,2,2502,0
534.6019064588111,0,0.29310402562339566,15,3476,0
7973.037091867786,9,0.4312813646540629,3,690,1
1799.7348276047658,3,0.40097802930858306,21,3183,0
1202.4873570471143,4,0.053253404072495715,3,2613,0
1734.2574770189071,3,0.051569247045839345,11,2424,0
979.7333039243197,3,0.4219676645540103,21,1334,0
1639.033906300229,4,0.25885030832118855,14,3159,0
2267.340529984261,3,0.1577633387106039,4,1543,0
1545.8309463125909,0,0.1083981719981191,3,2076,0
4793.799003795767,7,0.4347619879217428,22,511,1
4415.428364844009,1,0.39121265182493387,14,2232,0
222.04784586863286,3,0.38723493422479877,18,531,0
493.7936520099592,4,0.19795680533712964,13,989,0
1126.1507559100125,5,0.15681465320641944,8,712,0
528.547361937468,0,0.3725848627330006,2,1889,0
738.0174444269904,3,0.21230383426173027,18,2627,0
3974.8479822183276,0,0.3416539045253796,23,3502,0
944.8526846120023,1,0.1576474869108484,11,570,0
176.0536841814367,2,0.018878124563035642,6,1115,0
718.1355005455467,3,0.2581606656970353,9,2109,0
1162.2501319888113,3,0.1968403174902779,17,3644,0
1141.033297825897,1,0.18902812140522207,21,486,0
1912.2530656154108,3,0.03934983156128002,7,21,0
1762.3238294268465,2,0.18142173202918105,3,1423,0
954.4868836453093,2,0.3170767784420179,0,526,0
332.606543967959,1,0.2006791983179463,3,1674,0
705.467531569733,3,0.2909531188271404,21,3254,0
588.2920118272674,2,0.17589744984197617,5,3113,0
824.5981669499997,1,0.18953252973970183,14,3281,0
2188.930911292272,3,0.07135729710212811,15,1498,0
1642.7102521499578,2,0.18486829508480257,8,2999,0
2499.8992592432787,1,0.23588074329514716,8,2121,0
746.8891618382693,1,0.2458482930685472,0,2974,0
4956.03234066045,4,0.22136141580681368,18,721,0
2149.173250668887,0,0.19329209922742574,6,2567,0
1679.989300735281,11,0.6223986538566414,4,77,1
2004.894228287823,2,0.14339937139727446,4,1996,0
557.933391602948,2,0.3525491866684757,16,1759,0
133.11930870519942,2,0.22868898997554646,4,3168,0
597.8283250808846,6,0.12099518128687517,23,1777,0
2315.6760572174608,5,0.05749427904866661,21,2346,0
4229.618047401719,5,0.6754378578776541,22,710,1
956.3897586730158,3,0.2607306960181881,8,3070,0
469.7308773029917,2,0.4004982862331054,18,2988,0
155.11614735552735,2,0.23851858631876505,21,1519,0
4558.940918484384,5,0.127999356734841,10,2411,0
890.7869256508021,4,0.5724688070662971,5,1411,0
713.6995090643433,3,0.14152964616680436,1,3509,0
560.2335402240215,3,0.05802049975982749,13,3557,0
3844.975375494925,6,0.06760702889612101,15,2567,0
2647.4463487014978,6,0.10321999357541377,15,2117,0
416.86421104741356,1,0.43441375754274664,0,3593,0
3514.1148966642086,2,0.2323090166476987,19,2294,0
1845.2475645119657,4,0.36328965650926687,18,11,1
595.533600973901,4,0.2168369201699449,3,1335,0
817.6117684171559,8,0.3171030075804378,7,3383,0
501.04842318849353,2,0.18242301859783436,8,2388,0
292.6925958237214,4,0.09155008795034117,20,1174,0
2383.036909166496,2,0.20038957400919888,3,1960,0
879.4486182885704,3,0.005394944161677768,7,907,0
2032.8815202469398,1,0.13804702556099419,8,1433,0
1461.4923221442737,4,0.38127453015573715,14,2972,0
1897.9717810938068,6,0.18356066814636157,16,2852,0
141.74266490867092,5,0.22123766354565727,0,1358,0
460.9270330001716,3,0.12818708734360526,1,2441,0
1937.9088443431658,5,0.1627831067046895,21,1166,0
1035.002442280746,13,0.8445687644218883,11,513,1
2682.7877589636314,13,0.5345493220212887,19,407,1
272.9518538154564,1,0.3492544324550088,19,2927,0
1114.8152593607515,3,0.04898233063848115,13,232,0
5486.195976798021,2,0.10607821947201974,19,643,0
3270.0813542511223,8,0.5919729033888701,2,491,1
172.30377496642612,2,0.14895383410748783,15,1542,0
2561.559173733421,3,0.49539915206648577,16,308,0
6783.430502070436,6,0.12983457917522775,16,2640,0
17980.01262441201,4,0.19135246264881312,19,422,0
1763.5352488244912,1,0.2097593643012578,23,2733,0
280.221419926412,2,0.1996807521208043,20,526,0
1693.712218611572,2,0.13699515084382194,0,69,0
5410.1581176806685,5,0.4482352596270478,15,3535,0
909.5153000028271,3,0.228772839307121,11,2027,0
3112.2739850225794,2,0.24047890203320413,5,71,0
473.61606362528937,2,0.31888526548340923,8,3135,0
1591.3742866584246,2,0.009069677602401408,23,387,0
90.96005779487369,5,0.474144600023276,23,1667,0
423.97081408742946,2,0.13078090433336884,13,944,0
1089.941553036551,2,0.3058346102479355,10,930,0
762.5310808517115,8,0.4718515974092193,2,3299,0
298.68290902497716,4,0.38394490454220015,17,1932,0
665.3703493258727,2,0.30918676028083075,22,1308,0
1524.8556799547625,5,0.1279956331977878,21,2224,0
1006.0352732218522,6,0.30949915459781085,22,3429,0
1165.5374264318432,1,0.23086388375550235,16,1040,0
2280.086826646153,4,0.29687525123967734,5,623,0
778.0861877923872,2,0.06322315557483871,10,1817,0
4269.183555124951,1,0.3155580732017274,0,690,0
407.78045696250354,3,0.17202408807093086,17,1380,0
7540.189196487337,2,0.09661466868361265,4,189,0
3337.7046877614252,6,0.5544864947190224,17,1196,0
768.1632068481999,2,0.21678666991780002,13,616,0
821.129881238286,0,0.16207855239835833,13,1054,0
1348.483075125798,3,0.1724255456522369,0,3231,0
1995.541916682389,1,0.06955318168658643,21,67,0
3276.5564111797785,7,0.313774361484416,23,1579,0
286.97891667109985,2,0.21963531643275294,23,293,0
1698.4012087044955,3,0.16595859432651935,4,2257,0
132.09029576324994,1,0.22723069921781783,3,2136,0
918.4610651595644,2,0.06590271211362296,22,1020,0
4693.399804280362,0,0.16907105983393167,4,2238,0
265.7061417306632,6,0.23866810953974538,18,677,0
221.57523959889883,5,0.32570791049045783,10,3568,0
1367.5759875930062,1,0.34844185926295035,23,1825,0
4391.513309846129,0,0.00605426220083011,23,2774,0
1518.3742226907225,2,0.27878044798775986,1,223,0
163.26621723798755,5,0.3615041631545092,2,2898,0
203.74548389722378,1,0.12238343582730818,2,3368,0
1209.238900618875,2,0.06869969658619109,19,842,0
337.2274338791274,4,0.06839722320051701,22,1865,0
1257.255304164855,1,0.1997177350907903,12,3042,0
1334.0772232147679,5,0.2155894372676202,0,1049,0
671.9893480908847,5,0.16227223267528273,13,1334,0
6732.85325858107,0,0.046099224097804314,5,35,0
1979.2380075285128,3,0.36617627920669893,17,522,0
3683.3976467968305,3,0.048045308377165995,4,246,0
2753.3723770461897,2,0.39206354225573686,14,1186,0
943.8114755054179,3,0.020496902331508943,12,1011,0
902.8466793226896,2,0.4757755908376058,10,1787,0
1507.1190630896547,2,0.5756005706008813,20,57,1
2167.0070448501897,3,0.22827633644698975,16,343,0
572.2836857983793,5,0.05620631565529852,17,1790,0
6155.079421037969,1,0.07079452690272013,0,3461,0
520.1570037684392,3,0.27497997773682586,6,1837,0
1358.9601250052629,6,0.14936825095602388,8,1468,0
872.1131615892967,4,0.06763185934241192,12,478,0
698.6896733287903,2,0.1475883271729419,7,1819,0
9627.191797605263,3,0.2345437683034719,18,2372,0
2567.7777300612697,7,0.3918951971193491,22,47,1
808.5793500758925,2,0.28808832885556207,3,3379,0
564.4582386800681,3,0.27092540188290193,22,2609,0
1142.5759706874717,0,0.12035422429301518,4,2347,0
990.9792866588444,3,0.12414359887565428,12,2180,0
358.07657826550684,5,0.066991392124922,6,1755,0
717.3975397197743,0,0.2891034181540639,14,2192,0
5435.076371269959,3,0.6586537602378856,12,519,1
3062.4999833674756,2,0.046217314862599244,10,1480,0
3887.47761587404,5,0.7649793338677772,23,261,1
3241.939442660478,12,0.41132759836124066,22,455,1
764.3340472553407,4,0.05362954807933458,23,3237,0
663.5195365606671,1,0.20633973249860585,13,2285,0
437.2158329667396,2,0.607636279138894,20,2836,0
231.21558547749993,3,0.04996767205711736,6,1852,0
543.2411487678069,1,0.06742933029623906,5,1732,0
2708.2362381027715,3,0.18598050556019782,0,982,0
717.3637666226509,2,0.05598889927841438,23,1803,0
775.8671571631747,3,0.21907199556129375,6,3240,0
760.9097830324688,6,0.1056953201278572,17,3202,0
3807.4222556926943,4,0.07271843395589207,7,2137,0
433.3810783278589,4,0.11847823012983572,23,447,0
1446.7187475515339,3,0.2588026318560194,21,2768,0
1024.063552262345,2,0.16516679759212027,23,920,0
1173.7121994879262,6,0.35286899731029453,22,2551,0
1400.1720586904007,3,0.10133759400277254,8,446,0
1161.1485694051387,0,0.27598245133926574,15,3324,0
2423.6304638257534,8,0.3763219332750035,0,2733,0
1065.013412581084,4,0.23512319716883395,2,2245,0
6275.298881764079,0,0.21775580831704888,15,2463,0
1146.5124243081982,1,0.19811240864415852,11,2056,0
199.64346833558417,5,0.10898864823544,22,2725,0
2076.2327614167566,6,0.07375271814543902,7,789,0
1623.105884314234,1,0.273257243180721,0,2202,0
1132.9102367975127,4,0.2328828481726903,19,2258,0
845.9232922354464,0,0.21664131487876334,13,2873,0
132.34086880916863,2,0.2635786829518493,13,2643,0
156.515639474915,4,0.06908531286982583,3,2880,0
5695.998675142844,2,0.22607602921715222,2,3306,0
610.6337772500721,3,0.1501580423886262,9,3144,0
2880.215588804771,5,0.1968155261855027,16,282,0
220.73584756974012,2,0.15187491510205292,16,288,0
384.9608745706066,3,0.069387089972441,20,3032,0
2161.6799367451777,3,0.11698160642506816,1,226,0
989.7961019610648,2,0.16845981552219494,23,3604,0
1877.445155930217,3,0.11924069065868698,23,1786,0
1081.7846760143698,7,0.13993229923965805,7,1493,0
890.9853953133174,0,0.5178669886514762,2,311,0
555.5486432347203,5,0.16128053072537496,0,2046,0
332.28643203915084,2,0.30940221058671047,8,677,0
4459.095803112456,1,0.12727252632833838,3,3026,0
5256.964806134755,5,0.011825811074438352,10,1672,0
388.11319829491396,7,0.06439611284152781,15,403,0
363.55147561499393,4,0.26648615461982733,4,3315,0
774.5071236676633,5,0.09238933454312019,19,430,0
1541.3824921372172,3,0.4302566617750462,4,1100,0
914.3210719987587,2,0.24832739663749634,11,2800,0
1807.1748802643278,2,0.08324814741077717,2,3541,0
1043.9334825588132,5,0.16224703742533492,17,2445,0
977.8622960639733,3,0.11903012955820118,17,3220,0
12247.519880857944,6,0.30202940858003724,0,1201,0
648.5873877917408,1,0.14725783474600315,2,1963,0
5653.029600029239,2,0.022126659084841845,2,1217,0
4660.430326883071,4,0.08158339420867233,17,1840,0
1815.4588171753874,1,0.11741631868334135,1,138,0
159.79123204943434,4,0.3051932683989097,8,2920,0
1131.2262387379083,6,0.15007105346093855,16,1291,0
655.4390016154751,4,0.3042710640499737,22,156,0
1118.888086717547,0,0.07747039448727783,1,1104,0
378.8094118954384,2,0.14855808580427804,16,1024,0
2336.146250096073,4,0.22131853630715112,2,292,0
2936.53333577326,2,0.2762798594109531,7,1005,0
3533.4298322276723,4,0.1537389874027953,9,1388,0
748.3129580709597,1,0.2315207857904248,15,385,0
380.15341614922767,4,0.26821589145788743,2,3598,0
1558.815343353625,4,0.34724305832663177,3,167,0
6349.137920687192,2,0.14180920162718377,2,1252,0
1175.4303732397066,4,0.3340582969286582,5,2860,0
1723.8183601171295,2,0.2760639838112366,0,2569,0
867.0325801637118,3,0.37008313993573694,4,311,0
662.8374549264043,2,0.34712977219032654,5,2495,0
2118.102540036672,2,0.23962468207940146,15,1759,0
986.2730395632678,1,0.11110805659883022,13,2943,0
1641.758022362429,1,0.10689970226060076,1,2261,0
1821.66620275107,4,0.1343579309416035,19,3054,0
1552.3370353805317,3,0.10639952052912022,12,1839,0
1915.7324700811453,5,0.3015941821125934,23,94,0
467.3106627550662,5,0.11496986220934836,14,2755,0
439.6463455688376,2,0.1507934345165498,12,3646,0
1050.8749621025925,2,0.2943820050183245,19,755,0
1076.465943237542,1,0.14327896969650328,1,1099,0
650.4582882381321,5,0.1668580009559893,1,3508,0
1395.4891757601254,4,0.02670124331606859,0,2146,0
2719.538377775994,1,0.29734521370291545,23,466,0
3595.7643926276146,7,0.37612422485870844,17,2879,0
4501.931800531083,4,0.13521320489980831,14,3147,0
294.4762447773046,3,0.2810035700469901,1,2863,0
342.75003696529836,5,0.08003910767174051,5,1674,0
3142.231165246585,2,0.8365856768744292,18,556,1
1188.3089689792985,2,0.1061857714319738,1,620,0
864.0079724576399,7,0.18037868825259112,3,382,0
631.0345843390336,3,0.1591432713529083,15,2692,0
808.8243388537426,3,0.18129677226372715,7,1771,0
3389.7665693289937,10,0.42906191910378844,15,397,1
290.14405853491047,1,0.1439535527172833,7,2112,0
11422.691889898968,3,0.12522614099920887,3,685,0
1119.8987331649664,2,0.043690936150991136,10,292,0
3136.4516565317977,2,0.0757503697064159,7,3143,0
614.0001086094564,1,0.01721935456168072,12,3038,0
1947.593121510062,3,0.17142689395675073,2,499,0
1212.0774567885294,3,0.0628182739126494,21,2341,0
2583.2624481791518,5,0.2110871690693347,20,3574,0
899.0629750920647,2,0.22014352954477362,13,2786,0
5174.839313342618,4,0.14585781411712376,5,3319,0
246.64354397960506,1,0.14663012403687084,13,3172,0
3959.054998431901,13,0.7157289034331843,10,776,1
1234.8684874943883,1,0.15123780253359753,2,613,0
396.1026130799966,5,0.07923312673537755,15,1811,0
7723.831823306895,4,0.1571962618615255,19,345,0
6965.312320065551,1,0.40685211036239805,4,2437,0
137.84491586963168,2,0.1482335179941091,14,877,0
1308.6932344106685,3,0.1299516750095174,16,2925,0
2220.888354993616,4,0.1559364453187229,3,214,0
1705.6555597099373,3,0.13319871931036645,12,2989,0
4991.688999248062,2,0.3198917713085283,3,588,0
4054.702945494579,5,0.436407444792943,16,121,0
1429.653457277363,2,0.1168981652141677,15,507,0
10690.42342210179,3,0.2600431496633211,17,2667,0
2798.5215048093164,2,0.4553251962829815,18,3508,0
771.6919985608519,1,0.1213218137012348,5,37,0
631.2187062931432,2,0.07884406044230942,10,258,0
3802.2242482887486,1,0.09937886887300211,0,3269,0
496.2330987413908,2,0.11872775086312169,14,2760,0
727.9713700300193,1,0.09000284824506548,3,3069,0
863.0115793471501,2,0.2702180129619979,13,3148,0
1565.019234440667,2,0.07792428311423151,13,1624,0
903.7399355033116,2,0.08183941094742458,18,2827,0
293.83814940399037,3,0.19810994248770547,12,3209,0
3505.4694859602932,3,0.11078403148645054,8,2071,0
731.8688646172542,3,0.055680901070047674,19,2031,0
8266.241980175922,4,0.14463409240702887,1,1366,0
1486.2181340341342,2,0.17685526631620058,3,3171,0
3894.059572697923,2,0.3391447064307073,17,254,0
2060.8246849682196,3,0.400718131917898,1,1975,0
4084.9152949821246,3,0.32703733922404926,11,2789,0
1939.7977543045192,4,0.22110168545889194,14,54,0
1387.3751144857215,3,0.11720178712932469,14,2142,0
3272.2532434057002,3,0.21547452894303507,14,1817,0
27158.34496676172,7,0.21663860878694446,7,856,1
837.3172755064969,7,0.10880579598783473,18,1167,0
2428.252125794361,1,0.37724979646425766,9,2193,0
1090.8964599110345,4,0.17042174518266573,7,283,0
1819.0306358103483,5,0.08218709508842986,11,1328,0
1143.854018483356,0,0.24809826710954486,0,3468,0
309.8906536552789,10,0.13595376884930838,0,298,1
897.6796632849741,2,0.031616434500268534,21,3555,0
2979.63197278845,2,0.20696349809051817,11,2007,0
510.1951893589811,7,0.17356664679852105,8,1697,0
2754.376673215264,2,0.039125624311721445,13,873,0
1317.6553212916006,6,0.1633180047151703,12,1260,0
1928.138101759273,8,0.3236224344339125,10,253,1
2713.013762064999,3,0.09617815213985653,4,3382,0
2166.853823504906,1,0.1728927840131368,9,944,0
1669.9468377108756,3,0.08042998297798276,5,884,0
3028.7346462441333,0,0.1303532311298429,2,1858,0
1343.5871846033724,1,0.45894845649207766,23,3612,0
211.73467694358334,2,0.06040175368654104,10,3510,0
751.3556639951421,5,0.22741300320771712,3,1763,0
180.47595890139868,3,0.15980541574626772,14,2363,0
2116.173589435574,5,0.0680501799322115,19,1329,0
2687.0516733272343,1,0.029205107177863322,16,3144,0
2812.1433852929113,3,0.07014186669981513,16,2791,0
1788.43228962096,6,0.027563725887051475,22,735,0
2886.8612821927522,3,0.288689770292035,18,3400,0
226.6476619690078,0,0.18548911798690915,6,42,0
984.7945868996468,3,0.025561281076090275,3,2958,0
266.4226642848472,2,0.12178585051055568,14,1484,0
766.3740658747104,3,0.15808653011878657,13,2617,0
5520.654692393517,1,0.3857016007055865,19,1724,0
3272.263356314012,2,0.10564070825076388,0,390,0
2126.6120520238146,1,0.15059681387946902,22,582,0
914.5021066157617,3,0.4727870665053731,15,472,0
406.0211352668937,5,0.1547928810377998,20,2961,0
1322.1674595841118,5,0.1590916976199423,5,3142,0
3329.827673122324,4,0.20732241932881162,10,3478,0
1652.2140059749208,6,0.40204754181107594,0,2317,0
224.5973426633122,6,0.24769100383436526,18,1879,0
1217.5682332406436,6,0.21855476193878728,23,2507,0
161.85029579108257,4,0.44338330272444876,1,1135,0
2450.8344395073236,6,0.22507497393417839,1,2647,0
548.393037692223,2,0.16967449456945033,3,1406,0
322.7501841032092,3,0.09051565603412548,6,397,0
2484.7582813975405,3,0.0630756639341573,8,2703,0
1918.651428378808,2,0.16141430306607615,9,1050,0
1383.5375807799383,4,0.055312145202008285,5,856,0
9815.400857108949,3,0.13270321890287815,11,2735,0
2069.370712165172,5,0.2600385834050092,13,661,0
575.3871220909249,2,0.13811911316647238,8,3538,0
1843.0993584674375,4,0.023587935596450865,9,1,0
823.7957777075997,1,0.04959446311656405,18,3471,0
3892.3128460494772,1,0.26390697406774816,15,853,0
1452.4066335475043,5,0.0659981824117042,6,481,0
1603.4667560490318,6,0.3565226377997509,16,902,0
259.2081974142735,5,0.20616621404596813,4,1999,0
1166.020116696404,2,0.11539915174636435,18,2903,0
1036.633938817946,2,0.1299265855169597,13,402,0
393.7777031177924,1,0.14693313987186327,10,59,0
878.7483044414549,1,0.15435014194778868,11,2148,0
4642.3427364796435,5,0.5039067778348185,3,359,1
1091.873602147215,2,0.11678233506534784,7,2183,0
267.1740472569861,1,0.0887549231736387,3,130,0
834.458629604128,5,0.2272134649086915,5,712,0
686.7533554582194,1,0.13058837516402771,6,1907,0
1330.770694625305,1,0.20827044639716202,16,3588,0
1194.5592428501288,3,0.20885100322912262,17,2659,0
726.6078604747414,6,0.33950629605557614,22,933,0
698.7804187220946,4,0.48559215767496017,3,810,0
1172.8859187831888,8,0.23597291922243777,1,3189,0
2872.611297925959,4,0.27450619956640077,10,255,0
1449.0167800786517,3,0.3116108701610526,4,3560,0
4550.850080123698,1,0.23243727560603147,7,3570,0
3405.6496006364573,1,0.22224296990508732,21,3554,0
4898.491091715792,5,0.0767297832914706,0,936,0
4309.7175693738045,2,0.22740787099731705,5,2649,0
5234.096482616666,3,0.18586066414478095,5,261,0
346.1448016984309,4,0.040148918709529746,8,2804,0
2095.2460628853255,2,0.41123475063345155,19,3543,0
3708.2693076478595,4,0.28479128376784885,14,1226,0
12363.410263458702,5,0.552359327473083,10,642,1
507.39063339156223,7,0.34314027052601553,0,1419,0
2116.206810918925,4,0.1647662160541269,20,2773,0
1182.2835567821278,6,0.05900651700087562,0,3526,0
6953.915999245754,2,0.06331625470826736,2,740,0
273.88501789804127,3,0.20365251558481912,4,280,0
1063.1244863939446,4,0.28652915369535553,9,371,1
179.35483732473045,4,0.28616815689632613,19,1826,0
1267.2649659061408,4,0.13673756681523833,20,2087,0
10549.56883416624,4,0.3491484453898333,1,893,0
1049.068998219948,5,0.04186792920319783,13,260,0
1213.220074634448,2,0.16390877968507336,16,632,0
7126.796337087301,5,0.2560104850874032,13,235,1
976.2410320513325,1,0.058545444176139536,9,1070,0
1581.337076566657,3,0.2863759303141081,9,2786,0
1623.2923315667933,2,0.21596318692725983,4,2878,0
470.8046950859923,3,0.20980795329009827,12,1986,0
2238.7759592333396,7,0.6906924415892678,5,986,1
2302.919457828422,2,0.0745527925024999,23,2477,0
2775.4720409552815,5,0.21750587300401475,8,1714,0
4017.847764156397,3,0.15200043772426086,13,604,0
1533.6964282101972,2,0.08020983023094931,14,1592,0
1565.2263283069217,5,0.16004024865475752,3,1632,0
2322.0016322662364,5,0.34597025572233564,18,1191,0
605.0008036812335,2,0.17871706833244788,5,90,0
580.6922625915344,4,0.10433666712742032,13,2773,0
967.9710137408139,3,0.19690061463121317,11,367,0
306.4278415592054,4,0.19864186204692205,7,527,0
1647.3130281304052,5,0.2903974986324059,0,3159,0
3130.9195808026507,3,0.058095342830429136,7,832,0
539.1297983382485,4,0.2119255593837087,12,3596,0
1694.5105039638267,1,0.06175220055096818,18,1603,0
584.5655659584064,3,0.18715369849382188,8,1477,0
396.79687425775194,0,0.11280758920355588,0,627,0
8566.041850017778,4,0.1407770608692352,23,2572,0
402.52888730403316,0,0.11062441531819873,4,2047,0
305.1125368743954,0,0.1579753099813512,11,1346,0
1359.286756016011,0,0.3308888552218247,14,1112,0
1434.428051644313,3,0.3059067413296987,0,2624,0
2137.157899939101,3,0.16263733770796232,14,2515,0
8113.04106092862,1,0.1034735869194824,22,3267,0
504.1481558056052,1,0.3456249011503118,16,39,0
614.9636510192711,4,0.23725421762002022,18,203,0
5479.699251412096,3,0.22623750637939,3,1884,0
2804.9016795981065,6,0.2020992239432849,10,623,0
2440.800498800162,3,0.12534804563655727,23,3595,0
607.9735054734067,4,0.12383237271646186,13,1871,0
3380.8695557748956,2,0.2829779520065941,21,2948,0
2448.382350047787,3,0.32168179446752954,16,2944,0
1325.4897173282077,1,0.30427256319544377,15,445,0
610.9848660809214,2,0.2889664818352875,13,1793,0
1220.1090932038971,3,0.17600947740310197,6,1194,0
5701.5131783817,3,0.03536422528025935,16,2376,0
367.24611904822825,3,0.05902138420520198,19,3166,0
492.8480600600098,3,0.16293812020218107,10,1468,0
585.3427452191962,4,0.10934279030280546,12,255,0
727.1834935668836,2,0.2803113577595668,15,102,0
1079.5108636289408,4,0.09754280565652788,18,2579,0
2859.983195799069,5,0.3013843094275233,12,602,0
1739.606321185531,5,0.25107762973482206,8,276,0
1165.4249349256083,1,0.03304261678178915,0,2077,0
1446.632144771366,3,0.3381992532837403,13,915,0
2046.7142069672013,4,0.12585953729846627,16,2023,0
204.03551131540127,4,0.1286898537198791,1,3589,0
3202.170665377846,5,0.20472856257136968,19,1362,0
479.90446704967627,3,0.06992350018796359,13,3231,0
703.7967652969058,4,0.11927508425825359,15,685,0
1541.3829650957641,4,0.08506538777966019,0,1439,0
1016.9814663075101,5,0.30343127759753563,14,651,0
1784.5658459868864,4,0.18426052168246637,5,2465,0
1263.7362860132403,3,0.2217299421910905,21,793,0
821.118728046003,0,0.2035639745044413,20,1686,0
5058.160554324501,5,0.20026741202906914,10,646,0
2226.231516427425,0,0.1046240843612931,19,153,0
1483.437524313515,4,0.31374433205180874,11,3635,0
2191.890825317748,3,0.30864106534108965,9,3058,0
541.6773382533747,1,0.18799452829461405,16,2555,0
9650.564999756743,2,0.12287282012613597,9,2879,0
369.57836393489623,4,0.201360335992047,7,361,0
3252.153623547931,3,0.3147689880127039,4,366,1
823.5083764907209,2,0.31770534220500424,9,2315,0
792.8116079115057,0,0.33509005317015117,19,303,0
696.2739879271778,1,0.06237818214147161,1,3382,0
506.8879630538256,2,0.12501612815299626,4,740,0
3598.7513059208763,2,0.0632769088373645,1,977,0
864.3582110511912,11,0.39685514829723695,1,496,1
2932.36310868822,2,0.48353713208175103,18,648,0
2097.576133037923,2,0.0885129883014969,15,2250,0
749.2770949612211,0,0.2253305745084801,20,2354,0
1867.9694864786811,6,0.22946485050170648,21,3504,0
936.4545437858797,4,0.07903758593935971,16,2832,0
364.67030138193167,4,0.07559526681959322,21,3022,0
368.54629892663195,6,0.18977716714754297,17,1131,0
2112.1074436440476,9,0.3730793890635465,22,3211,0
2005.3428521186975,4,0.20717914770649246,17,2821,0
1396.9008934375702,5,0.17169512212065433,3,3586,0
741.357867392848,1,0.18687745012671292,1,612,0
906.4795461225568,3,0.058252840169693273,22,2703,0
791.9092824049685,2,0.34293828844960544,15,2826,0
191.14950390536168,2,0.13522736665955926,2,1843,0
1165.9054218172362,1,0.24063398146046347,14,2323,0
6746.10937568307,4,0.5808422455837532,18,550,1
1173.3389874691863,4,0.10864253858370863,16,2646,0
6432.697016747787,4,0.10648081554774119,15,1147,0
401.5924848461848,4,0.07916228898404498,22,3623,0
566.171073823525,2,0.46712989091106205,8,2256,0
1252.6530181589922,3,0.2378589062983015,13,103,0
1399.355160976533,6,0.0816135112629177,17,3429,0
163.8237860691386,4,0.32226754355907006,9,969,0
2003.5943065625831,2,0.043132009721116554,7,1719,0
1405.7367753050125,0,0.24821692957734479,12,2801,0
131.7105953510862,4,0.23403578022969918,0,1823,0
3151.5603379257436,6,0.5855543440003913,4,364,1
488.5581381729388,3,0.1915820850367094,6,1924,0
696.9242575889334,4,0.1730080100862772,5,1275,0
287.69451786101735,2,0.3401210729305027,20,3010,0
1662.6843916885705,6,0.30577977544967727,9,2116,0
6385.444488752114,5,0.1912602491372339,7,2376,0
1429.4193247386957,2,0.008441714863450921,22,3368,0
126.54726797257328,5,0.26296970547248827,7,1826,0
1459.130570016,2,0.32079632807105324,10,106,0
902.6737638542833,4,0.07428006465391783,10,2223,0
364.6680418024913,3,0.2131563210742818,21,825,0
1561.8461521256158,4,0.31405666219685785,11,562,0
2643.2506040216017,1,0.17994673933027486,15,3574,0
562.0026235419259,3,0.252247416609123,2,96,0
211.93236466871264,3,0.19947313864372007,0,2602,0
146.6909159289791,0,0.05357227354821252,20,1223,0
563.5831634849749,4,0.060681241342299914,17,3210,0
938.7005551447577,2,0.11420372158317525,4,3571,0
1278.1382587928315,10,0.6789488924672421,1,561,1
553.7525394912915,4,0.04203145701132851,7,2399,0
1935.0714447392893,0,0.2411281698078058,8,383,0
1742.064261358968,6,0.08728075936450629,9,305,0
1338.8862662459253,3,0.11319691448844271,3,2772,0
2481.175662636811,5,0.28329604207721504,3,1907,0
568.8931592735412,1,0.273256920927522,6,1351,0
367.02896364032324,2,0.29193496923151796,19,508,0
650.4512324250832,5,0.3544654527054292,9,1996,0
607.1022500271652,2,0.1886840480559157,12,2571,0
140.9930423257171,2,0.269221834960942,9,3414,0
635.5122460908366,2,0.03846958143043121,14,2109,0
3310.4868931516967,2,0.2915606742252892,7,3455,0
2442.685751129799,3,0.10705512140596835,9,2475,0
1854.154093882684,4,0.13845865309036276,23,1522,0
1250.899339545343,6,0.292580392803937,19,2763,0
4669.926100072058,2,0.10882692909780231,19,2003,0
379.871145767947,5,0.300936612224391,10,1500,0
417.87104412015464,4,0.3973944734461002,5,223,0
10615.11978131853,7,0.46121454383242244,23,64,1
1127.3273089345387,5,0.5138251035339587,15,1666,0
560.4957684896145,2,0.26635398094443163,21,299,0
1904.4044742713775,5,0.13082797725021406,23,2529,0
707.3552665282976,1,0.15119603650819335,12,3411,0
474.60102538655826,3,0.2231990134944054,4,3061,0
461.5766768362936,1,0.32217914821137966,19,52,0
1512.545634508961,1,0.3724502624141629,0,2045,0
1347.2429132371678,1,0.1516731397388362,1,2696,0
4997.768374362099,4,0.15027332876477983,12,2447,0
820.4974095775716,3,0.28242858507533747,19,3298,0
806.6182848313368,4,0.11654164638832694,11,2046,0
4626.859071221593,2,0.1783628450504672,1,1772,0
2938.4772773281798,1,0.20113173158605088,14,3595,0
1267.6224062271408,3,0.28101322324725136,7,38,0
230.2089275894448,5,0.5291000208167548,0,2565,0
486.94209652942953,8,0.15518669871377164,9,2475,0
382.1851597702069,1,0.46808014811514037,3,472,0
1137.3448852365202,4,0.05753362154080917,0,843,0
659.6166846432951,5,0.09385708662416309,7,3097,0
5447.460919903334,5,0.13306169092568482,9,1082,0
227.8215817037583,2,0.02915087240315502,19,1477,0
607.2047976164017,9,0.5647855065593165,11,504,1
1400.561889714102,2,0.18408101559044254,20,1291,0
1847.2180873609125,5,0.12556142226293923,18,584,0
82.50540192733634,2,0.3063780890536882,19,352,0
193.36698128045416,1,0.05909388314182351,5,1234,0
3333.678164171236,6,0.5612254478430795,12,239,1
4255.823807219775,1,0.12868239322827202,3,2423,0
7242.783589792842,1,0.4466530140654373,21,2856,0
724.5150321371774,5,0.36338444613737925,18,2529,0
3151.4151776898907,9,0.6003549358432855,23,850,1
688.277699476913,11,0.7273864888040923,1,883,1
2065.6627534551712,3,0.43814617972466147,4,1742,0
5057.00446742631,4,0.1837917383826566,14,2421,0
3850.74046507532,1,0.24217776223150866,9,2407,0
1065.2868529234593,5,0.2347687080811,10,271,0
474.1237174251994,2,0.16982593257740633,17,1900,0
1105.6592078986328,4,0.0647694211570864,14,404,0
4362.439527107767,3,0.05108780503755796,3,3569,0
734.7151709968795,1,0.437040052511382,20,2887,0
178.49685297145285,3,0.1334158495779911,15,2799,0
765.0879133859294,1,0.18268371941629022,18,2003,0
829.6253775172685,4,0.4348220110922474,19,3540,0
177.45229970266413,5,0.3454698768969008,5,535,0
1383.0373419654345,3,0.21757196057553793,8,2519,0
6528.0256576335,13,0.6769967040935507,18,521,1
7043.726312121471,5,0.27103126279566847,20,532,0
289.3459535081974,4,0.13935145831446194,5,844,0
2276.789080386777,4,0.1752493886612989,5,2145,0
2883.7192642563164,5,0.25197610059699943,0,216,0
1843.8682081636603,4,0.052456073186599006,17,2321,0
400.69412959317236,5,0.2934270362311856,6,990,0
378.0677147996059,3,0.2746985488015333,5,552,0
1208.5743880508735,2,0.18272274443471773,1,1118,0
1200.1209949837412,3,0.17734091246530714,11,2744,0
626.761556331679,4,0.20852069227948497,21,1649,0
3990.3611259022537,7,0.29979498920984415,17,522,0
734.5429121346405,4,0.15883216843304307,2,3495,0
165.05838435382037,3,0.4487343587401498,1,3153,0
876.5059436839929,4,0.11274495160533511,0,1946,0
1772.7252810555406,2,0.3958448157055198,4,1133,0
1543.736649221077,5,0.27569680305245925,16,3565,0
1531.836447568818,2,0.4210148034313702,3,1986,0
4885.314847808643,1,0.12397763408682429,16,1758,0
359.67808687889504,4,0.17719328064982265,2,1789,0
717.8722666709182,0,0.04741741935391258,20,2252,0
5141.262948078437,2,0.03785662299003459,2,2597,0
153.33883997271562,5,0.10835087500504395,20,2640,0
1039.3029767702901,5,0.12909361932961663,9,2922,0
3747.7881385895666,0,0.3590256671711984,17,854,0
3692.342099257796,0,0.2405590667940367,15,2434,0
2122.0043578973605,4,0.1325503616941737,7,3131,0
2176.425871346861,4,0.42355427825521125,23,686,0
387.2137541855174,4,0.31351522602145404,15,12,0
4329.369004479209,2,0.18925432790638722,0,2,0
330.27917732803337,4,0.41855722573205445,16,2608,0
350.5793180637446,2,0.17935399243633454,5,1434,0
1616.2664875758933,5,0.27778160161395365,13,2103,0
669.8042491729003,3,0.5377989155748208,3,1240,0
1348.430630170605,0,0.2880948878528661,8,2877,0
1687.1012175270248,2,0.1998487025260045,13,1777,0
6490.5966510309545,4,0.09871512818351734,2,3486,0
1692.0982156676637,4,0.3631811386873239,15,1984,0
590.7929962164086,3,0.45188467018883816,1,2660,0
2157.030870766992,1,0.32137761054545727,23,1651,0
477.34800729409966,5,0.1486407212162204,22,1173,0
2733.0009249784666,2,0.09027615562048362,4,592,0
1169.84661343496,1,0.1919785193861981,14,3434,0
1636.8743467150873,2,0.03066623683830429,14,2293,0
184.81328088484656,3,0.18160488152608828,9,598,0
115.49813756096081,2,0.11192760314001479,9,70,0
244.34368213641122,3,0.21869395891577548,8,1704,0
6284.055653379893,1,0.1607145253011294,10,2625,0
347.87568089878835,0,0.0763788897232823,5,146,0
2280.864466332828,1,0.12697422996274313,9,1456,0
577.1442302766657,1,0.14353998805688833,9,1848,0
862.6162313234175,1,0.2252552042198308,0,1307,0
1048.671857559198,2,0.1783848177638343,20,2275,0
5674.730928875231,1,0.17906547144288812,1,3144,0
1967.4735382864367,5,0.12895047514362706,16,2784,0
1611.6812057401303,3,0.3580838182714286,4,1675,0
4010.609212632555,2,0.15653117708224754,1,708,0
582.1936569229924,1,0.14591134868179226,20,2773,0
3191.808544416459,4,0.16858876400859066,17,3636,0
2700.7980844774374,3,0.247119122895631,7,1170,0
2670.1751893846513,2,0.18050787600433782,13,1168,0
939.1575942127291,6,0.2774543997600082,23,1611,0
1996.0728465899829,11,0.4648068236906314,12,412,1
459.5171916111036,2,0.5170621371176459,15,3251,0
489.2226168358395,2,0.18352968731264216,8,3391,0
438.3364862753546,3,0.12758518950261424,3,791,0
1582.6370627910242,5,0.19188157992549162,23,2044,0
872.7626905272739,2,0.3027287475318374,22,1221,0
1688.169690549427,5,0.3618259887786186,7,1081,0
1786.2648088039732,3,0.1691507307783713,8,1898,0
380.0276243407053,1,0.08240008928339049,21,1523,0
368.7915089233817,2,0.11163569565608795,17,3414,0
872.4799002309896,2,0.1234494264945597,1,925,0
505.16205378683804,4,0.2482988114780746,11,3126,0
795.1196096509881,6,0.24743251856830384,4,531,1
5977.077463919906,5,0.21217290263268984,8,2436,0
236.66490273866964,7,0.06853266386218984,12,892,0
11296.614724531697,6,0.5218339167748617,21,640,1
1463.9248823857881,1,0.041711026851040785,3,2663,0
2940.2158706192868,3,0.2602030515603767,15,1912,0
2613.205263940356,2,0.12379632906286404,21,213,0
2032.3726390935967,3,0.1985215567674457,14,1342,0
5778.109309914016,4,0.09315631024617341,13,2774,0
371.51279741666514,2,0.18685967439834264,18,2543,0
937.8796371990647,2,0.03131128473313158,15,2411,0
467.38488704972394,4,0.2564123258715688,0,958,0
201.1237658314126,5,0.156182845879773,15,2794,0
566.0932863197763,2,0.16529384854485626,6,1310,0
7133.4322439772495,3,0.23371419407034094,14,1338,0
921.9890089271995,6,0.05742896500590533,3,3562,0
7970.605277130465,5,0.2718127623210756,14,2135,0
8829.265991242653,5,0.11310016165200532,17,3497,0
21919.46565465314,1,0.15982484847319678,22,3174,0
7372.359027417236,4,0.23639974341489367,12,1499,0
11592.711554253328,5,0.02583926431070672,13,1621,0
1518.0282094081344,2,0.20680173548702874,20,1974,0
1377.9170222502066,3,0.16832308970012202,12,2855,0
1472.6803123169568,8,0.46937447506748226,12,1235,0
1096.7013761884984,2,0.2346050923807404,2,3071,0
1273.676825967659,2,0.17072058768925996,18,1642,0
2326.6449311996803,4,0.22555543820440627,12,2513,0
688.270648278252,4,0.111699224777796,5,466,0
276.5456100111731,6,0.1874301875844966,13,2161,0
1577.5350258692574,2,0.06863970571906815,9,3035,0
548.5043254660598,2,0.13260260835072116,8,338,0
608.3354778217224,3,0.16744173659777029,11,266,0
950.7458384598526,1,0.08455545718785808,13,2496,0
755.8604585204394,1,0.3223037321322864,19,3401,0
7468.096467088677,4,0.47659152579728925,19,684,1
928.2104271506728,3,0.14416564378009308,8,2956,0
3499.7598746347876,4,0.031060945183276525,17,936,0
1347.5134025159055,1,0.13263947978994717,5,550,0
1003.7226309245112,1,0.10358711818704715,21,1904,0
1284.6228936554992,2,0.05576120994639438,5,1788,0
301.379460225666,1,0.08774083356368306,15,2140,0
1537.7524625274782,0,0.23108044203297745,14,3555,0
7330.845967339476,11,0.29093641011552623,2,551,1
2953.807889179125,2,0.14059607143116615,19,3196,0
1046.7642037920348,6,0.5379435688316848,14,592,1
240.0914272696565,3,0.11636396818145381,23,545,0
641.0974509439951,5,0.19046207071755342,4,3155,0
4379.379637182854,1,0.24887190747645516,5,765,0
1367.8225756107508,5,0.07064116238591736,10,1146,0
505.3770378231034,4,0.21454934102436254,21,433,0
256.48252485499205,2,0.38465717433115565,21,2663,0
553.3610576125541,3,0.3431790386717625,19,1429,0
517.2099430531198,3,0.16132672916900373,1,2328,0
2795.0847821775224,2,0.169740415129078,22,1449,0
3018.587390312995,4,0.20132999094816895,18,310,0
383.7909977831484,1,0.1285138843127088,7,215,0
2328.934303789509,2,0.19220406537172946,8,3645,0
2102.2361671615085,2,0.15613994190170094,22,3364,0
337.07962730194515,1,0.4332146699954731,17,1310,0
1008.4616210302269,1,0.3858993371965612,9,1299,0
1541.9759974674591,3,0.05674588990733778,4,1906,0
1291.0813715454055,4,0.25330416480917517,9,372,0
198.2361354104451,2,0.2560674877352909,2,1154,0
1250.35458055678,2,0.20144378896846604,13,2323,0
2071.9902368673716,2,0.08873004979543324,18,1793,0
5321.945275911021,2,0.14771405123343187,7,2284,0
561.8353300065008,3,0.07677275037763044,15,2916,0
635.5856412009042,6,0.09493977521337482,20,1900,0
889.921480010977,3,0.3038490979560894,22,3243,0
1467.3537996925988,1,0.1230827537309115,2,3247,0
1208.3580911312763,6,0.016733915111832025,8,1713,0
2006.8226676504325,4,0.2684733300698367,1,3190,0
355.95825323601986,2,0.12084775622900659,11,3044,0
1630.845203714029,3,0.4370642920369085,16,1568,0
2027.5316213002686,7,0.4581327009727774,15,591,1
2029.0249973588946,6,0.6494856423423122,11,922,1
6051.210582299809,4,0.2190249435691022,3,1851,0
270.902016084025,4,0.09110585314806464,22,858,0
829.2590005073228,2,0.14708915879634518,0,1271,0
306.54183161833186,3,0.2792052129628598,21,818,0
1278.020882197669,2,0.1872618517249143,19,2106,0
3128.2621803182224,4,0.09389536410754365,23,1803,0
1299.3963881899724,1,0.5529012805392333,11,3207,0
975.8258583425738,1,0.47037406012630656,2,3231,0
4139.79823056028,2,0.34451491399325007,22,74,0
1526.1483694000715,2,0.18025463236875622,0,899,0
2488.825163708011,2,0.18275978417176206,2,253,0
2242.299962028107,0,0.10839709019975045,10,1591,0
61.79111573791328,3,0.13145416909005095,4,292,0
1015.6978522371744,1,0.25308243399511143,3,438,0
373.12949505342164,1,0.015643586547207298,1,3635,0
478.51286940669706,2,0.08844339323059225,16,2938,0
4791.439213219573,2,0.1320143180816464,22,790,0
753.8507881147646,2,0.4251897656996728,20,3238,0
7277.6857255251425,0,0.25454147642070146,19,3551,0
268.3552278057989,7,0.14648248651749504,11,51,0
371.0471782892021,6,0.42125732736563143,23,3468,0
2350.423164557402,5,0.18375210212661625,2,1666,0
1043.264678545783,3,0.32367804135885847,22,262,1
1491.1864192109338,1,0.09233749430634955,23,1776,0
980.1377996135412,3,0.17718761833964056,5,1677,0
950.9141280908574,0,0.04662261127859819,3,3056,0
808.9716969905348,2,0.13514883773716982,21,2270,0
1312.243255413631,5,0.08686779654758982,16,1225,0
2083.1538274537393,2,0.4721627234140465,18,699,0
21197.056394481984,6,0.6186781790426301,14,913,1
895.594250206078,3,0.2896292122595217,7,1344,0
739.786554231866,2,0.08977753260059543,7,215,0
650.3680565882985,2,0.18697336958028427,11,1383,0
4768.484674130158,2,0.0778533486352812,22,976,0
2187.0850244205417,0,0.16170215757336004,13,895,0
164.1805231836695,3,0.0772367743712755,7,3152,0
157.09948973092366,1,0.21620636386352196,6,1771,0
478.1584297184041,2,0.20704260940270006,4,2553,0
1380.423263843289,4,0.13318096786321265,7,1482,0
1060.5361496426642,4,0.2128803727373643,21,931,0
1834.9610825491382,5,0.062414354432508,18,2615,0
920.1682721387328,2,0.11343436234864072,19,1828,0
4435.602653819751,3,0.22390632072852082,8,3475,0
2373.477311306046,0,0.13450948248744438,16,112,0
1185.0930896087605,5,0.22551503816442545,9,1912,0
3447.2753022606485,3,0.39886193343028603,15,648,0
210.83878212795588,3,0.1550250428626164,22,587,0
1007.1957744066558,5,0.05550629362804226,0,1839,0
1258.2942414410552,5,0.07778246844838929,20,711,0
2002.2693673547883,4,0.17796398685813422,1,1239,0
197.3214248145528,0,0.1681437661739756,3,3028,0
845.2167413664334,2,0.14274189823800554,11,1882,0
1636.7384593653326,3,0.034701352939338126,3,45,0
1767.2185102647534,3,0.04049826076037891,22,2745,0
3590.79836105752,3,0.2981877018917466,6,390,0
2348.437124309566,4,0.13764982481415242,1,3253,0
1031.8968098925718,2,0.04026027910595187,16,2225,0
2153.7671463016254,6,0.07706066424742095,10,385,0
896.6237895559632,5,0.214478312522082,8,3097,0
1270.0022521059714,6,0.0637530574943458,16,307,0
2427.9494931915638,6,0.16094829812141295,10,2604,0
1048.063240251657,1,0.08771522324495569,12,2919,0
1574.9671273716192,3,0.25799122158684695,0,595,0
2867.823817281354,5,0.09977414159260252,0,799,0
2235.376302175284,3,0.4209100791917744,10,3392,0
3764.8822162547713,7,0.23975085514615066,0,1237,0
35269.06716278903,11,0.4057696160939395,6,515,1
2214.8230083658395,1,0.1855090824637772,14,3245,0
691.3923400963099,2,0.12914372372709257,8,2161,0
1829.5458539927324,3,0.47917693053217536,11,1744,0
1752.5346956053233,7,0.05794420121416945,1,2713,0
2025.3761057116885,4,0.16655463395975031,11,2407,0
4890.335782245813,4,0.04629921737302936,11,2049,0
203.54528096514207,1,0.1344051580516108,5,829,0
4983.252111537315,5,0.045596360833061705,14,3074,0
6977.296976177624,4,0.06379930961518411,8,1237,0
1935.4026337393466,3,0.11302908539221394,9,1007,0
1982.5418861357402,5,0.19309912038143578,12,1051,0
861.224481895927,2,0.17191312350078317,2,359,0
1103.5902303950793,3,0.22631342267976304,21,662,0
2203.8302740167437,3,0.3265666748502974,9,856,0
2066.377581724645,4,0.3479620964858411,6,2798,0
2254.559141140396,5,0.052003029400677456,7,1935,0
2052.2018555491322,3,0.2204818934053876,6,3119,0
2692.9431280242993,3,0.06470381952899176,9,2619,0
2408.2332587420556,1,0.10102344392733051,14,2187,0
393.72446401434246,3,0.24274699849767112,18,3470,0
2520.6398159754417,5,0.05047681293671236,13,662,0
7034.533221200824,0,0.09138563271413451,22,656,0
1067.818699454387,3,0.0799826090854649,8,1176,0
4912.213569342578,3,0.07898615779718,14,1769,0
438.2128275843798,2,0.18046065493561536,4,3221,0
1064.4754061357537,3,0.33304525414158176,9,3169,0
577.5770469852896,2,0.18488943523366655,16,1450,0
4355.615679978688,3,0.23435969688460087,11,2857,0
5656.024585737728,5,0.360040474665175,3,1540,0
993.072706017779,6,0.06872458888841701,20,2403,0
3537.096679756474,1,0.3075126801804558,9,2105,0
5713.7259923435395,1,0.3344091438832668,20,526,0
1061.120964528287,1,0.20350855772641774,15,2616,0
1248.566799130259,5,0.09824934022666741,20,2044,0
2283.8442338876475,2,0.2670441192180809,18,138,0
472.22804659861373,5,0.09735175181302858,22,952,0
1224.2670228642382,3,0.23141621377134508,11,2000,0
9346.779329462823,2,0.10179891871756487,21,1571,0
665.1326402237928,3,0.2162233077992204,2,3534,0
2575.5702392233684,4,0.30495556855168665,9,572,0
1851.5982168728349,1,0.09935254472065008,23,1734,0
930.9765521478815,2,0.07321249647209788,13,1954,0
1368.7525997303635,1,0.07141837659545264,21,2749,0
6327.24331194693,1,0.03783182455724705,11,1840,0
1907.5922936076856,3,0.21016333987094493,21,2591,0
2230.1377263926956,5,0.1662345084892652,13,617,0
5436.345311018338,0,0.10534762614474995,19,95,0
821.0545601768987,0,0.20542769627074625,13,75,0
384.93908083181003,1,0.24698876818705157,5,1983,0
6427.541473257682,1,0.08775663583354527,20,1558,0
1257.0484884886184,6,0.006140505484357673,9,9,0
2680.0771225158765,1,0.12205771552119325,19,986,0
511.665358350719,3,0.1879044533218711,6,390,0
1617.3209184882558,6,0.14471311282774768,10,1212,0
366.15883517100843,5,0.17480652240917416,4,1332,0
2416.4754089435155,5,0.5448073845945062,12,837,1
573.6829058384885,3,0.23402863949521685,10,659,0
455.93290707761224,4,0.22007616543859435,13,664,0
809.8729071755246,8,0.12347146979735822,13,261,0
110.67625931308844,3,0.004474296170045605,16,632,0
343.8128821776457,3,0.25514762259764184,14,1602,0
2398.057122653887,0,0.18863628515312958,12,1770,0
1552.5692053789232,0,0.015796641673801834,20,3468,0
374.58286732186724,5,0.0980755552048655,18,2732,0
1896.7052282129391,5,0.17201441703828033,20,2875,0
455.67823153876975,2,0.0815561620454051,8,2096,0
2257.3884486697125,1,0.4200932106598147,9,2694,0
976.8771739033458,5,0.1921282951350489,14,3302,0
792.2498819837887,7,0.39876023165904256,0,3263,0
1001.1817950604974,5,0.2779074877252507,22,2733,0
14179.158535266526,4,0.5116361341483963,4,3564,0
513.4735303267373,2,0.030515270907481237,8,1573,0
1375.4808612910058,3,0.12297848351992487,7,3408,0
2395.5513916180594,2,0.28302710068401693,3,1284,0
418.88111765272146,0,0.12594729655834766,20,615,0
222.68142499595396,4,0.2693387652493225,17,3227,0
2255.541699039517,8,0.3478656160443094,0,696,1
2343.646200869233,3,0.03726435201318966,17,3601,0
778.9887064522193,2,0.4374785933278692,9,392,0
870.3488154894934,3,0.11089997353600259,12,2309,0
2726.4881041045915,1,0.13877411848843127,4,1953,0
489.6333866230114,4,0.07441764333235089,4,2565,0
1003.49550494972,2,0.14113530111076295,12,1207,0
241.32847171399428,2,0.4149924216154028,8,1595,0
1511.2902886436746,3,0.1083187648165811,18,3566,0
1379.542324966101,4,0.3731513379938377,19,2166,0
2429.732136017963,4,0.16408375323991195,9,1498,0
348.88552797556116,0,0.39941789872939387,17,2395,0
3430.0133656336193,4,0.371252670833393,14,937,1
305.3716744733363,2,0.44013781503618765,7,3630,0
857.3903626040739,0,0.11250541060154529,2,3560,0
4826.071566521289,5,0.22739475093662911,5,1326,0
795.7199036042895,4,0.16448103427524383,23,1810,0
279.80143076759384,3,0.15659945188269422,4,2145,0
555.6400736200798,6,0.2191960436778622,19,1332,0
218.99483971261392,4,0.18104020148821126,9,72,0
300.1334236219513,2,0.25170636803483304,22,813,0
2145.197598206744,0,0.3682089313156243,6,3296,0
258.1954258275041,2,0.6281268377753152,6,798,0
1498.6629011956552,2,0.19630767897513343,11,3577,0
1125.2299298931384,2,0.07580015787369078,7,2144,0
644.4980204389647,6,0.3381655366477354,3,2148,0
1376.5697290275587,4,0.15504179058837372,14,1036,0
429.37836102159315,1,0.04125730223083587,11,1461,0
2542.350690743556,2,0.16505682464901175,0,2341,0
545.4764873590495,4,0.23663846370798367,13,2963,0
745.1854483725425,2,0.30834036075233473,15,3305,0
661.5919621999072,4,0.2697694720212365,0,234,0
2185.2238797474097,5,0.02004907828703985,12,3295,0
1890.2113241237234,8,0.1834112736933152,9,2193,0
79.70233112200887,3,0.14922601359333323,2,720,0
1414.0920400032298,3,0.3137343847726277,19,1299,0
191.5994831860725,1,0.050120322604962686,16,3013,0
1785.0586630257499,8,0.6214300168289053,6,6,1
984.1968995991267,1,0.4124932412159643,9,1957,0
771.1953937686695,4,0.32704705586490174,21,495,0
1809.5242096345705,3,0.09508354945742034,21,3417,0
2253.132087455158,2,0.19780253655062,1,2735,0
624.9002049334974,6,0.529361899515312,6,112,1
487.94514780795146,1,0.2894532130564405,16,1950,0
1057.888740147617,4,0.182958744614344,5,2873,0
234.22165707016768,1,0.1373742657990214,11,3364,0
680.632167784761,2,0.4664727007829424,9,260,0
4222.057440612462,2,0.2972028284531917,17,2047,0
243.1550813870821,4,0.3736321246374276,6,1208,0
780.4593375798783,4,0.11140109160014182,12,435,0
606.4966392022362,3,0.18976459447537322,1,284,0
8145.882642884776,2,0.09217200905046828,4,1323,0
640.4293388098995,4,0.1330503478690221,0,1455,0
678.7067265827399,1,0.24604980918651737,20,1239,0
391.2063116864285,2,0.19299701588363635,23,2423,0
1106.9035522422519,4,0.48500559280094274,21,1676,0
1436.790456052859,1,0.6080824770415176,18,263,0
452.22513964380374,3,0.12103648639137765,17,1554,0
2947.529971247398,2,0.24240882965219537,13,150,0
1438.0791583374646,4,0.030663497381709946,9,338,0
2570.611966400023,3,0.07120117247488053,10,1178,0
789.8669173029764,3,0.06442697305942201,4,1765,0
1398.5403029023992,2,0.035097097085235646,4,3024,0
886.1653027239679,1,0.1460638077159397,2,2418,0
4711.122821097922,5,0.10450098910393286,7,2292,0
1231.839842129025,2,0.026638435410482775,18,67,0
1106.2751696784296,3,0.09879351343357669,3,2578,0
1160.566725986649,11,0.3462853252231756,5,951,1
654.6078601310011,3,0.2723499208965352,3,991,0
1390.9219433046123,1,0.2140260689883317,14,2252,0
9321.834770453215,8,0.34303844087244134,13,154,1
553.0463989602925,0,0.23055291002112652,19,2100,0
1244.61220341387,3,0.1809310645241181,15,2754,0
1318.3938455437408,1,0.07008381652941455,11,2425,0
1569.2663817655343,2,0.05824949536714377,22,243,0
198.8406197679089,2,0.34880672661113604,15,2517,0
434.9657534502893,0,0.10633776873480245,3,1221,0
279.82250176230923,6,0.3077575322720293,6,3076,0
1133.2948059992266,4,0.2846563432489369,7,2857,0
445.423996698981,2,0.11013890596503226,9,1599,0
667.6465265220407,4,0.2561172234078682,0,3259,0
332.1941131060497,3,0.16766469753356314,10,2716,0
732.7198723143669,2,0.2136312349549892,5,1947,0
356.3439438238278,4,0.02961166019461275,13,603,0
2340.005226819853,0,0.12498623525996694,18,212,0
1770.8730805426555,3,0.14322295203563262,13,10,0
1274.3981175577685,2,0.25537885014947703,8,1352,0
810.8297210199981,3,0.14170803498786688,10,641,0
142.92403047830263,3,0.12581684171052407,1,725,0
693.5292210649176,1,0.1142041143718917,0,2651,0
512.112053871835,4,0.18474179697781246,7,2713,0
1404.2718866046073,1,0.2150985956848299,12,3277,0
2037.9652626302768,0,0.18160610953518697,19,1466,0
1517.21646577293,6,0.0750577283066359,10,369,0
3877.8583521374194,3,0.049665107004998106,16,442,0
621.2202976318468,5,0.36187483160231504,15,1626,0
595.9901372435543,3,0.4267079288467259,16,2866,0
3096.0371342441017,2,0.01634560691015991,4,2090,0
1294.935796015439,5,0.06698844780833386,14,578,0
856.6258648077436,3,0.09390798173765794,23,3246,0
6950.16823607099,4,0.35339121649471594,15,3183,0
1954.1889898189374,5,0.160581721648658,22,794,0
906.377445742179,5,0.29990696761345115,20,3085,0
552.2800123184667,2,0.16486348233038473,17,2394,0
4131.982816470541,2,0.2714623446932322,8,988,0
1348.8356541676674,7,0.06975776012317692,8,3049,0
1123.8515171396239,7,0.34682031472087416,22,2416,0
2156.57464070505,3,0.281241468953532,13,242,0
2644.1048522320484,5,0.14828447660347838,9,1403,0
1900.4956213701025,3,0.11708426749750689,12,792,0
2654.404396209677,1,0.3201250257247127,8,1820,0
1722.2284796379492,2,0.24536692632256188,17,494,0
1910.0612401457893,2,0.2997727990255819,12,1244,0
527.6125170962317,1,0.46368583830894144,10,2590,0
6703.291018802388,1,0.2616724018368193,2,1003,0
319.3613885439548,2,0.09177723361466007,11,1058,0
1494.2469021138163,5,0.09141576776266232,20,1536,0
288.07847965627275,6,0.032841515730853685,18,253,0
994.1332591122189,2,0.17994973062382033,10,2487,0
619.3721862152872,3,0.18629571151414,10,341,0
1256.0860694895869,2,0.17417701073012987,0,3622,0
1543.4225759926287,5,0.05903740949834244,18,2501,0
421.4353129602388,1,0.14721260102184483,18,1907,0
1064.8460833770077,6,0.14696354904593545,16,2119,0
4419.024381128828,3,0.18533248797857446,5,1100,0
295.2241512326497,6,0.19335097665587542,14,1215,0
466.8211607222475,1,0.2665319962244847,14,3021,0
3310.4939252917084,10,0.6013164437592068,9,658,1
1185.0672621263382,2,0.21721627998400925,21,573,0
1275.5783082092948,7,0.07640771617975049,18,96,0
3048.1872501393973,2,0.1408582936610992,7,1444,0
495.6803672857336,1,0.17744505696485735,15,850,0
652.4045010246043,2,0.11725582803910399,2,2766,0
576.7207228825462,2,0.40541045143540266,19,2005,0
774.1742308109449,2,0.10194941389286981,3,915,0
4186.088668547176,1,0.21925043130632949,9,3467,0
714.1979756790499,11,0.5183306858952295,21,277,1
332.21461443420156,3,0.09120785071789567,6,3227,0
279.8676835440235,4,0.28265558491234044,10,2896,0
4454.6062434317855,3,0.18991051881676493,0,2659,0
593.2406089175544,6,0.33856977501976687,3,3462,0
791.0224537612385,3,0.09917452313921707,13,1751,0
218.1899081953778,2,0.1268391687271207,17,1471,0
843.5456024015014,2,0.18726959027425305,18,1591,0
2608.476780226324,4,0.1684214217210487,18,958,0
1412.2748446159894,2,0.18571158399773022,15,2589,0
984.5020188396197,3,0.1916253315211093,23,1543,0
229.31909797340626,3,0.1781016763415155,16,2474,0
790.0118242009464,2,0.09138238440390747,19,594,0
1270.181095191396,5,0.3221984209723626,7,1443,0
406.740399539176,5,0.11870877023111265,7,2686,0
2110.9453471909815,6,0.03547526275831547,23,3206,0
2657.3071693063066,2,0.28693351423466057,4,3580,0
646.356553127638,4,0.04111924496980105,0,2959,0
2266.1376686301755,4,0.3244642907887284,10,352,0
982.6572703299431,5,0.1122277511732956,2,3595,0
3453.480981799802,8,0.19909015508530356,5,1864,0
17311.378854928196,12,0.44135359660136153,18,179,1
367.3571435577281,3,0.1867763240086167,11,2559,0
2367.2504277220037,2,0.08886799998235466,6,773,0
4043.8988447395986,4,0.15767950932323535,5,459,0
415.432297860371,2,0.135807068929115,4,739,0
617.0063599922414,3,0.12431355972825568,12,3564,0
610.1000144062849,4,0.4166307191635854,8,2344,0
960.274097044256,1,0.1282251318013515,13,2729,0
767.8807854187883,3,0.0924643918488171,0,732,0
899.388791394758,1,0.2690805847823547,14,3501,0
2535.0999120299293,5,0.03750976055425475,13,2699,0
164.7103172843508,4,0.255482245159126,22,1726,0
414.09962226109326,1,0.09593778945344332,10,3459,0
2142.927312250633,4,0.3830870776206351,5,1972,0
1906.0268069477331,5,0.1349914976963144,5,100,0
380.4892048601197,3,0.2904364587483557,9,1544,0
1919.2733892662402,4,0.034483656042586665,18,3198,0
4133.4469763272355,4,0.2108706215583771,1,2570,0
1044.165713794408,5,0.2258316205235955,17,837,0
400.229838338046,4,0.22167742655970482,11,532,0
2630.5658557690253,3,0.24034013053501524,16,2014,0
6142.858281438816,5,0.07995120232962347,14,2704,0
452.08024468332457,3,0.2975981836886461,22,974,0
1140.53425226762,0,0.15370309406450688,22,2748,0
3262.1952421079004,3,0.21293069194092676,7,1113,0
1230.7250115055213,3,0.3034570682876266,12,1617,0
191.08219331866485,6,0.23778689799769345,7,3007,0
1708.579698652073,3,0.1605488693696946,17,306,0
412.0692277184221,5,0.07046709870769767,18,1063,0
307.7468104775013,2,0.15024009513579983,6,3348,0
194.85428231022186,3,0.14031094586283827,4,3049,0
6244.36100544246,13,0.4072387149509401,0,779,1
475.9385175045815,2,0.12764554053845273,22,1162,0
1530.4792188014956,3,0.04450441893045212,0,2832,0
1956.58215306421,3,0.49959376163711516,5,845,0
1289.2539410938903,4,0.126270326207328,17,3069,0
1475.232347318248,5,0.0523579357199153,3,2770,0
1605.2713511313423,5,0.007319035903580587,12,2917,0
1259.0310380073001,5,0.035780225295497715,10,1088,0
512.7767091926872,3,0.3245041898604647,18,361,0
469.02817339577064,2,0.36865180500520794,0,91,0
987.3439468924026,7,0.2896817388951245,21,227,0
966.6494839757582,2,0.23324936068881855,15,870,0
1684.661163116536,2,0.16545284507588218,7,775,0
3299.9086563091573,3,0.08800912846371022,18,2965,0
1546.7409146621758,2,0.025458716756725897,7,1578,0
487.4151777220643,1,0.15269065740056037,8,2262,0
123.82189287288517,3,0.13899848222375671,20,3076,0
508.2954099028778,2,0.08257046420220979,7,1468,0
285.8621319496876,2,0.1189427141895541,18,1752,0
528.2807139516715,4,0.33292261184197824,16,1915,0
1397.2719240240995,3,0.2318109240591749,20,1432,0
1193.1957703498488,2,0.24643123687508178,12,688,0
7031.656689075428,3,0.22893631291779856,1,2927,0
1777.7104514019827,4,0.18738205182641113,11,963,0
7399.496847612397,1,0.06342357757708815,17,1061,0
2242.035424682096,8,0.0795082785949278,10,309,0
3247.7143250560994,4,0.3337928746238372,14,2356,0
765.9353206478978,1,0.5554861914288387,20,1020,0
374.4621450990191,2,0.11266523044158125,22,1926,0
2627.69695783852,4,0.18351159599518635,0,50,1
1083.69358277355,5,0.15913661441249496,12,3274,0
585.1341376026201,4,0.14214251233990094,13,1594,0
402.9681697308298,4,0.18357535202490788,4,2929,0
1663.7638469687781,3,0.20308453037218838,11,2353,0
401.25728650876613,3,0.41970593013194507,21,1533,0
236.63244016350527,3,0.1927152784023487,6,2067,0
357.0635889057886,2,0.10762668081894684,14,1306,0
867.5251577916873,6,0.07011985965280797,6,2770,0
407.108971250224,5,0.12206405853573954,18,2913,0
872.977774437891,4,0.10024788727211749,10,980,0
1999.0839013475318,3,0.22082701419851575,22,247,0
1947.7751410421856,2,0.15395479448150118,0,643,0
566.3283824162294,1,0.26227717458185906,21,832,0
297.69170766392796,1,0.07561876137742984,10,2525,0
616.6962090663098,3,0.1744298520581252,23,1266,0
2112.53686461322,3,0.6798412498017018,21,274,0
2668.2983578013295,4,0.25079620613170917,6,3197,0
1560.70031757883,2,0.33991118684431465,18,365,0
3646.1826537043867,4,0.15507172756667775,3,2558,0
6180.794608535978,1,0.21366264090969625,6,2704,0
676.3915145110919,2,0.0573110832635959,14,47,0
4849.172030448174,3,0.13677279120989444,1,3099,0
845.0962102909202,2,0.15218624108505424,20,989,0
3040.717229288677,4,0.6891385830886885,9,163,0
2227.3603609047495,4,0.14486670273357785,7,2702,0
151.85734808624838,1,0.0985374429218978,7,1072,0
417.2864285713004,5,0.04530124351687164,5,2848,0
323.34248407432426,2,0.08444235257987716,2,1438,0
184.55600515134515,1,0.06757207272594148,6,3593,0
2642.062083273386,2,0.13681914237955134,6,1406,0
8679.95701210846,8,0.30895230026998366,20,1215,0
847.5310665686594,3,0.05206905298694888,23,3293,0
2576.4214117600773,3,0.15950051166835122,11,3076,0
4839.78374385494,0,0.47548535490494254,23,940,0
1350.6371191066207,5,0.34848284499643367,23,379,0
1069.2224008516107,4,0.07579144220560369,5,3607,0
857.7494772181307,1,0.1177544150575075,20,619,0
5977.061498215902,10,0.8700058367349246,6,795,1
2629.881455055561,3,0.1617778832011493,20,3269,0
1740.2862776129216,6,0.057504570199116777,20,186,0
1681.5362276966014,3,0.15367639946178707,13,1652,0
1041.8956765135438,5,0.09333471090886873,18,1235,0
222.97183765160517,2,0.06588908339875163,21,565,0
2691.1298116688026,2,0.10967231787160836,18,1772,0
303.49795741715275,3,0.12683471891651932,2,2960,0
2037.3101076774194,2,0.07894805959404326,13,2350,0
2334.928736630537,1,0.24794992634693594,0,825,0
350.57262728016576,4,0.22141039108765753,11,2344,0
784.1206213875502,4,0.5499212682047041,17,403,1
9149.683352528755,6,0.12444040081555523,2,1043,0
1012.8442712057442,3,0.15780954570809286,1,2958,0
323.6900184219923,3,0.2521578196695699,22,3504,0
2442.7487954523954,0,0.15217680872806125,11,1098,0
506.3989485105377,2,0.05891484222430203,21,203,0
160.68982878364963,0,0.1404012306506092,13,444,0
1844.1422588939215,6,0.051426530871691314,8,2163,0
438.50981040917264,2,0.05518057707166978,2,2069,0
1511.99967565027,6,0.1321650423120318,4,2237,0
1728.5363574785883,4,0.4849784118558728,22,341,1
2224.314804789883,3,0.022905549683608004,11,1214,0
1317.5092807535643,4,0.30911095029838426,6,531,0
82.33459823673124,2,0.18336392034507576,23,2786,0
1606.8203072193535,3,0.1220655915518991,17,2051,0
820.7911330711624,3,0.46130428612757046,10,989,0
4522.036127998091,0,0.08165258535103163,10,2711,0
1628.1633005836673,2,0.33318309104890403,20,855,0
2335.9124011867366,5,0.2458434492054775,0,2514,0
538.861833241568,2,0.259648027576828,13,2411,0
1811.6086073016409,3,0.10869057151078662,13,333,1
1068.8629180005112,3,0.1444478187398133,12,2104,0
764.623742684885,3,0.20287438861409612,0,2241,0
4179.759768473064,2,0.2136754465840047,17,2700,0
940.7533037345919,3,0.38741652909619384,0,1455,0
322.2018620872693,4,0.36643354689710206,22,1843,0
479.3442798491176,4,0.33152065620075727,4,519,0
2878.5762251231317,3,0.06430768214746599,18,148,0
927.7317752690846,2,0.0945487812607176,16,3585,0
879.4425422709128,1,0.17945705567972756,22,1373,0
3165.883901036228,2,0.4799230710782649,11,3336,0
439.3238371317892,4,0.4156115365035651,9,1893,0
117.310433819639,6,0.28952242704287184,18,3250,0
467.3756638347204,1,0.23393971947094294,2,3352,0
1397.0094008488932,4,0.053959693997237525,14,1005,0
854.4760547728125,2,0.0907265821381501,3,1490,0
230.34320213403225,1,0.3811225989682109,1,1991,0
3029.2172486528266,1,0.1591044185153676,4,106,0
1291.419068813818,4,0.056301026373061086,14,2722,0
1618.1109939066846,5,0.2646246079096759,18,3361,0
1668.3831450083712,2,0.23652122090059433,2,88,0
299.30878137875044,1,0.06495261490236584,6,3176,0
1484.5677277389505,2,0.35880261958424503,2,1517,0
2717.462401491653,1,0.1665857428604049,5,2153,0
3429.981787470944,3,0.09222225980582209,0,1674,0
2255.807599367937,3,0.24623989154941883,21,2137,0
1831.9379207235977,4,0.1394031584904612,17,53,0
192.9784906393381,3,0.5672089062120512,21,3517,0
1080.3770150630157,2,0.4961336556654412,18,1220,0
421.33390825353337,5,0.3980608624247957,1,549,0
3952.7542047641778,1,0.02812310022443292,20,1671,0
3396.0881101789823,2,0.05202088190897266,15,2606,0
423.88881381710024,3,0.21056876917756973,10,1641,0
1047.3535325522453,2,0.22229789885735404,9,662,0
1406.0075518381952,1,0.3368040863054208,9,132,0
2699.417417702145,6,0.09632172605959265,6,114,0
205.28140602197962,1,0.11370015390298092,18,933,0
120.3468134068586,4,0.057803026275309144,9,480,0
1139.2762949873154,2,0.20588291779369114,16,2478,0
87.23304169155313,5,0.18619174174060496,14,459,0
1285.075062232591,0,0.4348191646817656,19,1853,0
1982.6860070216474,3,0.35321528612213526,20,43,0
3774.7140419148286,1,0.07437825037993483,20,2210,0
588.4145689742039,4,0.08504189078831129,13,2154,0
1288.4325050389077,2,0.09432182723766709,4,1936,0
2103.8196229812806,0,0.33154156427386616,20,2565,0
338.4173819744484,2,0.1548950832423211,3,2477,0
2738.9989824302465,2,0.24179576935245498,3,2904,0
1442.8019855802245,5,0.11598934662038693,10,689,0
598.5761006990355,3,0.16535495772663825,6,806,0
1263.1710847787026,5,0.17642950004393188,14,237,0
954.0017585784838,4,0.14025439414129845,20,1472,0
2392.4517363947225,3,0.192607398694606,2,295,0
764.7430613186444,2,0.22406383143730163,8,1198,0
1924.9482331521556,4,0.2670311469942948,7,428,1
589.3783762201732,4,0.24264013842515475,4,1474,0
429.30050918348104,3,0.056642976431915903,17,505,0
1301.838521836362,2,0.178742409246548,20,3524,0
447.30126252509916,4,0.06513737081058868,16,2317,0
2442.0186490835085,1,0.3459664185399072,0,1498,0
1982.7350961479679,2,0.22227059242679748,15,2682,0
510.2422146476274,3,0.09886760621340002,16,1623,0
1358.0164641584702,5,0.2265597760913115,4,889,0
507.90788361326054,6,0.25612377391819663,8,3114,0
220.45358948306304,4,0.13686604266446553,0,921,0
603.5173762314273,5,0.3459604742128809,6,1893,0
1042.8192801611624,3,0.021443095999179092,14,2147,0
1847.1676130921867,1,0.281357941361268,23,1569,0
1273.4435037639364,5,0.11330248452379527,9,1810,0
2718.062569942172,2,0.20774244423414048,13,578,0
411.09890428824093,3,0.1988731801577956,0,350,0
752.425216853475,3,0.14848291472741196,21,2613,0
5678.070207390339,0,0.1741555529065938,12,617,0
159.00250344751018,2,0.11533530508947308,11,2509,0
697.8789712295433,1,0.2305200701556522,2,2212,0
375.59297818729505,5,0.09458592210561916,19,3270,0
901.9883423416679,5,0.182761375187011,7,342,0
710.2041845497147,1,0.22751596150001094,6,2060,0
2002.5075277071553,3,0.31585228707452945,14,2238,0
1415.9000129109966,2,0.1222119213550772,9,492,0
297.1931987289684,4,0.2624838306407386,17,2465,0
609.0119725162926,3,0.13166894302921295,8,3049,0
1096.5048059879832,4,0.15698043333653214,19,3514,0
2297.0498026006485,3,0.038066764722197076,8,322,0
12493.40625707883,1,0.3100944171057999,5,603,0
2214.5307055667217,6,0.11383752124864742,12,1152,0
398.41735218791797,3,0.10947490517744261,13,3220,0
998.4007457907414,2,0.09180230316529657,0,2172,0
1314.190538543207,2,0.040908388394748585,16,239,0
652.3682020875748,6,0.19887761691746184,14,1901,0
1755.0590919054919,4,0.16171560517140612,13,2996,0
113.13965171992085,3,0.2561635493549059,2,2495,0
1906.7387888838111,3,0.4240560137015277,18,1963,0
681.0342356975615,3,0.13578576815633955,6,2113,0
982.6910407021408,2,0.34127786098791285,23,3333,0
9349.39871865804,10,0.6684552256170171,13,705,1
310.5928294706889,2,0.11683297925083205,12,892,0
1440.4621500334288,5,0.11842289710593515,22,2118,0
2425.811966820315,4,0.35110722115969273,4,1675,0
5176.12985472483,10,0.42664245465570183,19,285,1
218.28634159799418,0,0.09170268267567248,21,3319,0
4231.858881078734,7,0.20148170184961298,6,3323,0
887.7107425837453,3,0.21937272859808057,4,707,0
647.0730215777958,4,0.051400454048832846,23,1085,0
803.933953009966,3,0.07898209593467512,8,1662,0
748.3371479618745,2,0.2808719055931451,1,1663,0
333.5591887935532,2,0.07306894385782536,21,1015,0
1293.2976923101185,2,0.0367229176077123,0,3310,0
603.5126443919264,1,0.09198142879343095,22,2797,0
2144.985930535785,9,0.11094145282492375,4,357,0
4659.848312646257,9,0.5905632905744782,17,675,1
5572.8920196807885,3,0.4925763247920215,8,1886,0
887.4630233293184,3,0.18128368543871393,1,2333,0
491.15032849807864,4,0.12344828387707751,20,759,0
252.20888801662457,4,0.29775570838649085,16,895,0
9831.466479314091,6,0.3034360610371157,20,2807,0
2126.234803333196,3,0.03403947342450364,22,1596,0
548.7154926289359,2,0.5234743965656882,13,1584,0
5961.963125317648,2,0.13333343640214404,6,1171,0
4256.329226524674,4,0.18435080827666392,10,3332,0
283.9285146632173,3,0.184847860426249,22,2288,0
516.2159186308329,7,0.12989904545341144,1,1371,0
960.7124598063747,7,0.21259417481913515,0,274,0
376.12250594138334,3,0.4859433221674636,6,3418,0
995.6746395403893,5,0.23338430145740366,15,2601,0
2234.9227583761526,5,0.2858601006989754,12,1543,0
277.7549198731985,5,0.0698268954790581,17,536,0
1469.9748164714188,3,0.3727651705532516,4,3644,0
3528.040777939313,2,0.22416467826218678,9,3623,0
1636.3447776932755,2,0.06671935744710888,15,981,0
1016.7673870134823,4,0.06540415700440082,0,191,0
562.2228156359762,8,0.019317448206223994,19,1868,0
2517.0475137669337,0,0.07642951528413988,19,2966,0
338.01148964978324,3,0.024098629507100316,3,2153,0
1397.9914558714213,3,0.020281106985512335,12,1743,0
1124.9745960034766,3,0.08169782025790656,13,2869,0
3379.9325282097866,1,0.14844207117334537,21,2711,0
612.3176837531773,2,0.10967656040291746,10,366,0
666.6493450469726,3,0.1236236233377271,3,3578,0
599.3406088482682,9,0.3535370628205399,11,494,1
1698.132292477276,0,0.08385690246359645,5,2667,0
1008.7697926629417,11,0.4316848606028411,1,271,1
463.092131647483,5,0.21133259487796036,18,1379,0
509.3746176263853,6,0.061562133844688165,16,1408,0
1876.3909370260344,2,0.0766232367360037,15,1032,0
363.9583726614808,4,0.4845907167160609,15,478,0
397.75412381479026,1,0.19189665064240413,17,270,0
2687.4858989434297,2,0.12827722843601938,7,693,0
928.7869911203253,1,0.08575939198715735,20,1380,0
2851.057012221268,6,0.18105114603705816,10,2305,0
765.588014282901,4,0.05506951329696611,4,2959,0
1095.3991546294808,4,0.1544274407000561,20,118,0
1282.157227012608,1,0.13578067900511717,15,1752,0
4390.885820489735,3,0.11064819599231872,10,20,0
4047.573424981187,5,0.10715265781101936,10,653,0
4308.415813639543,2,0.5408617417661493,23,40,1
584.7480847131735,1,0.1424777673639549,2,2540,0
808.7485105673056,3,0.5956423981435055,22,467,1
2346.7612452863946,4,0.2132251363336302,1,1350,0
4344.907298681666,3,0.09791073568670113,22,496,0
3508.060964752075,3,0.17405127746758686,10,274,0
1111.0371832300157,4,0.3439084931659477,0,1820,0
2270.6207809526177,2,0.026538144836299196,20,3357,0
2310.8891735931225,2,0.05105249414052006,20,804,0
1272.7596711510234,4,0.06543279425773449,6,270,0
1329.2546156326432,5,0.16618407924941753,13,1478,0
1209.7818545031444,1,0.2292261000166382,5,2162,0
498.64951126002103,2,0.3035169904913097,1,2309,0
552.2205769832591,2,0.3697115320446765,0,343,0
543.7609056069224,4,0.02565169909893812,14,1001,0
221.5754632236357,4,0.08071057028119828,5,2736,0
1265.0411462954512,5,0.10014940709875292,18,401,0
1053.0296055411523,1,0.1544649675068158,8,3455,0
2349.5148421692647,2,0.33888201735087153,10,605,0
3868.8681787555997,0,0.24984753942733723,10,2857,0
4122.826970142566,7,0.1299413172950141,18,434,0
4529.946726755258,3,0.3700328245466821,13,1760,0
1451.9233524901113,7,0.2550103096243403,20,353,1
261.92042126985075,4,0.22848256919236415,10,3581,0
2781.4942938979134,1,0.203331496649127,10,365,0
4368.318529563837,1,0.08459203567959087,7,1371,0
5197.808883496234,0,0.19514315279586283,13,1431,0
1781.1174187936913,1,0.1817414168571365,22,929,0
148.90314371517047,1,0.18597766098965574,17,573,0
1580.6784987539045,1,0.2860303843912631,23,1465,0
5191.339092964396,9,0.5307286915398766,0,457,1
3835.5764724214537,1,0.16841623781695222,10,2243,0
4580.798898956223,5,0.10865969640893809,19,3110,0
2723.3918970660347,2,0.11451409953117586,16,845,0
609.5500741779664,6,0.1098047776856816,2,2884,0
391.85139967050713,2,0.11573542026601379,14,3531,0
1870.500183361581,2,0.11760414620357276,16,2612,0
496.5006981237821,2,0.46586315363907954,0,1935,0
4794.080021387364,0,0.20042396639769205,6,3450,0
199.42556573979036,2,0.19331472405514183,23,2802,0
1933.1123747155075,2,0.5671028300036882,22,913,0
1509.5018500376843,5,0.20197250116321516,18,930,0
891.7923664703266,1,0.20754869484063176,23,3356,0
434.7989436321623,4,0.13386514722814846,6,9,0
139.52219569880452,3,0.15603576165090782,3,1676,0
644.5621918031776,1,0.01929810005819551,20,170,0
655.9711561973205,9,0.055804459265235265,14,426,0
3333.361918590508,5,0.08641917650442273,21,3621,0
501.2697411671529,4,0.48423662224063097,0,2065,0
1724.634828727269,2,0.1807144948597017,7,2782,0
301.19569306129216,4,0.04589137989317561,22,2782,0
1772.6806901972561,7,0.12398484653495334,21,3480,0
117.01470934761531,1,0.07897359955846553,23,2683,0
8913.267517013785,4,0.13609624939091264,0,3410,0
952.3498656401662,1,0.1780196286061232,10,1512,0
67.0540677701912,3,0.13781130980312764,15,286,0
534.9913210564997,5,0.2968926413968168,7,1617,0
456.8420771336444,4,0.03344616947043535,20,1819,0
569.1715418031602,3,0.137551199970718,15,2447,0
761.552112648976,0,0.1430557652027965,1,2695,0
565.3148579712899,0,0.1571268346812671,18,1308,0
484.72800681410763,3,0.39774064958915917,16,969,0
344.23241285184525,7,0.13215750429218498,22,2995,0
2494.364893137465,4,0.22970348820011852,22,3112,0
3645.087374589479,3,0.3969776861977212,10,1484,0
850.161368503035,5,0.05523460811502899,0,2903,0
1077.4617795869142,4,0.19004589078664572,9,767,0
355.5511567759474,3,0.11012908164077537,10,2306,0
1177.3491394698926,4,0.17019348587580996,12,284,0
1380.1724887024855,1,0.4572656498108218,13,907,0
880.5981480689056,1,0.6072874282109929,4,586,0
1629.5757400921068,3,0.1078399597487389,20,3235,0
1493.2478354440227,2,0.2675047781092184,0,2069,0
382.1681178630981,3,0.09196877653822509,16,606,0
3615.7244431561926,2,0.2805217942548309,20,459,0
891.0082976539941,4,0.056874988890964366,0,476,0
5858.047300783643,3,0.16241225318083252,10,1414,0
1669.7356332213672,4,0.09428765424984471,7,71,0
7870.942795585346,3,0.15896433410798233,16,1637,0
3552.010887587144,2,0.17905988644593687,18,3273,0
1376.3490111294848,4,0.019156224264640066,18,437,0
532.1328272076759,1,0.28647021741319656,7,383,0
543.7189760475911,2,0.32836153844827004,9,1823,0
1868.7672819874965,2,0.2918093004390126,23,3545,0
1265.3778899578347,2,0.07302765148571422,9,2731,0
608.4859143502716,1,0.2107663103734266,18,1997,0
2522.636711556329,5,0.2164533816724174,23,2524,0
1139.9860795079314,1,0.1540444495772687,3,2631,0
2537.6908067483355,3,0.5488886999958973,19,425,0
413.447248553264,3,0.30511561106991053,3,1354,0
2979.3834675420057,5,0.16700760045797386,18,1441,0
1809.8433423880504,2,0.15285092107977188,9,1669,0
3632.112320395025,5,0.06790551231841335,3,776,0
2914.4328018206643,1,0.30200065291905315,18,529,0
1007.3179667089879,1,0.16876869467216626,5,88,0
929.4801574272242,0,0.11654603722858733,21,1666,0
6522.617246774712,6,0.2668355117975103,22,2748,0
820.1043027279991,0,0.2329387222413848,21,1309,0
2317.938979309815,1,0.2914690281021583,10,3019,0
748.905650138506,1,0.19440239730618442,11,1575,0
326.8330417718183,8,0.40344257433982217,1,880,1
321.3917879783635,3,0.020205425369947506,14,999,0
1645.6996383749859,2,0.17645816780760976,20,888,0
2210.8485931353976,2,0.3858469803712231,7,854,0
1651.127074600458,6,0.09087192272802297,0,1134,0
3449.379026111942,2,0.3771323582975723,4,3459,0
2300.634582809173,3,0.4527404236635661,8,393,1
505.1044773231768,1,0.2839481586332153,17,1991,0
3554.268554368675,4,0.23396354546198916,8,384,1
1299.3351128112683,5,0.03380114946695938,18,1578,0
616.736579444602,5,0.11127309444635614,7,2224,0
1759.032641589704,6,0.2511649821512384,2,2190,0
1187.2205311445887,4,0.34496023740016407,18,3631,0
598.8429933277949,1,0.2806118057027294,14,3395,0
917.9420171108138,4,0.10650436480510798,3,1395,0
4507.81184173105,1,0.07725890766454695,15,2493,0
4362.880642806199,2,0.36072362869436053,3,329,0
1323.6444250275936,2,0.34750320082499814,15,1887,0
1161.2672653137627,1,0.14366838934721582,10,2243,0
261.6359445180639,2,0.2817036818705267,11,1188,0
6120.292162676214,4,0.08810942566602355,23,1131,0
3091.2842157899604,3,0.3605937088390232,16,2768,0
2326.107551203854,2,0.26408019219331097,1,2787,0
112.76085885824132,4,0.2576826770317217,11,1315,0
1142.4411946248274,2,0.36325581020689696,19,1173,0
965.7174452461255,4,0.17286431950669676,9,3594,0
6051.606134254737,11,0.36635745420445076,23,713,1
698.5237548223171,4,0.026541464211149644,4,369,0
869.8230355515124,2,0.31811435938244886,0,1536,0
2037.3657206233263,2,0.26270020487324947,20,2253,0
505.9417949415845,1,0.35358870583624613,5,2729,0
617.6718421009372,3,0.10260123864813801,23,2623,0
1330.522019083351,4,0.156239259731287,1,3219,0
4181.752530617951,5,0.2588087877483202,17,1037,0
2461.3610227722643,3,0.1101100602369084,13,598,0
3214.4259559727984,3,0.23203058972994975,23,9,0
1168.313816972526,3,0.04535568602394375,22,3631,0
4890.637899629069,4,0.3568452908101215,18,1007,0
192.25403096972101,10,0.02994363533113807,20,2367,0
8285.30894131952,2,0.2577787288652642,14,3627,0
9431.014718371021,3,0.45233950123418193,14,2872,0
1731.2800886961138,4,0.3336217375729932,14,1005,0
2520.626189251018,2,0.44330161404499585,22,542,0
1055.7430766049424,0,0.1398548165824515,0,81,0
889.297332567387,3,0.008465782932141539,11,1070,0
595.3381864314636,5,0.11470045185443567,0,1325,0
1044.1808524286357,3,0.15219189106703068,23,3625,0
1912.054267143312,2,0.4173296144083521,6,3197,0
1668.839656026915,3,0.23452017668597414,4,1568,0
7995.251418106433,3,0.13623198457893843,22,810,0
1212.2998606461406,2,0.08794824278285107,19,485,0
247.44081909658243,3,0.287277640171502,4,1448,0
5677.751787059115,4,0.2960738079898238,1,1098,0
323.45038142871397,5,0.23076524555884134,21,392,0
626.7884444296864,3,0.10475769835117643,0,3472,0
1439.0567473119202,2,0.06844613904262033,13,59,0
1664.325278696361,3,0.31080730857176403,11,657,0
258.4136720888888,0,0.30838059938692547,14,1485,0
519.8434786278727,4,0.07033022295193923,18,2311,0
249.43978383987937,4,0.12798333203347018,21,1604,0
2562.6473881313723,4,0.662081012731407,1,417,1
3580.937385704062,3,0.16160932432605263,14,1765,0
323.1646532602231,3,0.04520507155339462,19,1437,0
2968.0485235180927,3,0.3001971107955144,23,3248,0
2781.5921103672085,3,0.04540344194683059,22,2245,0
567.3232290029262,1,0.033193652691486865,0,507,0
151.0213117287027,2,0.18483255461689357,0,1845,0
375.68235311871894,3,0.39135342258313355,5,643,0
604.7060142624495,2,0.17655237953074096,1,3524,0
5123.898462759165,2,0.319587311061212,0,2722,0
974.2787220586345,1,0.13193108380198498,19,2789,0
635.035054546487,13,0.37232900832743004,10,854,1
1271.3677328491265,3,0.4218379452680537,3,3083,0
300.2610698734028,5,0.3840459008205414,18,406,0
1834.1566255007574,3,0.16641798347263254,3,247,0
412.5411427199683,3,0.12230701816214432,13,3418,0
476.9808101613732,8,0.18138994216931198,12,1506,0
1596.3771321445643,2,0.15968273276742234,15,1599,0
6312.16297968941,3,0.16248975671676386,14,1978,0
9875.256461687619,3,0.1464605485535674,12,3564,0
387.6622590651221,1,0.11681813408153124,6,1738,0
603.8909729526498,3,0.3315571550680706,18,65,0
1836.3446749904356,0,0.13955313100957945,12,1545,0
3529.068903104043,2,0.11212534165611823,14,1649,0
125.95394325566677,3,0.28909103395670244,4,3459,0
1196.7164802602927,2,0.05615861474732163,12,703,0
673.7485859436739,3,0.25294898840075714,0,2493,0
538.6966939582948,10,0.496585773925867,4,633,1
287.96306345183876,1,0.5474147775923958,1,2781,0
621.5557071737139,2,0.0073682786404156795,18,127,0
1163.0661387409416,4,0.31956182366260105,9,1978,0
3005.2103973162048,0,0.24295428579098463,14,2020,0
1562.9777815824207,3,0.18332811038383162,4,2232,0
2828.6064169162128,4,0.2352022669918265,1,3127,0
1429.2138255074783,9,0.36315451366409074,15,115,1
541.8851361528915,3,0.3624164422542337,8,2917,0
912.556540865548,1,0.10480680629035823,13,3121,0
2198.470889520818,1,0.20959326207993273,17,3292,0
3079.622086732933,8,0.18583182684539917,14,606,0
945.8890846957744,3,0.5471637977836648,18,1916,0
433.0636598422561,0,0.3950181381194378,2,2344,0
1534.0370888254502,3,0.32351847933573163,10,1761,0
1768.6661675713694,3,0.44589068636021023,21,2502,0
3762.0491929564664,2,0.015163447067910224,4,2864,0
556.2607321462498,4,0.10483593554901245,20,126,0
562.3940415373356,3,0.09496188259170964,12,1712,0
2335.9178994324234,2,0.17201064642422698,8,2205,0
729.6510666594324,2,0.2682670018110528,10,234,0
699.4650421126929,2,0.44480468741200924,10,3018,0
3843.5045405254664,1,0.053080964449567114,22,3542,0
278.3820341077021,1,0.0722211562113112,10,877,0
8571.543837574349,2,0.12639342372447734,3,2832,0
594.2883188627728,4,0.21176310685925465,10,1096,0
2609.015961034155,5,0.14705275454583353,19,3506,0
983.5813390547945,2,0.014601126170054622,9,3150,0
1438.5087775819266,3,0.27513928633666956,5,1380,0
843.2078607274419,1,0.050497971049414635,11,2275,0
2582.6638675074096,4,0.07370189695530134,23,2427,0
774.8551634216363,1,0.038948961201652345,14,3519,0
618.3493123746731,1,0.41886584091474105,14,3016,0
6723.350031356456,5,0.25317676032578657,10,3355,0
3115.0025448144725,8,0.6863046912835042,22,884,1
557.9695767717214,3,0.3044895477787323,5,120,0
247.08030619665018,4,0.24202180538034668,22,2913,0
7083.886884535094,4,0.2750833434159939,14,1015,0
631.4852746994637,1,0.17045399188712923,11,2159,0
8619.98168116965,2,0.24624659969108748,7,690,0
1634.1112399587962,3,0.40838540034808235,2,3107,0
1265.0731180262105,2,0.08794591727275734,2,734,0
1299.6415989553125,2,0.20383421181536993,4,2394,0
35439.18280785951,4,0.554993428253628,9,317,1
122.45963072601857,6,0.05202150896786289,7,66,0
1358.7786442086217,1,0.23792648210223621,14,2288,0
841.1721976565993,4,0.14575604882094584,2,2650,0
886.1680585171522,4,0.25963545552525036,6,2420,0
1273.2294834950549,6,0.1590235553735823,5,1957,0
840.2889749747463,4,0.05667768564235148,23,2954,0
1323.626592901167,3,0.37871495098021013,17,1296,0
1071.0797575520298,1,0.08423322328471163,21,480,0
294.84264929503115,5,0.1501278786004824,19,2505,0
1605.7818289668332,2,0.3721053155670976,6,1254,0
2244.087932990712,4,0.15576787706256984,10,1509,0
637.7423632892127,2,0.2413842473994984,21,1321,0
7100.326715398993,2,0.2290385569971992,21,2124,0
4169.584817403126,1,0.11933872395053814,5,441,0
2550.2643492988054,4,0.29034075870576626,22,1131,0
2519.5125872200383,4,0.265777519706631,19,3048,0
1130.140174914488,3,0.22044222127476268,6,2604,0
3433.625931668477,2,0.26865505002832074,5,3066,0
5275.108949486677,2,0.037226916011396334,1,717,0
2460.2641785424335,3,0.07749898152533476,8,2866,0
619.9982516945337,2,0.1346036493864706,22,3609,0
1053.9692580214785,3,0.2751304378806966,19,508,0
1946.27006560595,4,0.265126578083023,9,3047,0
2534.48288238377,1,0.46515024907058933,12,1134,0
1014.8770848333032,3,0.11564964083994775,5,805,0
622.1563656668576,5,0.17912799084858164,3,834,0
5346.551151178553,2,0.11159230671377768,10,706,0
375.28295401344997,6,0.03216935670606902,21,3287,0
427.80532516723576,2,0.1143981526527962,10,2706,0
290.86876628864223,1,0.19659461381631557,11,1932,0
426.85705030525355,1,0.1821649470978316,17,1894,0
3817.4764843725065,2,0.01630380891579093,13,631,0
3947.4803035376317,4,0.052034655492826896,0,2630,0
1018.3658009624337,9,0.4330622512140579,20,725,0
1801.3909501622702,1,0.16756819308753307,15,2806,0
1085.1737836115612,1,0.4752369141891413,9,976,0
332.96027016442645,2,0.26728922442726527,0,2612,0
10077.968742465217,6,0.23833245870343975,7,2584,0
4336.140583856338,0,0.2364277685435839,4,1678,0
1563.0892106273864,4,0.3640226181881508,22,1941,0
465.96479199276536,0,0.18528131125069375,2,3566,0
2610.487688070325,13,0.6321521537588662,1,921,1
548.7124032376199,1,0.40767004322893347,14,3428,0
1209.0403695632074,3,0.19431358876398144,13,2148,0
1495.0623260171087,3,0.38372634977134484,22,1833,0
779.6729260690848,2,0.045624991176322384,9,1722,0
256.10493096806346,7,0.15239942349568886,4,1480,0
9247.041908777313,4,0.3094378390114182,6,2094,0
1390.6502838459471,4,0.08401210579634429,9,1319,0
1731.23793367756,2,0.09424111129225884,1,3039,0
718.8053615604169,6,0.26956080445324954,10,1608,0
229.9792033622203,3,0.1916739666310731,20,2583,0
3166.7743632638853,6,0.7313731460243639,7,286,1
793.7574936752928,2,0.18862833288643446,17,1794,0
2229.5039164591763,5,0.08868446355075242,3,2959,0
2713.725175226975,5,0.02480090507712318,11,2871,0
2356.727963154514,5,0.3604750026877516,12,2703,0
2946.202511743549,4,0.11286977154343907,19,464,0
6658.6084980412525,2,0.1308364928085732,15,3323,0
1619.4659923537617,5,0.1851488923599359,11,7,0
3291.885634656978,2,0.31018712608915305,2,3592,0
1796.9760767919922,2,0.01023220632251073,23,2379,0
164.01610103077687,3,0.2890884678107794,5,1573,0
1474.9328468066815,7,0.5253587015899684,3,261,1
460.48878115975424,6,0.04724324452764262,18,1141,0
1382.2022378486674,4,0.052536832691595044,23,826,0
497.1987475795414,2,0.33344156976849515,9,3533,0
2692.014813761073,9,0.7230704739000304,22,139,1
2924.9366407216216,1,0.032570164087704315,2,1700,0
3653.9718974944526,4,0.059459914434776204,22,3254,0
5537.295931219004,1,0.1866432633156841,13,2111,0
205.19811270886666,8,0.31888446345466576,2,2229,0
330.63001311993463,1,0.1418342223815237,9,699,0
20492.519297917916,2,0.35535601986918836,8,2636,0
3009.4834143051403,4,0.2881322388644686,7,1377,0
1372.5807021654418,1,0.30683856399722,18,1776,0
1132.3354064330892,1,0.059208800533663924,7,1459,0
1036.0180577261096,3,0.14431136687165902,12,3488,0
158.57908731451795,4,0.03384234112129091,23,516,0
506.5742440007567,1,0.4382487573757525,19,2262,0
980.5880134916711,2,0.16476352149348286,10,502,0
536.0031964288137,3,0.33147958115118364,12,264,0
610.8576842973079,4,0.10791265425989865,11,581,0
14167.86175666874,0,0.29297644039351206,4,239,0
852.6481341264538,4,0.13468344755269818,14,2386,0
1448.2627421795432,0,0.12709900192153845,5,2298,0
1397.6342782149395,6,0.09756726384116178,21,3349,0
1977.2445214898685,3,0.31553770667845815,21,1331,0
680.4247490531167,5,0.31103772959960846,0,2775,0
3816.0885912637896,5,0.18968788220859942,9,637,0
1708.8265632305222,4,0.1243309479702696,5,1164,0
302.7282766026086,3,0.2591960987448119,11,1184,0
984.8565546502813,3,0.24721829268095333,22,3427,0
923.2053394113029,4,0.23149608420886347,19,3535,0
881.6847313598153,3,0.22426479750569075,14,3039,0
4991.93189795425,15,0.5541262198864928,20,81,1
2068.8024435886196,4,0.47820897603183865,12,2174,0
1838.4039998470698,1,0.034866075202117215,8,3005,0
1539.0418986736618,3,0.07159375800050316,13,2884,0
1194.6848522952114,4,0.37847791424844135,3,1245,0
127.58629968261472,5,0.19601268184826642,14,80,0
2387.2387181406502,6,0.1576475549788236,2,397,0
1787.1082596445244,2,0.14574587724136726,13,2609,0
409.62361395823865,2,0.02556229311917575,21,970,0
1451.8331501204057,0,0.1206827685506317,0,3572,0
2096.319529453173,0,0.1048352051223832,13,955,0
3537.753022628639,3,0.09621951480283872,14,3126,0
1826.7641254036635,2,0.07897181661739867,9,3420,0
1512.6249632404163,3,0.15711582177991756,16,1036,0
2826.437369369733,4,0.25967381451377664,9,503,0
807.1100109072067,3,0.20290382616396085,22,3066,0
1655.7398374184506,2,0.20245427978593356,17,1020,0
589.2713689376366,3,0.33520589243324106,11,428,0
3328.5654941426938,8,0.1210088442303397,6,1913,0
219.26671943461733,2,0.0767955579047651,16,1842,0
2481.7945197196245,2,0.12623556751908582,15,744,0
1116.2263688551,6,0.15201282833518273,22,296,0
9844.80130000737,12,0.38601981772249855,10,801,1
502.4296497369208,1,0.08729872119187262,17,1062,0
1199.8880968661997,3,0.07132753701933843,8,560,0
1165.1791019129255,2,0.18126762539709068,14,3484,0
1692.3672374916912,4,0.21484018562673857,13,2155,0
384.6900900993653,1,0.46304578874255664,1,1062,0
2071.8870473875695,2,0.06576028994902473,16,1217,0
173.14092736456584,3,0.2786191686552347,22,1366,0
1910.3140311644538,8,0.30652358242578337,12,759,1
229.81393260946933,6,0.28948309972361946,22,1112,0
3450.3371886561704,2,0.5845465216260216,17,804,1
1636.1983939550344,2,0.571880917484967,9,2346,0
1730.2802124648676,3,0.29893670067244316,8,3017,0
4784.751628396046,2,0.3494708625082272,19,1218,0
799.5574050128432,5,0.2985500348516136,6,2179,0
2017.4420607912873,2,0.1424547968500957,12,1778,0
1171.4790177192392,5,0.25585630853616415,12,398,0
1006.0282636367646,3,0.07129063796017884,11,2836,0
4050.622419335144,1,0.01777401690110197,8,1649,0
8794.47852675643,3,0.26839478230108565,18,1648,0
712.3243369660152,1,0.2693668885418904,21,3422,0
2524.301302458116,1,0.37510688260848746,18,1219,0
1508.8709164247318,4,0.23554553304305698,15,1438,0
1527.0795850868321,8,0.22723498324888922,10,1187,0
1404.1363974296337,3,0.30809972035372546,10,2976,0
785.9726603376662,2,0.1604216010292703,19,1651,0
37.34729299788668,5,0.6193103824056334,20,353,1
5088.861062067785,4,0.01163222054236509,3,814,0
547.4479629468111,5,0.02685709819626015,22,424,0
861.2999821316977,6,0.16556829597524877,15,2008,0
879.8109897096404,3,0.1369896783407512,10,3064,0
500.7948853360533,1,0.13889221691303671,6,3122,0
1394.4287915753516,4,0.16031263932905768,15,130,0
1049.0996137639138,3,0.4239075834696493,14,2065,0
535.6409253419837,4,0.3776438269372616,8,3428,0
1273.216960720088,7,0.4801412807713548,10,794,0
1060.9853248032302,3,0.6077471134933748,11,3264,0
2773.4257593710163,4,0.09677439454675016,7,2865,0
287.0387466276032,3,0.12649991082958942,13,2941,0
490.1006014475186,2,0.1155215212011184,20,1406,0
2264.9265538552413,2,0.08675674146216258,6,498,0
872.9358867449622,10,0.5632889162467933,3,376,1
1749.8960062958688,2,0.5225132046770189,19,96,1
607.7168455863708,1,0.10878441712681473,23,3522,0
991.3040348686123,3,0.16527918862168084,4,3366,0
1643.1710063178157,6,0.5917107082546023,20,437,1
888.9505093107907,3,0.14695197487170955,20,193,0
392.0678264774881,3,0.14886408828368955,21,1613,0
2375.9649465864622,0,0.0995815740923645,3,3156,0
4130.772697404167,1,0.09239946113088279,23,2552,0
162.3202626495081,1,0.08683884378897605,20,3220,0
332.2206728614985,11,0.7916695367751286,8,863,1
2989.4866861539645,0,0.32926056718560887,21,349,0
5270.056384507677,3,0.33238630499580507,14,461,0
130.4279579925669,4,0.3707666413474642,7,2257,0
2478.5686152931835,2,0.11549033788345961,4,3349,0
5641.356819815149,5,0.248920017664288,19,2981,0
462.93549937069736,2,0.4344460583011131,1,1098,0
5322.337294330337,2,0.38128170264424244,5,50,0
917.8240624241921,3,0.06182392665942584,10,2305,0
1502.1265612218965,3,0.06765966239933156,10,1113,0
534.1980687513915,2,0.3266675630311767,6,3182,0
2984.0255571674957,2,0.37704518533435666,14,3601,0
2526.151096463756,2,0.30098216482520196,22,967,0
16559.32923418266,7,0.45167723902124085,23,383,1
4631.367079784752,1,0.2324473475829551,7,3362,0
1086.6446837202889,3,0.43683880748007253,9,597,0
24547.826978276327,3,0.015163440225887729,11,604,0
4233.535118685018,2,0.2326316112222732,4,3596,0
1882.8013660070476,2,0.1945665942587885,16,2629,0
404.5784263373007,4,0.44364368217824746,22,889,0
237.45242099964622,2,0.19208570933315927,22,836,0
258.51976281541397,0,0.31548177268249167,7,2409,0
431.097599349756,4,0.17336774746780914,7,2566,0
4347.267022247364,5,0.08052854040758274,19,2806,0
1784.848672550881,2,0.1723805879620483,7,1351,0
593.8500323121468,3,0.06320616831965838,23,25,0
957.3135623097077,0,0.4844813860911268,14,289,0
847.4684378380643,8,0.20857857754734324,20,1945,0
2440.725647337936,2,0.10250351468339051,1,81,0
455.41187877870703,0,0.11250308630031318,5,207,0
1555.7085595209887,1,0.08896023972353827,14,1317,0
1480.4269071580522,6,0.1106995839468879,0,3252,0
469.24827052622265,6,0.4144961306024381,13,2308,0
5366.901554201794,2,0.07115173347524308,21,722,0
3146.913664964561,0,0.4141222532690509,10,759,1
406.36422991282495,1,0.029274747672197142,22,2949,0
2573.1342298056966,2,0.447459902458245,21,3074,0
1158.0531754480037,7,0.1089585196739724,6,45,0
1649.8312891371543,2,0.10751990944087013,21,1079,0
335.39877593288423,2,0.36014633115609296,15,1422,0
2471.0940125978314,3,0.09051451568387739,6,931,0
9627.976561833217,2,0.16719915714599246,1,3209,0
310.1841862436555,2,0.11136549553670784,3,2256,0
1562.7600597316828,2,0.283066559159133,13,3415,0
500.04110480341035,8,0.11728233402048933,12,659,0
16148.881343533141,1,0.17733388597644864,17,3074,0
3788.1478252064735,3,0.03975717030495597,2,2811,0
1454.0489787225974,1,0.11397711935564414,6,3253,0
321.22201646353926,0,0.040933528528994824,23,342,0
409.0935772983975,3,0.19925122630769088,4,1347,0
2312.939500691888,3,0.31971794500346945,19,2185,0
280.7621310944881,3,0.10205330340123622,9,2581,0
289.7116607994918,5,0.4525232320295938,17,2287,0
1106.3607066996515,1,0.1764422593911573,23,935,0
1253.1512645830674,2,0.09382144600408086,19,416,0
3431.122316787466,8,0.7731156758806277,1,13,1
706.6070428994898,2,0.08356007320133788,1,1019,0
2752.174336680047,1,0.13714645362901062,6,200,0
463.21221046718745,6,0.16466115813117468,13,745,0
2052.1521558302834,2,0.15324166769224978,0,2335,0
1358.4786035241407,5,0.04912623797121612,11,2765,0
1999.4933163658186,2,0.03935299580803415,11,1218,0
3575.992546308276,3,0.3076351023831573,21,2316,0
695.5254860431886,4,0.17998621852550858,22,1243,0
566.1858992492566,4,0.16954971530009436,7,162,0
202.67551337128646,1,0.01123655495831651,21,2580,0
145.61962358889187,8,0.06519535585803736,8,70,0
919.6800537828117,2,0.2799084126906309,15,647,0
984.8379591189364,3,0.23689272828095587,9,2359,0
370.15316374741013,0,0.1861694440476828,0,1395,0
458.9311964998879,2,0.08751818313490936,21,3007,0
5031.401524055955,2,0.08798234838262392,1,191,0
2632.89631662502,3,0.10129492798442616,1,1975,0
310.56497081894094,4,0.04971781755372199,7,3549,0
704.6152779890858,6,0.031752262172583756,14,1023,0
1645.834273293929,3,0.05488789955923592,19,2183,0
586.1343184239607,2,0.34157207373349896,3,3295,0
488.4830069006503,4,0.5540766767343072,11,546,0
781.9213939266043,4,0.2024622351575839,22,1747,0
3263.843884160625,3,0.3187291231835089,15,3366,0
3573.85921147401,6,0.23095779397466462,5,2866,0
525.606683066108,6,0.2866903903411871,20,1534,0
1738.1056541612602,4,0.04841798178948159,22,2423,0
1089.6243111289518,3,0.23458624719948337,1,2736,0
400.1200021594352,2,0.07962855291298943,9,2298,0
814.7859875138155,3,0.19679767493656558,9,846,0
309.75009029000375,3,0.0842147288145092,23,2296,0
3508.8907369498584,1,0.1637624100846625,12,2355,0
5179.542664531157,1,0.058134456645509286,9,2659,0
727.3639115792909,5,0.1913801079728152,21,3424,0
573.0200385849427,4,0.17427404704764266,3,2879,0
3148.2261230152103,2,0.09432082278053516,15,834,0
3700.2251235349504,0,0.11981469539797103,16,1713,0
359.8144918092989,4,0.08153359337430593,23,85,0
945.728312058308,0,0.2611382550794507,0,993,0
1033.8671985293329,3,0.2306335573634615,9,2776,0
507.3614792381635,3,0.07732033755272952,23,1523,0
1613.210697307008,2,0.1186430523814439,7,2129,0
544.6016799173527,3,0.2138901421264256,1,2745,0
638.8944460890102,3,0.18848934822784424,3,2459,0
990.9432528372611,3,0.06215030342997592,8,1612,0
247.38299376827052,4,0.06052713922196277,8,1906,0
140.2668570462493,0,0.2825709415208165,21,2284,0
2747.0210985327903,6,0.26089035690997875,8,1830,0
523.0499210709154,3,0.29348862976247764,12,2468,0
9273.017175696603,3,0.25888609734691187,10,2862,0
7878.06760576311,3,0.15135148435212145,3,1044,0
660.8463607600412,4,0.5421894113638313,16,1571,0
11373.63225854543,3,0.24484183804281676,10,3089,0
2800.559588938355,4,0.33987686988026594,0,1987,0
575.1818185892827,4,0.2286718928651344,5,2378,0
82.9435503533321,4,0.2209776272653528,22,1192,0
2182.344720401584,7,0.2064379211216255,21,1959,0
1131.4959377045388,2,0.1419570518298556,3,2743,0
1688.1045083072522,0,0.24025577652562072,4,1017,0
872.3265375634397,2,0.04424753021387943,23,2008,0
349.37403065753267,1,0.19335635179820726,20,3524,0
715.4940875490789,4,0.15146975726029654,7,2811,0
2223.0541795736435,2,0.24177857089921995,22,60,0
769.4104964630607,1,0.11198160326232173,4,204,0
764.7753592447231,1,0.17887718383176376,0,617,0
239.99375734527737,1,0.24256151322570532,17,1089,0
1201.349133034641,0,0.5288201133073963,20,1731,0
360.70774452963326,2,0.2818184268041448,5,2808,0
2747.718471807978,5,0.3522772952865295,14,686,0
526.3145826119501,6,0.45084819652064595,14,834,0
815.9033542284901,3,0.1757092168421202,22,1730,0
9547.012580532588,6,0.09925391491510774,19,641,0
807.0824061939134,4,0.2129904004111407,12,2112,0
705.8658348895065,0,0.12322611286714547,17,3356,0
4212.101706632584,6,0.6195342291415087,2,72,1
183.9636525809397,4,0.10942767589079137,20,2639,0
3830.724856266278,5,0.048741918187243966,2,1391,0
2962.948135752374,2,0.32753447650390277,6,1690,0
1852.7971420508845,3,0.14968795079935246,1,1903,0
37.446097784504964,5,0.1808657371346206,14,2243,0
846.0583268731881,1,0.09354022910215384,2,2228,0
307.0878226662953,5,0.10633389584370821,9,3138,0
3374.852112943752,2,0.12420997881918903,17,2304,0
3141.8311799753997,3,0.19184872245278187,8,998,0
1616.4859246547144,2,0.26212003685554786,12,247,0
329.273529782135,5,0.028893546207540265,19,764,0
4886.806054724644,2,0.08125127487408572,6,1038,0
843.6509654197584,2,0.21160893994869917,10,2133,0
6669.972839754579,2,0.43477651712943666,21,1217,0
1429.939002661407,2,0.05151508239642513,4,904,0
1820.3935972533432,2,0.36861598081113905,6,3153,0
2664.917307818606,1,0.22444125254303482,23,963,1
4478.106490896483,9,0.18781266371701522,4,663,0
2015.119714530423,4,0.04961025064074601,8,3196,0
14317.687410939403,11,0.8630281373644405,22,779,1
1309.6840429896495,5,0.3984494377665983,21,320,0
1046.243428462152,2,0.1524295663776946,14,1306,0
1988.488662104567,4,0.2081233954694587,10,1923,0
4640.3288200115985,1,0.05615835787339044,18,2501,0
3031.2619812011085,3,0.11558405027086009,11,1371,0
1259.189837656243,3,0.4776222014199843,7,2338,0
171.19127392974684,0,0.3236698612746341,21,2236,0
2466.0822563974352,1,0.24158659301267976,12,2469,0
260.159577549039,6,0.04320536825342936,19,602,0
1135.7014494434302,2,0.1718080963322008,9,3379,0
976.753007119233,3,0.024975170803902793,4,2134,0
265.6637780388338,5,0.014205770965457006,19,1441,0
1591.6127508696736,4,0.07639939396654434,7,2696,0
9455.177369093313,6,0.06859568361245116,21,1773,0
802.2292932561925,2,0.1732598107134016,9,1450,0
2358.7324644816913,2,0.05952031038633397,8,1086,0
11564.436382779835,3,0.12256466953290586,16,818,0
2598.3014420666827,0,0.27031641573193294,22,1038,0
575.4525025959279,1,0.21351581601903388,14,2252,0
1389.938521656839,5,0.47054797316016295,6,518,0
1773.6239877602889,2,0.12471996441709095,13,3488,0
4600.007133670697,3,0.25216721575485707,4,2514,0
3692.4679722525925,3,0.17172165333403663,16,3648,0
68.7252300548569,6,0.1218353220353571,15,761,0
465.8182086425876,5,0.102460026349398,3,444,0
1022.4666562761855,1,0.24247929049135858,17,717,0
397.30845250507974,5,0.3771743618822393,14,52,0
27.11015662573348,4,0.18507228269137513,18,1010,0
530.7979881610186,2,0.09104077258886067,10,2135,0
1092.6807860618019,6,0.2521822680063441,12,480,0
648.5345746823315,3,0.309731385008337,23,1080,0
404.663859087874,2,0.2522477991607667,4,738,0
1143.0605360146,1,0.05090311110504952,15,2869,0
1545.4774570067866,4,0.1899179435483217,23,3358,0
686.3604218487279,4,0.05632578636117342,6,3098,0
4323.168331412718,1,0.1044227419543241,0,2403,0
1580.4333937815293,3,0.2103100849179716,22,689,1
458.7412521779773,0,0.1998965939676789,5,3410,0
356.18942343726496,4,0.0691308778848605,1,3529,0
886.2775795498152,2,0.12480805697199462,18,2338,0
3338.9800114495292,1,0.1751715984148098,13,1154,0
481.2136214039402,3,0.03506966165821108,12,2711,0
5429.94518878021,8,0.6886252758091552,17,693,1
1205.388149729106,1,0.17837973667295842,20,610,0
8048.435224792931,2,0.29916673608362404,14,1321,0
1620.1134613764186,3,0.12310270278992345,6,1814,0
545.5387074899381,5,0.32110201306716246,20,2884,0
2290.142974238611,5,0.3191668846684663,3,2554,0
2368.5233737337626,3,0.3638966464156272,9,3316,0
737.2956666857701,3,0.18858778916055732,0,1602,0
342.40844074422034,0,0.5776615284344914,20,2928,0
1874.3837003502972,5,0.08186881534829735,7,2233,0
1168.5455990152393,4,0.1309426821198523,8,3211,0
240.675585466336,1,0.23343060919747663,4,307,0
1414.4853009445728,5,0.4697369063705549,18,1204,0
579.9878192221389,2,0.31774915648731855,19,2699,0
240.90386611869408,3,0.17677056684967135,13,3134,0
771.1505779324729,5,0.2244687694183571,21,321,0
3955.7232537131085,5,0.1789740493257615,0,3042,0
3670.4204557577928,6,0.14354129027946666,10,1812,0
2826.380232121348,3,0.030446213318921923,15,2561,0
1435.448883517378,3,0.017193050719506508,5,917,0
1989.8155069694656,4,0.3572034836519048,13,3261,0
1210.325464657271,3,0.4300230556527112,23,2235,0
363.1983754312417,2,0.057591931529944906,6,1177,0
443.4114416258572,3,0.05580153436228531,13,1394,0
597.5387136595139,3,0.149815229143636,15,1625,0
4453.114761142797,4,0.10651305573907388,9,2022,0
3218.5644981882506,1,0.36274270090730915,17,892,0
372.45731351895796,3,0.46283412867414125,13,39,0
1156.774856081999,7,0.2216174744617257,4,2038,0
733.1811872691152,3,0.15442902048737672,14,1478,0
939.0788619315246,1,0.14862100356968294,17,200,0
641.5949470961895,1,0.4643178186312536,14,3001,0
4472.449941481311,2,0.16757108007602053,21,105,0
1076.0943934475365,6,0.22499198774851703,12,3092,0
1361.247454946902,3,0.3329495783649827,21,313,0
1372.3202592192117,0,0.5068571699115142,7,3371,0
392.3796339277968,3,0.15042792330702318,1,841,0
1222.3783385650459,1,0.0684937413277313,9,2475,0
3172.6320491721744,4,0.07633389290021647,23,594,0
4782.36745086218,2,0.1371832067615126,19,644,0
519.5472899503849,7,0.5687820138190434,6,867,1
240.18243072486428,6,0.03600041006228745,19,3441,0
1166.9334219292773,2,0.060714693034695906,17,3222,0
3324.8757226174816,2,0.17479148274235493,2,2079,0
1571.202383014901,1,0.303577395380539,10,2046,0
7596.668673245283,12,0.40437997763732847,2,163,1
281.3926371001991,6,0.09329770364579092,21,1169,0
618.9425861079183,7,0.2209522272662461,18,2118,0
121.98373232048463,6,0.11762055791859954,8,940,0
950.9979916885478,4,0.06406165196414303,14,3522,0
125.93684601024103,4,0.18273167840575477,22,1685,0
4157.468780507605,3,0.04538216958099358,0,3072,0
5191.725919088342,7,0.29236482627505317,12,3371,0
1262.2403694766178,1,0.22823678681406007,20,1087,0
241.6346542698634,4,0.18660967961231015,12,2402,0
1596.729340538235,5,0.059719207327021254,0,1349,0
21986.1642636064,14,0.14517252538251305,14,312,1
1764.6991466578863,2,0.05541199838630593,11,340,0
3586.6861977096505,5,0.18332704427779165,8,2322,0
675.0823532894365,5,0.3781785164593653,1,1404,0
458.8805571703304,5,0.17527852720214634,20,816,0
2768.654809624637,6,0.587534419407296,17,472,1
159.69961509764096,2,0.07428817974344804,3,713,0
36799.26276513812,3,0.5483556882303262,19,144,1
1260.987025026891,2,0.2657602779321425,14,2464,0
2609.1321993709907,2,0.2128849819970876,2,3171,0
691.2430313829866,1,0.2996708592184667,12,2060,0
234.37294534112422,5,0.18180556083185323,16,3138,0
4563.361630954492,3,0.14157681473700676,11,1247,0
633.9946819344293,10,0.49219877702580084,1,501,1
1554.3904645717926,2,0.17398827672918452,14,984,0
1708.0109943817458,5,0.132508956549916,18,1328,0
1180.804545891174,6,0.08995753885654036,9,3253,0
500.4039958225663,3,0.41611715286402073,4,3628,0
944.2280949582849,3,0.0778868153655005,9,2208,0
424.0914746057186,3,0.07289616229460982,22,973,0
2463.1041734047403,2,0.04127064727484458,21,3577,0
1942.142312346529,2,0.2839194962697378,11,3341,0
1073.4119224910846,1,0.1177957603589946,14,1827,0
1779.1417950269047,7,0.7045173766456337,14,151,1
9021.067009367905,3,0.2513737284832847,17,1919,0
298.2511789454015,2,0.24140057219225663,8,519,0
234.0153948472517,7,0.16273399778358769,7,2422,0
1010.291335642008,1,0.16330610247962682,1,1252,0
847.2134529158249,6,0.15565690635098636,19,2755,0
3286.5131691986803,3,0.1482540532894492,0,1847,0
2092.503458032873,3,0.13920113587528637,22,3447,0
1129.4946361007985,2,0.23351698683766586,11,417,0
1808.6532432784786,0,0.11070062548974632,5,27,0
1776.0831626098525,2,0.20612949893138932,23,1781,0
8987.200884374517,4,0.31023557655357487,4,758,0
1412.8488281240607,3,0.422816346850734,11,1108,0
554.9748888017099,2,0.16653459303206614,3,1386,0
1337.4245952907797,1,0.17635069538182435,7,2622,0
79.94353609992606,3,0.15588661949782023,13,2207,0
1061.4089032577945,5,0.3472967914001039,1,1773,0
3271.429980168075,3,0.106610916098794,5,59,0
2002.5649620093095,1,0.07881692160901453,4,3323,0
1478.1639815753315,4,0.4006018377676886,8,3157,0
2099.0479327862467,1,0.21884807910106802,0,951,0
3305.2141464538045,5,0.23312192449714508,20,2450,0
4560.709156978507,3,0.1433615367616131,4,1529,0
1715.4932031869466,4,0.14291543633058376,2,2392,0
799.4216793905053,4,0.13292805962164642,11,1147,0
108.4704742739738,1,0.08736303083539644,7,2735,0
2916.598815068095,3,0.11079449125091224,7,2079,0
1835.7392008141744,5,0.1445156223006946,17,1252,0
1277.4989338474152,3,0.20639255068044088,6,289,0
551.1177588865522,2,0.12156098724329842,2,2624,0
2878.8667420291044,0,0.3719861690918954,4,3219,0
847.9007375562352,4,0.03697465158424632,0,885,0
1059.5270295095559,4,0.2782729546483546,23,419,0
1036.9214010773464,6,0.1449677613756071,13,854,0
3313.9848231321157,12,0.7633908761962669,12,292,1
347.70971833553335,0,0.18926459852096184,6,3150,0
1924.7509503439833,1,0.0784156251379754,9,3580,0
533.3146795967339,3,0.05576992157323372,6,730,0
552.3579482535836,2,0.1346105998878433,9,3614,0
2657.762938992453,3,0.026592543270473678,17,3103,0
405.43944932027404,2,0.2120120522224191,0,2927,0
2652.9895123740707,1,0.23182823712046177,19,1791,0
2026.864687556059,6,0.5930294359172106,16,982,1
290.1289959497526,10,0.4264333730945049,22,555,1
4291.86157620149,7,0.2088861459095767,10,3634,0
1495.5566045400778,3,0.1973562770497559,7,536,0
1626.4026080576632,4,0.3102318200529685,0,1664,0
3002.625376901079,3,0.2650298081233784,0,1084,0
4910.9404717825955,3,0.1891414572403591,18,3078,0
1340.8069272454195,6,0.1944615288988488,4,2304,0
2033.0396619149562,4,0.2314124278600078,12,326,0
1589.5177234475218,4,0.016451041959274673,11,1940,0
778.3157524322656,7,0.1280940501985788,2,263,0
225.10426550357104,2,0.1984181018681104,5,3616,0
1359.5676980310716,2,0.2200171877413283,5,2065,0
4354.381378555187,4,0.21147264098104404,14,3609,0
1965.16789491398,3,0.29086191651352,18,2291,0
377.12504206615904,3,0.2914672486439344,17,1109,0
3286.31286525197,3,0.199510721010543,4,1142,0
804.7487751430585,1,0.15378890050046068,23,1387,0
135.36490440459582,5,0.2701402608483414,12,1398,0
3034.809139977375,6,0.34028225095840636,12,58,0
426.0766995294694,2,0.04609361295710922,20,2299,0
6507.615419665152,4,0.06389780032643168,10,1989,0
3455.6760866278505,1,0.08277994510615559,19,2399,0
873.2315245394708,2,0.06888030822989381,3,554,0
1736.0363705083043,2,0.12865598938039502,4,2420,0
12381.003061009635,2,0.29933256317472734,21,1466,0
2980.978966611926,2,0.15600645755683495,23,476,0
1391.5868932865892,5,0.10934405641685223,4,1046,0
19715.373561279986,3,0.27115985215696387,12,33,0
1233.4630880488578,2,0.0854725724815519,0,2186,0
1962.186749601578,5,0.02380974972428227,7,1804,0
430.00068896939894,5,0.08372110856176133,5,880,0
205.46611594015235,0,0.17399473628251722,18,318,0
822.3759972499349,3,0.4321063644922812,18,1592,0
1139.5720593388644,3,0.48651080248857337,16,2036,0
1524.2588705845428,3,0.19728738639068413,17,1771,0
265.13230173342833,1,0.3000241074594161,7,880,0
2123.1886590424265,2,0.2617187710960548,1,1679,0
478.0017893795559,4,0.339677741700905,15,277,0
2015.7252988067246,3,0.028360047674587045,1,1654,0
2793.15338710917,3,0.24739652002548698,4,1857,0
738.4038594487314,4,0.11507843017159468,20,1291,0
418.2925498439472,3,0.06821252110579973,17,874,0
5134.045980066246,6,0.17683073987231773,16,1204,0
2625.1992956579575,1,0.10317826755055302,4,2712,0
1276.6265038002116,3,0.14177791992590205,12,1106,0
4762.022555899983,1,0.25555937901443565,14,991,0
1191.8496700897383,1,0.10493587623432028,7,2196,0
589.6285661812539,2,0.2756447888487857,22,3476,0
402.74271575625386,4,0.6052502040827503,5,1644,0
984.5659307929404,6,0.45854357702862014,16,2651,0
2372.5496984583706,3,0.19558486974608105,0,2075,0
4401.757689869531,3,0.1821592480245926,5,953,0
1122.7207011730975,3,0.3107962275930177,20,3019,0
3689.0524960940947,2,0.2885970579989754,18,1501,0
885.1264963281177,3,0.10068587806250297,17,1310,0
501.9005444028222,3,0.07285165530269942,6,2120,0
296.98652464259123,5,0.09727570691816925,3,224,0
661.0040967627571,4,0.24642939734822072,11,2259,0
308.3830171452048,3,0.15153571910613614,14,2669,0
8180.5251858927795,3,0.23734704084327568,16,2695,0
1701.5526322388232,2,0.20248706900836486,2,1303,0
996.6355443612646,3,0.02109410957782317,17,2732,0
6136.450517353615,5,0.3891549274017926,5,1542,0
298.19052594820334,1,0.14024691195181394,11,1086,0
956.094888715354,2,0.33313168987257613,21,161,0
8100.441068683084,3,0.21690967745576925,13,2137,0
949.5227531629474,2,0.3157230913121833,17,128,0
50298.346074099856,10,0.6116601810794613,20,382,1
2405.720782836916,1,0.2273074825350571,4,785,0
4047.7882856842666,3,0.11349588575131668,22,730,0
4166.763287922712,4,0.4225647106526172,8,1179,0
1098.3918782344606,6,0.4548931710457294,10,1129,0
673.0289434986393,4,0.23348180971009586,19,2592,0
977.0713510363203,3,0.06153749958231638,12,2121,0
408.7351930848153,5,0.1537152711153771,12,326,0
1026.6302509024276,0,0.13911918226606187,22,1703,0
1091.8119677301715,7,0.14723145504685653,3,1359,0
5938.637419102941,3,0.1899734468192801,5,1889,0
1984.8045220740048,3,0.15272266345765267,8,2228,0
11644.829698575177,2,0.06814773972616991,6,3533,0
126.52702255066946,1,0.3495074791403048,22,3107,0
324.71773587802016,7,0.011125140527930085,2,1740,0
768.6645606564322,3,0.07886719048635478,4,1300,0
4878.018952229439,3,0.2358982624732586,3,2276,0
982.8168640783168,2,0.4261486407351174,9,797,0
252.69245700610725,5,0.4596201729860169,3,909,0
858.2329480406335,7,0.12909912134311802,6,3642,0
331.0938077236885,7,0.16683242627175193,7,1731,0
272.15567356201973,1,0.3212954811615643,19,2698,0
8093.591200337087,4,0.3047916174998546,16,2501,0
1180.6460509777437,5,0.2822836504052968,18,779,1
1303.9493018775238,2,0.21062646251517733,21,690,0
999.2886269956135,1,0.22811481062458894,13,2015,0
852.7823659668392,2,0.06260338313647015,8,3381,0
473.11522700414713,2,0.19754345112987617,1,2981,0
803.8119878124837,3,0.23621090835822117,19,2975,0
1536.4586640252528,1,0.19330194900227096,16,1231,0
4530.716220561985,4,0.10862065037928574,11,2620,0
2828.312821072541,6,0.161138004548626,13,1004,0
324.06143193099444,4,0.12844448813765474,21,875,0
2946.9688665797426,2,0.44170206222835845,12,86,0
1764.1742476360653,0,0.09946164519184213,13,1157,0
587.1492223646192,3,0.3216606662551413,8,1029,0
1315.6644421285998,0,0.057651616926933956,21,199,0
1943.5805273987855,3,0.17592138755086437,4,3099,0
1149.4662093574386,6,0.15883176904275495,18,986,0
1772.6720751196788,6,0.1935620576504641,0,3274,0
462.68615953743836,0,0.08472306303564156,1,2222,0
8045.209050593189,3,0.17534923976376965,12,1084,0
159.28822085456454,1,0.23056891939431845,9,2166,0
1954.424827652581,4,0.3253904911764992,0,3564,0
1582.5036539840444,2,0.06907371096129615,8,2740,0
2085.874338745707,3,0.24230531073294878,16,3627,0
540.0326757370204,2,0.1940654690431289,15,2575,0
3530.507927311177,2,0.13422394605307295,2,1136,0
984.387202691016,1,0.2416763828372871,8,116,0
334.88428723902115,3,0.07322761636500812,21,85,0
366.93679470997665,2,0.03907305954309098,21,224,0
1242.2817254268007,2,0.3828719490270112,6,2680,0
222.17791426947434,0,0.4385687467183166,8,3091,0
6637.60167328837,3,0.20465848936143924,2,258,0
3130.416308319676,1,0.39994886341273356,7,984,0
6814.747691019961,3,0.11634841690815723,14,186,0
6132.902998067848,6,0.12787398309381529,15,3315,0
771.3124429113116,4,0.22332729132218423,16,2309,0
1550.5492536284169,8,0.24580471021223554,0,430,1
236.84408093828583,11,0.33964954557694155,2,478,1
730.5267688712978,2,0.26667437403027,12,3259,0
6410.245545658025,6,0.1179216879547269,5,160,0
479.21499713485713,3,0.11806036784055603,0,1885,0
2843.173172573011,11,0.5589370716594815,6,6,1
629.8172833663174,3,0.08149354030295505,16,2291,0
1595.5840976538502,1,0.21241533422198525,15,2722,0
3968.2667212961273,3,0.32362511895077556,22,671,0
235.28307942119898,7,0.04154876500500073,7,837,0
284.9244388771239,4,0.21375398508930368,17,3645,0
4849.447399896218,1,0.12505769585224447,4,661,0
2282.5918998255033,4,0.3799005380060912,8,1375,0
846.0846711091704,1,0.43888803045564084,23,3573,0
6045.580341070188,2,0.25041802976194255,12,2429,0
280.0508275361616,3,0.2864320052231089,8,680,0
6466.541493101455,11,0.5600905900259837,1,408,1
1024.2970906781954,8,0.09033857131889839,1,1129,0
2011.314638000449,4,0.14030476574552753,4,3034,0
100.77072510144882,4,0.26390230137382276,14,832,0
844.966211448023,4,0.3952183496817509,5,2976,0
2291.1215031602146,5,0.2081477992275569,6,1023,0
1029.3365851348563,6,0.28415871736046067,20,207,0
3847.9575222211547,4,0.1618399800755482,6,1734,0
3721.2131404972442,7,0.16075735511424732,16,524,0
420.49659201538384,4,0.24164947290815422,12,1041,0
2499.8666047524566,4,0.040817849881114615,14,2931,0
406.39977506070534,2,0.3428045355152275,1,791,0
1157.4972858906626,2,0.2964334132436874,0,1529,0
2113.5583953338974,2,0.36882767547943285,10,3195,0
475.66654296038166,5,0.11664089288104681,9,1264,0
2408.901673732081,3,0.30168558614725327,17,1447,0
661.5888257620741,5,0.11237095267437036,2,1015,0
613.5749794573744,10,0.2567498577950115,15,1483,0
2223.084630277287,2,0.055936928232080935,1,2253,0
475.33844034706874,4,0.08642281573935352,19,1154,0
1066.2763340196964,8,0.3727264774977437,1,931,1
3106.202009383323,5,0.5042406173405587,1,98,0
1222.3825607702963,1,0.4872040506641559,23,1431,0
256.18004670000823,4,0.15377918738026697,10,1502,0
2580.249499282328,0,0.26738902249854857,10,681,0
730.2586363444452,1,0.1398911994137262,17,2199,0
269.6127473668976,2,0.3764169803045369,6,3038,0
89.36105749941505,5,0.32436893877258915,9,622,0
2706.507390907778,2,0.49676606550977814,10,1412,0
464.09159413045217,5,0.09985048771514184,5,3606,0
316.1305397317947,3,0.13545572425811436,12,1604,0
2078.5022275157166,2,0.08426203085633456,0,3583,0
2454.7779702177454,2,0.20123592031595278,20,2050,0
499.1451830375316,2,0.22960451229749804,0,2822,0
2731.5941612632614,1,0.1807133487979334,4,1448,0
8560.32059492945,2,0.1642379147935987,4,2292,0
4216.089298987282,0,0.18089437949330528,12,1104,0
3608.534795795239,4,0.1040979261366137,21,629,0
1501.3637221005267,5,0.1502183308502951,14,2419,0
1553.429476936408,2,0.7977431878279359,13,732,1
1037.0277285827576,6,0.26143412207363403,16,1226,0
1704.0134553031698,2,0.11778209320134153,7,1780,0
311.8393156946419,2,0.3161507031490748,20,3207,0
508.06942030890445,3,0.5331875558952504,16,728,0
263.02520314035235,7,0.1759417048840501,21,3374,0
1387.3997937494253,4,0.028152001859704755,12,2796,0
1191.6020275763433,7,0.1929900691269936,18,2921,0
570.9441160387095,1,0.23299169126075983,16,819,0
2491.1486925205354,5,0.013719112751465314,1,2838,0
385.8310711140216,0,0.06418879762322174,6,403,0
803.4323549153622,5,0.6156450544929197,16,954,1
2393.5346487481297,2,0.013050874366000515,15,3269,0
2776.1373001897564,3,0.3418800255690477,4,3249,0
494.85945714321076,1,0.059157371056723994,22,3141,0
1383.0446343877813,3,0.022261763505128828,19,2192,0
503.3031936694071,1,0.3348765051908409,17,2485,0
900.2391645605217,6,0.1389747690920309,19,2520,0
1266.2782865538434,1,0.1360970430870709,5,527,0
1920.5486872702006,5,0.15796927155049253,8,1608,0
1506.5220778029027,0,0.09358795392313514,19,106,0
1441.1005053879883,3,0.38427190692457747,6,940,0
372.97137083069896,2,0.2730893870308022,4,505,0
1616.9171789451188,4,0.1905410413827132,20,3087,0
1902.768768911419,2,0.15983098484464095,7,2494,0
2184.046286488061,1,0.1313472890282406,19,1315,0
534.0448480409802,5,0.037943004798193083,5,443,0
2739.6504454311357,3,0.07936636120836917,22,3457,0
293.7605965657844,2,0.1509703828992597,22,1712,0
924.3912244184775,8,0.29694221789254904,10,791,1
832.5397077430943,3,0.18572794857520925,6,1040,0
310.3159392923119,2,0.11226961887241976,18,2011,0
819.9874116508824,3,0.05889070441042197,15,209,0
1368.5142131287841,3,0.09990845807384506,20,2172,0
176.66014783792602,3,0.15824342725533655,15,2678,0
739.010120881928,2,0.13199726233773806,8,2896,0
190.87124060079265,3,0.2206259537968125,0,3340,0
8446.76480998533,4,0.21301619364444055,3,623,0
1356.2668171230844,5,0.17286547347627637,8,1306,0
1243.6791024975307,5,0.36234371345428107,8,1936,0
1383.0872423838273,3,0.1569430146000506,7,2366,0
2007.249449082289,3,0.3407999767727404,20,590,0
2916.5446334100234,4,0.037905688083712134,12,224,0
229.62466191189097,6,0.4217953933658429,10,1727,0
4065.034859332764,4,0.06937704731193091,3,627,0
3811.6799169139317,3,0.16243190919863512,13,1772,0
1026.236380086065,1,0.03409719598543588,2,64,0
973.8636550707155,3,0.035024920337657195,10,1742,0
49.266247090361475,3,0.25844959286215274,3,3233,0
316.0842644838104,7,0.40876028766256073,20,1818,0
1842.445927471343,1,0.2770051489294779,7,354,0
3643.199165708812,2,0.043344376969346995,10,541,0
2272.957036760691,2,0.549240346184151,4,2569,0
1016.6670258432326,2,0.06738009582223403,10,92,0
7524.146795781963,7,0.15194116323898238,3,281,0
2996.426096640417,8,0.2201292681983524,19,206,0
739.6473963750806,3,0.032618990497758515,13,2879,0
9721.65015378614,1,0.11526679085514131,5,628,0
366.43925544832024,3,0.12323498285888469,5,3617,0
251.68033728982638,1,0.15611296505765945,23,3532,0
719.7432943967209,3,0.3669098273801969,1,2590,0
513.5563816007319,4,0.21676966865506073,13,2701,0
761.3311280624364,3,0.4209906112814143,18,379,0
2435.946573189647,3,0.16404883859149877,17,1637,0
1059.9960157740488,4,0.13151588447104712,1,1645,0
1087.5722878938366,1,0.20732140706102964,23,801,0
1163.0659017388489,2,0.49153181178772193,20,1253,0
108.60033660897774,1,0.02187464411693138,14,1002,0
240.98615701808194,2,0.2018980372356517,6,1830,0
745.9724987445749,3,0.26623915114618585,22,180,0
472.0435265743145,3,0.30531532962333324,23,261,0
869.755826319802,3,0.11490955583472401,5,2736,0
4465.463876413083,2,0.023617866924019293,10,3353,0
1017.9545020120313,4,0.05172905297024999,21,2029,0
292.3149398815002,1,0.14930728866889764,14,885,0
496.1608719440085,3,0.1900970353806282,12,1354,0
6066.735369601578,6,0.1294271857377615,7,2562,0
5077.092181446343,4,0.22827576846661088,5,3075,0
1989.975160836407,2,0.2950386679240115,1,1739,0
229.8706890520681,2,0.12301668692283456,14,2357,0
1490.407624632818,3,0.26783420555781384,19,3161,0
1609.5293710868416,4,0.22472965183934518,20,1728,0
1125.0021304727022,4,0.12611900162709402,7,2622,0
620.1670916497094,3,0.07752064907599854,14,63,0
763.0846403516164,4,0.20659350548922087,13,3621,0
578.4112337755978,3,0.43472066561056893,7,1950,0
348.9490913974315,5,0.1404844967458139,18,3089,0
4298.355709745118,0,0.19218392634013381,9,1698,0
2649.9970215326566,1,0.4471448632640454,2,975,0
824.741956506495,2,0.1763922995451353,14,2310,0
1559.5900985354783,2,0.38431937872112,3,14,0
1619.2217157183493,4,0.05939191790855003,0,622,0
11417.283218178572,2,0.11187646532276378,8,1604,0
6226.097726497952,7,0.41787736429842576,14,997,1
2526.9532795878545,0,0.09836394077146537,11,1220,0
1139.0854847273895,2,0.1698252300356495,12,1696,0
710.2208951589877,4,0.19168059096600248,22,240,0
4370.838965702821,5,0.15371017534706613,6,3465,0
2105.423929583849,2,0.07829707495140902,8,2255,0
478.4051874672359,2,0.08790362529488976,18,170,0
1726.5259624558585,3,0.17035104661081218,19,3613,0
2533.5736334595504,2,0.3394650081600689,18,1525,0
134.85080830969332,1,0.2554211751568481,6,1327,0
435.9873405166968,4,0.1516804892172384,3,2889,0
1576.1884309241645,1,0.27133974598284766,12,562,0
160.0583916023302,3,0.31445565270637255,1,3499,0
187.51687364125235,2,0.31693915607948886,8,1743,0
836.7608104734255,0,0.27526285931648703,11,2789,0
1792.8185315670023,4,0.08632860043154475,21,2235,0
1877.663956584468,2,0.037868978850058216,19,3487,0
5336.896337026824,5,0.14580505715011033,10,3434,0
1190.6609926310778,4,0.05118216318540781,10,3156,0
755.47534452888,4,0.3263451113553056,13,343,0
296.67593461481067,2,0.057071647384971426,8,3594,0
746.4826564636869,2,0.09103550367184683,20,294,0
2225.0380776327793,0,0.13277083221241662,0,792,0
2327.900816825001,5,0.3114415651304896,21,2988,0
1428.84114518344,3,0.1340080386352252,7,2678,0
4840.9353399031725,3,0.7240503310015441,15,37,1
3929.956197294459,2,0.5954553735223048,11,3604,0
1182.3648748774624,5,0.03160941378395263,9,2417,0
4304.080640106106,4,0.35493266391567974,6,1447,0
530.2524217929513,2,0.11253602129435708,22,2950,0
1019.1344376267447,4,0.08885800204620127,21,469,0
678.0132090597174,1,0.03299130899704522,21,112,0
2422.8628885447165,6,0.022740525769140086,19,3415,0
397.6274666104172,7,0.12482195551006792,8,3364,0
794.9144704256836,5,0.09179901584972679,4,901,0
170.7710053734574,1,0.05640861846674921,13,2413,0
1986.9897531032752,4,0.2175014965120493,18,287,0
3815.3598935808936,3,0.23090142393415314,6,3352,0
2726.319885000038,5,0.06628333935028553,15,1743,0
2471.616362745509,1,0.10277366832983824,8,1736,0
2538.682173339007,5,0.4622777050603792,15,1456,0
2207.671962025632,0,0.291796353193882,14,3041,0
2027.1692130241388,3,0.2198774744422208,3,3160,0
2162.2690980320663,1,0.24791418082952676,10,3316,0
569.2489555117942,2,0.41504776508630514,22,3154,0
897.6736257078536,1,0.12523079396255274,6,531,0
1176.434179655857,7,0.13300124490965026,18,3373,0
783.910504413324,1,0.07846219921322492,12,10,0
228.99275464872147,3,0.16632222183097486,19,3079,0
318.93617777776535,5,0.13774583321261755,6,1240,0
1380.189537898642,3,0.37408689036322795,2,2580,0
2712.9066637244596,5,0.38497970927421094,16,998,0
1106.925807417687,3,0.1177098965029702,3,1897,0
17410.380048639065,5,0.06378978416641116,18,112,0
437.1330320101394,4,0.11046356376558218,4,1748,0
1711.1862835848592,3,0.33661227033842656,11,3540,0
3988.6280779694666,1,0.387012363530277,8,3547,0
3183.310974821055,2,0.04455244853084787,9,2631,0
2111.316280889464,4,0.20665741481477495,11,1098,0
3197.9139124321023,2,0.10596227931567241,16,684,0
1159.094467354198,3,0.10413578936157268,4,678,0
5784.179196775431,4,0.1168794795380339,9,3580,0
3956.674213693687,3,0.1435788719445624,1,400,0
467.6744336713994,3,0.06521361083640764,23,799,0
1512.5737327378401,6,0.032531576502167696,21,1126,0
233.38824875070608,3,0.04902284696123093,19,3012,0
5023.031793107112,2,0.19859041033451733,23,551,0
1372.2835294196025,5,0.16614202101683298,12,1085,0
4224.992835571067,1,0.19845821106949502,3,3309,0
983.0328082560451,5,0.2362328736095197,11,1653,0
171.35415578722092,2,0.2343424469890585,12,258,0
15326.94303073638,4,0.3504022005486952,12,1553,0
1250.2371686103504,4,0.19742117935368889,4,283,0
403.3446375842037,3,0.06430685989642167,12,1691,0
3448.73331795168,2,0.2403572378708422,13,1739,0
8398.910560521912,2,0.010339908200223104,2,1951,0
895.6608498640188,2,0.20743134451429435,7,953,0
993.0267371112104,1,0.5061855003654633,9,94,0
1391.3728974923063,1,0.07839499517961009,22,1335,0
361.05466318969724,2,0.25611941928291826,6,3498,0
549.6779440334376,3,0.033621105781294416,18,929,0
6515.412899945174,2,0.19766146247521815,9,2047,0
960.826221872204,2,0.1535381978414144,8,3342,0
474.5860839700699,1,0.03628856936123312,7,1781,0
697.8178463822999,3,0.16307642872938705,9,643,0
3206.1422025926126,2,0.35024561875677596,21,735,0
152.03383805831038,3,0.24018849689956923,21,1028,0
1414.6676375358782,4,0.6081092595844124,3,997,0
12864.39562069881,1,0.4573960486384381,11,2711,0
8358.737076720825,1,0.32101330947985807,20,3520,0
1945.3608791450902,8,0.30481504982396496,4,3515,0
4090.5822979664517,4,0.17185828640190662,12,253,0
4051.43445899123,5,0.08427032924803865,9,3245,0
966.9511687556793,3,0.05509287575969927,17,2823,0
2764.9941642189237,2,0.07429772741919047,22,427,0
6558.931704726224,2,0.08460561360842929,20,3563,0
309.89630975823485,4,0.32125358232173523,18,1050,0
1952.0802493622416,2,0.3061585672887284,7,2104,0
1574.1574379543044,1,0.12633274958719348,3,42,0
1215.808400793152,4,0.143794057396224,3,2257,0
1112.7985144754718,2,0.021396668599379085,17,1234,0
1382.5293634144962,7,0.36617035379477,21,2038,0
1503.5318676530476,1,0.19333789788175706,12,2323,0
3356.3699364143295,3,0.2302308390332749,5,1662,0
1766.0746717023683,3,0.32130456398972596,22,2283,0
917.932084009904,4,0.31083357156421804,5,1437,0
473.46526052395893,2,0.2926380488003834,2,1423,0
683.7261569843668,6,0.05911509017653498,11,1245,0
1423.9160020092313,5,0.0826439564430593,12,3472,0
541.2759713141099,4,0.09363690068950174,3,24,0
2823.9081935389227,0,0.06357972691228436,21,550,0
2698.397912291519,13,0.3578550766908388,8,523,1
3441.034459239584,4,0.31518023574843557,5,2390,0
578.9295408328037,1,0.1778250887347784,12,2869,0
477.67583613557235,1,0.09854100890488941,3,1437,0
3415.4250377557073,3,0.053981794582077205,20,2863,0
1248.8194657796664,3,0.2863301816634095,7,605,0
895.5901362504334,1,0.20865552303432355,1,797,0
2205.391880455118,1,0.18746432224328463,14,2892,0
2124.8345906733603,2,0.05652112961053798,21,2441,0
312.38495683429016,5,0.18138992860530465,8,1051,0
4379.30415963344,4,0.10312901787025969,11,2930,0
727.484764519142,1,0.25445669197296417,16,3405,0
6003.020557249039,3,0.26402371449360146,19,1078,0
289.0071379037554,1,0.1230409103482501,2,854,0
1506.2808562108244,2,0.20502718629128405,20,3100,0
910.8505188063591,7,0.0783578575520339,21,162,0
152.1345495294869,3,0.4252350122713852,12,741,0
2117.958597508352,3,0.42951581269876665,13,2291,0
160.14232855029573,2,0.2619883376930707,21,1876,0
819.2040015951144,3,0.21476653222535508,6,176,0
3308.5836540452487,5,0.14037035896761765,3,664,0
645.4605046243153,5,0.055412635097454345,0,3240,0
444.19597424437177,1,0.3263538908663981,21,284,0
2441.472135466718,2,0.2981800607000267,5,1259,0
854.4704748989236,4,0.31909308217446936,20,74,0
731.3852255729332,2,0.2908595523124263,11,939,0
10648.786560819384,11,0.40442279687223165,13,424,1
341.2861465499167,4,0.35273366635033054,3,2888,0
692.5585232019083,4,0.26122460587089175,15,1818,0
2608.2819087997846,5,0.16331111796921788,19,2091,0
319.9141391039042,1,0.10742480219217329,17,2862,0
6472.690605701695,3,0.29586810358384336,18,133,0
882.8475317176662,2,0.1655125215103412,23,499,0
2629.4431728670756,3,0.06356098350810228,5,962,0
2623.9475938865976,4,0.19480791369117095,10,2708,0
941.7238474621977,5,0.3616825514219988,1,1000,0
679.2490761166923,5,0.0645450837787822,11,410,0
1050.5146207094097,4,0.2902875852972547,16,3432,0
3484.590214719162,10,0.49807281141999743,7,622,1
408.9427440065163,4,0.2759682012731649,19,508,0
329.2250012091158,2,0.20877785363585807,4,2133,0
4837.738903009394,2,0.12767658234694337,19,2768,0
525.9178014755514,4,0.04508756165923357,6,1214,0
1562.5648457484378,4,0.10501656087993487,6,1822,0
895.8704281705519,5,0.04847171519107628,16,1304,0
936.485827952008,1,0.26021517130553407,13,3565,0
4584.286339302941,1,0.19257819507632798,0,3414,0
2087.2311379382095,6,0.485461154267887,14,400,1
767.5271640868888,4,0.3232051578539753,16,1592,0
837.3853541193673,3,0.1269852865219465,13,1407,0
662.8452677170637,2,0.20087499327840033,22,1887,0
561.105703396163,2,0.024566030977853297,3,2701,0
665.5096493201326,3,0.17276631711790755,5,2629,0
5786.078848399013,5,0.06464807717364211,19,1727,0
2233.865623203074,2,0.20784248835469055,6,940,0
776.5052868583047,2,0.29089836963107146,7,1600,0
2926.772721206592,2,0.36353812641708666,21,3641,0
434.17564286035656,2,0.16455569695607905,6,966,1
4340.211470007951,4,0.35718370982911996,23,134,0
4004.426966848019,5,0.23580931907525848,15,740,0
28053.491297944092,12,0.3673469806559679,17,788,1
3015.591992811922,4,0.20144593645116635,9,2992,0
1698.0478452096706,4,0.23046378238995818,5,877,0
3988.379890192943,4,0.18968119915858594,13,3393,0
586.5104987564965,6,0.3313164271462722,12,2703,0
738.4722375939065,1,0.3106834626792744,21,1432,0
1028.3955842191042,3,0.09219006245802176,20,2464,0
4310.811855482398,4,0.0517989907618284,4,1723,0
465.9701830548851,2,0.46637755826878396,14,721,0
419.0282342221727,4,0.038106523970659036,2,234,0
1389.2760709754,4,0.1703702353658014,5,1812,0
2247.402754419766,4,0.23322302743416265,1,560,0
542.8968963302024,2,0.41366163018847574,0,1164,0
2143.9773392859347,3,0.3335058578346912,9,2409,0
4308.733731135748,2,0.11525755050113481,9,1419,0
